compile inner 耗时: 2344.373201 ms
[INFO] ICICLE backend loaded from $ICICLE_BACKEND_INSTALL_DIR=/usr/local/lib/backend
		[Memory] Before CopyToDevice G1:
		[Before] GPU memory: used=1326 MiB / total=12227 MiB (10.8%)
		[Before] CPU memory: allocated=1537 MiB, total_allocated=3076 MiB, sys=3095 MiB
		[Memory] G1 data size: 515 elements, 49440 bytes (0.05 MiB)
		[Memory] After CopyToDevice G1:
		[After G1] GPU memory: used=1328 MiB / total=12227 MiB (10.9%)
		[After G1] CPU memory: allocated=1537 MiB, total_allocated=3076 MiB, sys=3095 MiB
		[Memory] G1Lagrange data size: 512 elements, 49152 bytes (0.05 MiB)
		[Memory] After CopyToDevice G1Lagrange:
		[After G1Lagrange] GPU memory: used=1328 MiB / total=12227 MiB (10.9%)
		[After G1Lagrange] CPU memory: allocated=1537 MiB, total_allocated=3076 MiB, sys=3095 MiB
		[Memory] Before CopyToDevice tables:
		[Before Tables] GPU memory: used=1362 MiB / total=12227 MiB (11.1%)
		[Before Tables] CPU memory: allocated=1537 MiB, total_allocated=3076 MiB, sys=3095 MiB
		[Memory] cosetTable size: 512 elements, 16384 bytes (0.02 MiB)
		[Memory] After CopyToDevice cosetTable:
		[After cosetTable] GPU memory: used=1362 MiB / total=12227 MiB (11.1%)
		[After cosetTable] CPU memory: allocated=1537 MiB, total_allocated=3076 MiB, sys=3095 MiB
		[Memory] cosetTableRev size: 512 elements, 16384 bytes (0.02 MiB)
		[Memory] After CopyToDevice cosetTableRev:
		[After cosetTableRev] GPU memory: used=1362 MiB / total=12227 MiB (11.1%)
		[After cosetTableRev] CPU memory: allocated=1537 MiB, total_allocated=3076 MiB, sys=3095 MiB
		[Memory] BigTwiddlesN size: 512 elements, 16384 bytes (0.02 MiB)
		[Memory] After CopyToDevice BigTwiddlesN:
		[After BigTwiddlesN] GPU memory: used=1362 MiB / total=12227 MiB (11.1%)
		[After BigTwiddlesN] CPU memory: allocated=1537 MiB, total_allocated=3076 MiB, sys=3095 MiB
		[Memory] BigTwiddlesNRev size: 512 elements, 16384 bytes (0.02 MiB)
		[Memory] After CopyToDevice BigTwiddlesNRev:
		[After BigTwiddlesNRev] GPU memory: used=1362 MiB / total=12227 MiB (11.1%)
		[After BigTwiddlesNRev] CPU memory: allocated=1537 MiB, total_allocated=3076 MiB, sys=3095 MiB
		[Memory] After all CopyToDevice operations:
		[Final] GPU memory: used=1362 MiB / total=12227 MiB (11.1%)
		[Final] CPU memory: allocated=1537 MiB, total_allocated=3076 MiB, sys=3095 MiB
prove() -> icicle device setup 耗时: 665.988912ms
prove() -> initBlindingPolynomials 耗时: 0.021711ms
		commitOnGPUOrCPU() || GPU 开始
		commitOnGPUOrCPU() || GPU 开始 commitLagrange
		OnDeviceCommit() || 输入验证: nScalars=512
		OnDeviceCommit() || host 开始
		OnDeviceCommit() || host 拷贝到 device 开始 (len=512)
		OnDeviceCommit() || host 拷贝到 device 成功
		OnDeviceCommit() || MSM 配置成功 (AreScalarsMontgomeryForm=true, AreBasesMontgomeryForm=false)
		[ICICLE] active device: type=CUDA id=0
		[ICICLE] memory: used=1362 MiB / total=12227 MiB (11.1%)
		[SMI] raw="Field "cuda_version" is not a valid field to query."
		[SMI] util=2% mem=3297/12227 MiB
		OnDeviceCommit() || MSM 运行开始 (scalars=512, 期望 bases>=512)
		OnDeviceCommit() || 调用 icicle_msm.Msm() 前 [08:40:42.016440]
		OnDeviceCommit() || scalarsDev 已分配，G1Device 已就绪，outHost 已分配
		OnDeviceCommit() || 开始调用 icicle_msm.Msm()，规模=512
		OnDeviceCommit() || 检查：当前是否在 RunOnDevice 闭包内？
		OnDeviceCommit() || 当前活动设备: type=CUDA id=0
		OnDeviceCommit() || icicle_msm.Msm() 调用返回
		OnDeviceCommit() || MSM 返回时间戳: [08:40:42.031540]
		OnDeviceCommit() || MSM 返回成功状态
		OnDeviceCommit() || 调用 icicle_msm.Msm() 后，状态=EIcicleError.Success，耗时=15.111997 ms [08:40:42.031552]
		OnDeviceCommit() || MSM 运行成功
		OnDeviceCommit() || 开始转换 Projective -> Affine
		OnDeviceCommit() || blsProjectiveToGnarkAffine 成功
		OnDeviceCommit() || 完成，返回结果
		commitOnGPUOrCPU() || GPU 成功
	solveConstraints() || s.spr.Solve() (L, R, O) 耗时: 231.487230 ms
	solveConstraints() || sets x[id_L], x[id_R], x[id_O] 耗时: 0.008456 ms
		commitOnGPUOrCPU() || GPU 开始
		commitOnGPUOrCPU() || GPU 开始 commitLagrange
		OnDeviceCommit() || 输入验证: nScalars=512
		OnDeviceCommit() || host 开始
		OnDeviceCommit() || host 拷贝到 device 开始 (len=512)
		OnDeviceCommit() || host 拷贝到 device 成功
		OnDeviceCommit() || MSM 配置成功 (AreScalarsMontgomeryForm=true, AreBasesMontgomeryForm=false)
		[ICICLE] active device: type=CUDA id=0
		[ICICLE] memory: used=1362 MiB / total=12227 MiB (11.1%)
		[SMI] raw="Field "cuda_version" is not a valid field to query."
		[SMI] util=3% mem=3288/12227 MiB
		OnDeviceCommit() || MSM 运行开始 (scalars=512, 期望 bases>=512)
		OnDeviceCommit() || 调用 icicle_msm.Msm() 前 [08:40:42.230315]
		OnDeviceCommit() || scalarsDev 已分配，G1Device 已就绪，outHost 已分配
		OnDeviceCommit() || 开始调用 icicle_msm.Msm()，规模=512
		OnDeviceCommit() || 检查：当前是否在 RunOnDevice 闭包内？
		OnDeviceCommit() || 当前活动设备: type=CUDA id=0
		OnDeviceCommit() || icicle_msm.Msm() 调用返回
		OnDeviceCommit() || MSM 返回时间戳: [08:40:42.236183]
		OnDeviceCommit() || MSM 返回成功状态
		OnDeviceCommit() || 调用 icicle_msm.Msm() 后，状态=EIcicleError.Success，耗时=5.873130 ms [08:40:42.236188]
		OnDeviceCommit() || MSM 运行成功
		OnDeviceCommit() || 开始转换 Projective -> Affine
		OnDeviceCommit() || blsProjectiveToGnarkAffine 成功
		OnDeviceCommit() || 完成，返回结果
		commitOnGPUOrCPU() || GPU 成功
			commitToPolyAndBlinding() -> commit to p 耗时: 204.251196ms
		OnDeviceCommit() || 输入验证: nScalars=2
		OnDeviceCommit() || host 开始
		OnDeviceCommit() || host 拷贝到 device 开始 (len=2)
		OnDeviceCommit() || host 拷贝到 device 成功
		OnDeviceCommit() || MSM 配置成功 (AreScalarsMontgomeryForm=true, AreBasesMontgomeryForm=false)
		[ICICLE] active device: type=CUDA id=0
		[ICICLE] memory: used=1362 MiB / total=12227 MiB (11.1%)
		[SMI] raw="Field "cuda_version" is not a valid field to query."
		[SMI] util=3% mem=3284/12227 MiB
		OnDeviceCommit() || MSM 运行开始 (scalars=2, 期望 bases>=2)
		OnDeviceCommit() || 调用 icicle_msm.Msm() 前 [08:40:41.145831]
		OnDeviceCommit() || scalarsDev 已分配，G1Device 已就绪，outHost 已分配
		OnDeviceCommit() || 开始调用 icicle_msm.Msm()，规模=2
		OnDeviceCommit() || 检查：当前是否在 RunOnDevice 闭包内？
		OnDeviceCommit() || 当前活动设备: type=CUDA id=0
		OnDeviceCommit() || icicle_msm.Msm() 调用返回
		OnDeviceCommit() || MSM 返回时间戳: [08:40:41.151531]
		OnDeviceCommit() || MSM 返回成功状态
		OnDeviceCommit() || 调用 icicle_msm.Msm() 后，状态=EIcicleError.Success，耗时=5.704323 ms [08:40:41.151536]
		OnDeviceCommit() || MSM 运行成功
		OnDeviceCommit() || 开始转换 Projective -> Affine
		OnDeviceCommit() || blsProjectiveToGnarkAffine 成功
		OnDeviceCommit() || 完成，返回结果
		OnDeviceCommit() || 输入验证: nScalars=2
		OnDeviceCommit() || host 开始
		OnDeviceCommit() || host 拷贝到 device 开始 (len=2)
		OnDeviceCommit() || host 拷贝到 device 成功
		OnDeviceCommit() || MSM 配置成功 (AreScalarsMontgomeryForm=true, AreBasesMontgomeryForm=false)
		[ICICLE] active device: type=CUDA id=0
		[ICICLE] memory: used=1364 MiB / total=12227 MiB (11.2%)
		[SMI] raw="Field "cuda_version" is not a valid field to query."
		[SMI] util=3% mem=3286/12227 MiB
		OnDeviceCommit() || MSM 运行开始 (scalars=2, 期望 bases>=2)
		OnDeviceCommit() || 调用 icicle_msm.Msm() 前 [08:40:41.340836]
		OnDeviceCommit() || scalarsDev 已分配，G1Device 已就绪，outHost 已分配
		OnDeviceCommit() || 开始调用 icicle_msm.Msm()，规模=2
		OnDeviceCommit() || 检查：当前是否在 RunOnDevice 闭包内？
		OnDeviceCommit() || 当前活动设备: type=CUDA id=0
		OnDeviceCommit() || icicle_msm.Msm() 调用返回
		OnDeviceCommit() || MSM 返回时间戳: [08:40:41.345931]
		OnDeviceCommit() || MSM 返回成功状态
		OnDeviceCommit() || 调用 icicle_msm.Msm() 后，状态=EIcicleError.Success，耗时=5.099621 ms [08:40:41.345935]
		OnDeviceCommit() || MSM 运行成功
		OnDeviceCommit() || 开始转换 Projective -> Affine
		OnDeviceCommit() || blsProjectiveToGnarkAffine 成功
		OnDeviceCommit() || 完成，返回结果
			commitToPolyAndBlinding() -> commit to b 耗时: 412.367689ms
			commitToPolyAndBlinding() -> commit_p + commit_b 耗时: 0.004210ms
		commitToLRO() || commitToPolyAndBlinding(s.x[id_L], s.bp[id_Bl]) LRO[0] 耗时: 616.637614ms
		commitOnGPUOrCPU() || GPU 开始
		commitOnGPUOrCPU() || GPU 开始 commitLagrange
		OnDeviceCommit() || 输入验证: nScalars=512
		OnDeviceCommit() || host 开始
		OnDeviceCommit() || host 拷贝到 device 开始 (len=512)
		OnDeviceCommit() || host 拷贝到 device 成功
		OnDeviceCommit() || MSM 配置成功 (AreScalarsMontgomeryForm=true, AreBasesMontgomeryForm=false)
		[ICICLE] active device: type=CUDA id=0
		[ICICLE] memory: used=1364 MiB / total=12227 MiB (11.2%)
		[SMI] raw="Field "cuda_version" is not a valid field to query."
		[SMI] util=3% mem=3286/12227 MiB
		OnDeviceCommit() || MSM 运行开始 (scalars=512, 期望 bases>=512)
		OnDeviceCommit() || 调用 icicle_msm.Msm() 前 [08:40:41.537255]
		OnDeviceCommit() || scalarsDev 已分配，G1Device 已就绪，outHost 已分配
		OnDeviceCommit() || 开始调用 icicle_msm.Msm()，规模=512
		OnDeviceCommit() || 检查：当前是否在 RunOnDevice 闭包内？
		OnDeviceCommit() || 当前活动设备: type=CUDA id=0
		OnDeviceCommit() || icicle_msm.Msm() 调用返回
		OnDeviceCommit() || MSM 返回时间戳: [08:40:41.543916]
		OnDeviceCommit() || MSM 返回成功状态
		OnDeviceCommit() || 调用 icicle_msm.Msm() 后，状态=EIcicleError.Success，耗时=6.666520 ms [08:40:41.543922]
		OnDeviceCommit() || MSM 运行成功
		OnDeviceCommit() || 开始转换 Projective -> Affine
		OnDeviceCommit() || blsProjectiveToGnarkAffine 成功
		OnDeviceCommit() || 完成，返回结果
		commitOnGPUOrCPU() || GPU 成功
			commitToPolyAndBlinding() -> commit to p 耗时: 197.988868ms
		OnDeviceCommit() || 输入验证: nScalars=2
		OnDeviceCommit() || host 开始
		OnDeviceCommit() || host 拷贝到 device 开始 (len=2)
		OnDeviceCommit() || host 拷贝到 device 成功
		OnDeviceCommit() || MSM 配置成功 (AreScalarsMontgomeryForm=true, AreBasesMontgomeryForm=false)
		[ICICLE] active device: type=CUDA id=0
		[ICICLE] memory: used=1364 MiB / total=12227 MiB (11.2%)
		[SMI] raw="Field "cuda_version" is not a valid field to query."
		[SMI] util=3% mem=3286/12227 MiB
		OnDeviceCommit() || MSM 运行开始 (scalars=2, 期望 bases>=2)
		OnDeviceCommit() || 调用 icicle_msm.Msm() 前 [08:40:41.744982]
		OnDeviceCommit() || scalarsDev 已分配，G1Device 已就绪，outHost 已分配
		OnDeviceCommit() || 开始调用 icicle_msm.Msm()，规模=2
		OnDeviceCommit() || 检查：当前是否在 RunOnDevice 闭包内？
		OnDeviceCommit() || 当前活动设备: type=CUDA id=0
		OnDeviceCommit() || icicle_msm.Msm() 调用返回
		OnDeviceCommit() || MSM 返回时间戳: [08:40:41.751325]
		OnDeviceCommit() || MSM 返回成功状态
		OnDeviceCommit() || 调用 icicle_msm.Msm() 后，状态=EIcicleError.Success，耗时=6.350005 ms [08:40:41.751332]
		OnDeviceCommit() || MSM 运行成功
		OnDeviceCommit() || 开始转换 Projective -> Affine
		OnDeviceCommit() || blsProjectiveToGnarkAffine 成功
		OnDeviceCommit() || 完成，返回结果
		OnDeviceCommit() || 输入验证: nScalars=2
		OnDeviceCommit() || host 开始
		OnDeviceCommit() || host 拷贝到 device 开始 (len=2)
		OnDeviceCommit() || host 拷贝到 device 成功
		OnDeviceCommit() || MSM 配置成功 (AreScalarsMontgomeryForm=true, AreBasesMontgomeryForm=false)
		[ICICLE] active device: type=CUDA id=0
		[ICICLE] memory: used=1364 MiB / total=12227 MiB (11.2%)
		[SMI] raw="Field "cuda_version" is not a valid field to query."
		[SMI] util=2% mem=3286/12227 MiB
		OnDeviceCommit() || MSM 运行开始 (scalars=2, 期望 bases>=2)
		OnDeviceCommit() || 调用 icicle_msm.Msm() 前 [08:40:41.940115]
		OnDeviceCommit() || scalarsDev 已分配，G1Device 已就绪，outHost 已分配
		OnDeviceCommit() || 开始调用 icicle_msm.Msm()，规模=2
		OnDeviceCommit() || 检查：当前是否在 RunOnDevice 闭包内？
		OnDeviceCommit() || 当前活动设备: type=CUDA id=0
		OnDeviceCommit() || icicle_msm.Msm() 调用返回
		OnDeviceCommit() || MSM 返回时间戳: [08:40:41.944925]
		OnDeviceCommit() || MSM 返回成功状态
		OnDeviceCommit() || 调用 icicle_msm.Msm() 后，状态=EIcicleError.Success，耗时=4.814349 ms [08:40:41.944929]
		OnDeviceCommit() || MSM 运行成功
		OnDeviceCommit() || 开始转换 Projective -> Affine
		OnDeviceCommit() || blsProjectiveToGnarkAffine 成功
		OnDeviceCommit() || 完成，返回结果
			commitToPolyAndBlinding() -> commit to b 耗时: 400.982835ms
			commitToPolyAndBlinding() -> commit_p + commit_b 耗时: 0.004438ms
		commitToLRO() || commitToPolyAndBlinding(s.x[id_R], s.bp[id_Br]) LRO[1] 耗时: 598.994768ms
		commitOnGPUOrCPU() || GPU 开始
		commitOnGPUOrCPU() || GPU 开始 commitLagrange
		OnDeviceCommit() || 输入验证: nScalars=512
		OnDeviceCommit() || host 开始
		OnDeviceCommit() || host 拷贝到 device 开始 (len=512)
		OnDeviceCommit() || host 拷贝到 device 成功
		OnDeviceCommit() || MSM 配置成功 (AreScalarsMontgomeryForm=true, AreBasesMontgomeryForm=false)
		[ICICLE] active device: type=CUDA id=0
		[ICICLE] memory: used=1364 MiB / total=12227 MiB (11.2%)
		[SMI] raw="Field "cuda_version" is not a valid field to query."
		[SMI] util=3% mem=3286/12227 MiB
		OnDeviceCommit() || MSM 运行开始 (scalars=512, 期望 bases>=512)
		OnDeviceCommit() || 调用 icicle_msm.Msm() 前 [08:40:42.129107]
		OnDeviceCommit() || scalarsDev 已分配，G1Device 已就绪，outHost 已分配
		OnDeviceCommit() || 开始调用 icicle_msm.Msm()，规模=512
		OnDeviceCommit() || 检查：当前是否在 RunOnDevice 闭包内？
		OnDeviceCommit() || 当前活动设备: type=CUDA id=0
		OnDeviceCommit() || icicle_msm.Msm() 调用返回
		OnDeviceCommit() || MSM 返回时间戳: [08:40:42.134831]
		OnDeviceCommit() || MSM 返回成功状态
		OnDeviceCommit() || 调用 icicle_msm.Msm() 后，状态=EIcicleError.Success，耗时=5.730087 ms [08:40:42.134837]
		OnDeviceCommit() || MSM 运行成功
		OnDeviceCommit() || 开始转换 Projective -> Affine
		OnDeviceCommit() || blsProjectiveToGnarkAffine 成功
		OnDeviceCommit() || 完成，返回结果
		commitOnGPUOrCPU() || GPU 成功
			commitToPolyAndBlinding() -> commit to p 耗时: 189.911076ms
		OnDeviceCommit() || 输入验证: nScalars=2
		OnDeviceCommit() || host 开始
		OnDeviceCommit() || host 拷贝到 device 开始 (len=2)
		OnDeviceCommit() || host 拷贝到 device 成功
		OnDeviceCommit() || MSM 配置成功 (AreScalarsMontgomeryForm=true, AreBasesMontgomeryForm=false)
		[ICICLE] active device: type=CUDA id=0
		[ICICLE] memory: used=1364 MiB / total=12227 MiB (11.2%)
		[SMI] raw="Field "cuda_version" is not a valid field to query."
		[SMI] util=3% mem=3286/12227 MiB
		OnDeviceCommit() || MSM 运行开始 (scalars=2, 期望 bases>=2)
		OnDeviceCommit() || 调用 icicle_msm.Msm() 前 [08:40:42.321542]
		OnDeviceCommit() || scalarsDev 已分配，G1Device 已就绪，outHost 已分配
		OnDeviceCommit() || 开始调用 icicle_msm.Msm()，规模=2
		OnDeviceCommit() || 检查：当前是否在 RunOnDevice 闭包内？
		OnDeviceCommit() || 当前活动设备: type=CUDA id=0
		OnDeviceCommit() || icicle_msm.Msm() 调用返回
		OnDeviceCommit() || MSM 返回时间戳: [08:40:42.326214]
		OnDeviceCommit() || MSM 返回成功状态
		OnDeviceCommit() || 调用 icicle_msm.Msm() 后，状态=EIcicleError.Success，耗时=4.676613 ms [08:40:42.326218]
		OnDeviceCommit() || MSM 运行成功
		OnDeviceCommit() || 开始转换 Projective -> Affine
		OnDeviceCommit() || blsProjectiveToGnarkAffine 成功
		OnDeviceCommit() || 完成，返回结果
		OnDeviceCommit() || 输入验证: nScalars=2
		OnDeviceCommit() || host 开始
		OnDeviceCommit() || host 拷贝到 device 开始 (len=2)
		OnDeviceCommit() || host 拷贝到 device 成功
		OnDeviceCommit() || MSM 配置成功 (AreScalarsMontgomeryForm=true, AreBasesMontgomeryForm=false)
		[ICICLE] active device: type=CUDA id=0
		[ICICLE] memory: used=1364 MiB / total=12227 MiB (11.2%)
		[SMI] raw="Field "cuda_version" is not a valid field to query."
		[SMI] util=3% mem=3286/12227 MiB
		OnDeviceCommit() || MSM 运行开始 (scalars=2, 期望 bases>=2)
		OnDeviceCommit() || 调用 icicle_msm.Msm() 前 [08:40:42.516531]
		OnDeviceCommit() || scalarsDev 已分配，G1Device 已就绪，outHost 已分配
		OnDeviceCommit() || 开始调用 icicle_msm.Msm()，规模=2
		OnDeviceCommit() || 检查：当前是否在 RunOnDevice 闭包内？
		OnDeviceCommit() || 当前活动设备: type=CUDA id=0
		OnDeviceCommit() || icicle_msm.Msm() 调用返回
		OnDeviceCommit() || MSM 返回时间戳: [08:40:42.521596]
		OnDeviceCommit() || MSM 返回成功状态
		OnDeviceCommit() || 调用 icicle_msm.Msm() 后，状态=EIcicleError.Success，耗时=5.069422 ms [08:40:42.521600]
		OnDeviceCommit() || MSM 运行成功
		OnDeviceCommit() || 开始转换 Projective -> Affine
		OnDeviceCommit() || blsProjectiveToGnarkAffine 成功
		OnDeviceCommit() || 完成，返回结果
			commitToPolyAndBlinding() -> commit to b 耗时: 386.748677ms
			commitToPolyAndBlinding() -> commit_p + commit_b 耗时: 0.004254ms
		commitToLRO() || commitToPolyAndBlinding(s.x[id_O], s.bp[id_Bo]) LRO[2] 耗时: 576.677147ms
	solveConstraints() || commitToLRO() 耗时: 1792.313904 ms
prove() -> solveConstraints 耗时: 2023.840232ms
		completeQk() || wait for solver to be done 耗时: 2023.854060ms
prove() -> completeQk 耗时: 2023.866383ms
		deriveGammaAndBeta() || wait for LRO to be committed 耗时: 2023.670104ms
		computeQuotient() || wait for solver to be done 耗时: 2023.892565ms
prove() -> deriveGammaAndBeta 耗时: 2024.099451ms
		buildRatioCopyConstraint() || wait for gamma and beta to be derived 耗时: 2024.084383ms
		buildRatioCopyConstraint() || iop.BuildRatioCopyConstraint 耗时: 0.267684ms
		commitOnGPUOrCPU() || GPU 开始
		commitOnGPUOrCPU() || GPU 开始 commitLagrange
		OnDeviceCommit() || 输入验证: nScalars=512
		OnDeviceCommit() || host 开始
		OnDeviceCommit() || host 拷贝到 device 开始 (len=512)
		OnDeviceCommit() || host 拷贝到 device 成功
		OnDeviceCommit() || MSM 配置成功 (AreScalarsMontgomeryForm=true, AreBasesMontgomeryForm=false)
		[ICICLE] active device: type=CUDA id=0
		[ICICLE] memory: used=1364 MiB / total=12227 MiB (11.2%)
		[SMI] raw="Field "cuda_version" is not a valid field to query."
		[SMI] util=5% mem=3286/12227 MiB
		OnDeviceCommit() || MSM 运行开始 (scalars=512, 期望 bases>=512)
		OnDeviceCommit() || 调用 icicle_msm.Msm() 前 [08:40:42.723324]
		OnDeviceCommit() || scalarsDev 已分配，G1Device 已就绪，outHost 已分配
		OnDeviceCommit() || 开始调用 icicle_msm.Msm()，规模=512
		OnDeviceCommit() || 检查：当前是否在 RunOnDevice 闭包内？
		OnDeviceCommit() || 当前活动设备: type=CUDA id=0
		OnDeviceCommit() || icicle_msm.Msm() 调用返回
		OnDeviceCommit() || MSM 返回时间戳: [08:40:42.728815]
		OnDeviceCommit() || MSM 返回成功状态
		OnDeviceCommit() || 调用 icicle_msm.Msm() 后，状态=EIcicleError.Success，耗时=5.495141 ms [08:40:42.728820]
		OnDeviceCommit() || MSM 运行成功
		OnDeviceCommit() || 开始转换 Projective -> Affine
		OnDeviceCommit() || blsProjectiveToGnarkAffine 成功
		OnDeviceCommit() || 完成，返回结果
		commitOnGPUOrCPU() || GPU 成功
			commitToPolyAndBlinding() -> commit to p 耗时: 206.663520ms
		OnDeviceCommit() || 输入验证: nScalars=3
		OnDeviceCommit() || host 开始
		OnDeviceCommit() || host 拷贝到 device 开始 (len=3)
		OnDeviceCommit() || host 拷贝到 device 成功
		OnDeviceCommit() || MSM 配置成功 (AreScalarsMontgomeryForm=true, AreBasesMontgomeryForm=false)
		[ICICLE] active device: type=CUDA id=0
		[ICICLE] memory: used=1364 MiB / total=12227 MiB (11.2%)
		[SMI] raw="Field "cuda_version" is not a valid field to query."
		[SMI] util=3% mem=3286/12227 MiB
		OnDeviceCommit() || MSM 运行开始 (scalars=3, 期望 bases>=3)
		OnDeviceCommit() || 调用 icicle_msm.Msm() 前 [08:40:42.911615]
		OnDeviceCommit() || scalarsDev 已分配，G1Device 已就绪，outHost 已分配
		OnDeviceCommit() || 开始调用 icicle_msm.Msm()，规模=3
		OnDeviceCommit() || 检查：当前是否在 RunOnDevice 闭包内？
		OnDeviceCommit() || 当前活动设备: type=CUDA id=0
		OnDeviceCommit() || icicle_msm.Msm() 调用返回
		OnDeviceCommit() || MSM 返回时间戳: [08:40:42.916731]
		OnDeviceCommit() || MSM 返回成功状态
		OnDeviceCommit() || 调用 icicle_msm.Msm() 后，状态=EIcicleError.Success，耗时=5.119907 ms [08:40:42.916735]
		OnDeviceCommit() || MSM 运行成功
		OnDeviceCommit() || 开始转换 Projective -> Affine
		OnDeviceCommit() || blsProjectiveToGnarkAffine 成功
		OnDeviceCommit() || 完成，返回结果
		OnDeviceCommit() || 输入验证: nScalars=3
		OnDeviceCommit() || host 开始
		OnDeviceCommit() || host 拷贝到 device 开始 (len=3)
		OnDeviceCommit() || host 拷贝到 device 成功
		OnDeviceCommit() || MSM 配置成功 (AreScalarsMontgomeryForm=true, AreBasesMontgomeryForm=false)
		[ICICLE] active device: type=CUDA id=0
		[ICICLE] memory: used=1364 MiB / total=12227 MiB (11.2%)
		[SMI] raw="Field "cuda_version" is not a valid field to query."
		[SMI] util=3% mem=3282/12227 MiB
		OnDeviceCommit() || MSM 运行开始 (scalars=3, 期望 bases>=3)
		OnDeviceCommit() || 调用 icicle_msm.Msm() 前 [08:40:43.107823]
		OnDeviceCommit() || scalarsDev 已分配，G1Device 已就绪，outHost 已分配
		OnDeviceCommit() || 开始调用 icicle_msm.Msm()，规模=3
		OnDeviceCommit() || 检查：当前是否在 RunOnDevice 闭包内？
		OnDeviceCommit() || 当前活动设备: type=CUDA id=0
		OnDeviceCommit() || icicle_msm.Msm() 调用返回
		OnDeviceCommit() || MSM 返回时间戳: [08:40:43.112934]
		OnDeviceCommit() || MSM 返回成功状态
		OnDeviceCommit() || 调用 icicle_msm.Msm() 后，状态=EIcicleError.Success，耗时=5.115331 ms [08:40:43.112939]
		OnDeviceCommit() || MSM 运行成功
		OnDeviceCommit() || 开始转换 Projective -> Affine
		OnDeviceCommit() || blsProjectiveToGnarkAffine 成功
		OnDeviceCommit() || 完成，返回结果
			commitToPolyAndBlinding() -> commit to b 耗时: 384.111408ms
			commitToPolyAndBlinding() -> commit_p + commit_b 耗时: 0.004216ms
		buildRatioCopyConstraint() || commitToPolyAndBlinding(s.x[id_Z], s.bp[id_Bz]) 耗时: 590.800491ms
prove() -> buildRatioCopyConstraint 耗时: 2615.168991ms
		computeQuotient() || wait for Z to be committed 耗时: 591.268275ms
	computeQuotient() || prepare to compute & derive alpha): 2615.270223 ms
		[Memory] Before uploading polynomials to device:
		[Before Upload] GPU memory: used=1364 MiB / total=12227 MiB (11.2%)
		[Before Upload] CPU memory: allocated=1539 MiB, total_allocated=3077 MiB, sys=3095 MiB
		[Memory] Total polynomials to upload: 14 (out of 15)
		[Memory] Uploading poly[0]: 512 coefficients, 16384 bytes (0.02 MiB), basis=2
		[Memory] After uploading poly[0]:
		[After poly[0]] GPU memory: used=1364 MiB / total=12227 MiB (11.2%)
		[After poly[0]] CPU memory: allocated=1539 MiB, total_allocated=3077 MiB, sys=3095 MiB
		[Memory] Uploading poly[1]: 512 coefficients, 16384 bytes (0.02 MiB), basis=2
		[Memory] After uploading poly[1]:
		[After poly[1]] GPU memory: used=1364 MiB / total=12227 MiB (11.2%)
		[After poly[1]] CPU memory: allocated=1539 MiB, total_allocated=3077 MiB, sys=3095 MiB
		[Memory] Uploading poly[2]: 512 coefficients, 16384 bytes (0.02 MiB), basis=2
		[Memory] After uploading poly[2]:
		[After poly[2]] GPU memory: used=1364 MiB / total=12227 MiB (11.2%)
		[After poly[2]] CPU memory: allocated=1539 MiB, total_allocated=3077 MiB, sys=3095 MiB
		[Memory] Uploading poly[3]: 512 coefficients, 16384 bytes (0.02 MiB), basis=2
		[Memory] Uploading poly[5]: 512 coefficients, 16384 bytes (0.02 MiB), basis=2
		[Memory] Uploading poly[6]: 512 coefficients, 16384 bytes (0.02 MiB), basis=2
		[Memory] Uploading poly[7]: 512 coefficients, 16384 bytes (0.02 MiB), basis=2
		[Memory] Uploading poly[8]: 512 coefficients, 16384 bytes (0.02 MiB), basis=2
		[Memory] Uploading poly[9]: 512 coefficients, 16384 bytes (0.02 MiB), basis=2
		[Memory] Uploading poly[10]: 512 coefficients, 16384 bytes (0.02 MiB), basis=2
		[Memory] Uploading poly[11]: 512 coefficients, 16384 bytes (0.02 MiB), basis=2
		[Memory] Uploading poly[12]: 512 coefficients, 16384 bytes (0.02 MiB), basis=2
		[Memory] Uploading poly[13]: 512 coefficients, 16384 bytes (0.02 MiB), basis=2
		[Memory] Uploading poly[14]: 512 coefficients, 16384 bytes (0.02 MiB), basis=2
		[Memory] After uploading poly[14]:
		[After poly[14]] GPU memory: used=1364 MiB / total=12227 MiB (11.2%)
		[After poly[14]] CPU memory: allocated=1539 MiB, total_allocated=3077 MiB, sys=3095 MiB
		[Memory] After uploading all polynomials:
		[After All Uploads] GPU memory: used=1364 MiB / total=12227 MiB (11.2%)
		[After All Uploads] CPU memory: allocated=1539 MiB, total_allocated=3077 MiB, sys=3095 MiB
		[Memory] Summary: uploaded 14 polynomials, 7168 total coefficients, 229376 bytes (0.22 MiB)
		[Memory] Processing 14 polynomials in batchApply
		[Memory] Processing poly[0] (GPU): 512 coefficients, 16384 bytes (0.02 MiB)
		[Memory] Processing poly[1] (GPU): 512 coefficients, 16384 bytes (0.02 MiB)
		[Memory] Processing poly[2] (GPU): 512 coefficients, 16384 bytes (0.02 MiB)
		[Memory] Processing poly[3] (GPU): 512 coefficients, 16384 bytes (0.02 MiB)
		[Memory] Processing poly[5] (GPU): 512 coefficients, 16384 bytes (0.02 MiB)
		[Memory] Processing poly[6] (GPU): 512 coefficients, 16384 bytes (0.02 MiB)
		[Memory] Processing poly[7] (GPU): 512 coefficients, 16384 bytes (0.02 MiB)
		[Memory] Processing poly[8] (GPU): 512 coefficients, 16384 bytes (0.02 MiB)
		[Memory] Processing poly[9] (GPU): 512 coefficients, 16384 bytes (0.02 MiB)
		[Memory] Processing poly[10] (GPU): 512 coefficients, 16384 bytes (0.02 MiB)
		[Memory] Processing poly[11] (GPU): 512 coefficients, 16384 bytes (0.02 MiB)
		[Memory] Processing poly[12] (GPU): 512 coefficients, 16384 bytes (0.02 MiB)
		[Memory] Processing poly[13] (GPU): 512 coefficients, 16384 bytes (0.02 MiB)
		[Memory] Processing poly[14] (GPU): 512 coefficients, 16384 bytes (0.02 MiB)
		[Memory] Before batchApply (toCosetLagrange):
		[Before batchApply] GPU memory: <unavailable> (err=10)
		[Before batchApply] CPU memory: allocated=1539 MiB, total_allocated=3077 MiB, sys=3095 MiB
		[Timing] MontConv(dev->nonMont) 耗时: 0.093377 ms
		[Timing] VecMulOnDevice 耗时: 0.951503 ms
		[Timing] MontConv(dev->Mont) 耗时: 0.126257 ms
		[Timing] NttOnDevice 耗时: 0.184068 ms
		[Memory] Before CopyFromDevice (D2H): poly size=512 coefficients, 16384 bytes (0.02 MiB)
		[Memory] Before CopyFromDevice (D2H):
		[Before D2H] GPU memory: used=1364 MiB / total=12227 MiB (11.2%)
		[Before D2H] CPU memory: allocated=1539 MiB, total_allocated=3077 MiB, sys=3095 MiB
		[Timing] CopyFromDevice (D2H) 耗时: 0.117967 ms
		[Memory] After CopyFromDevice (D2H):
		[After D2H] GPU memory: used=1364 MiB / total=12227 MiB (11.2%)
		[After D2H] CPU memory: allocated=1539 MiB, total_allocated=3077 MiB, sys=3095 MiB
		[Timing] INttOnDevice (restore canonical) 耗时: 0.105789 ms
		[Timing] toCosetLagrange 总耗时: 2.018992 ms (0.00 s)
		[Timing] MontConv(dev->nonMont) 耗时: 0.100557 ms
		[Timing] VecMulOnDevice 耗时: 0.585674 ms
		[Timing] MontConv(dev->Mont) 耗时: 0.137416 ms
		[Timing] NttOnDevice 耗时: 0.120878 ms
		[Memory] Before CopyFromDevice (D2H): poly size=512 coefficients, 16384 bytes (0.02 MiB)
		[Memory] Before CopyFromDevice (D2H):
		[Before D2H] GPU memory: used=1364 MiB / total=12227 MiB (11.2%)
		[Before D2H] CPU memory: allocated=1539 MiB, total_allocated=3077 MiB, sys=3095 MiB
		[Timing] CopyFromDevice (D2H) 耗时: 0.121999 ms
		[Memory] After CopyFromDevice (D2H):
		[After D2H] GPU memory: used=1364 MiB / total=12227 MiB (11.2%)
		[After D2H] CPU memory: allocated=1539 MiB, total_allocated=3077 MiB, sys=3095 MiB
		[Timing] INttOnDevice (restore canonical) 耗时: 0.182835 ms
		[Timing] toCosetLagrange 总耗时: 1.887900 ms (0.00 s)
		[Timing] MontConv(dev->nonMont) 耗时: 0.053034 ms
		[Timing] VecMulOnDevice 耗时: 0.084263 ms
		[Timing] MontConv(dev->Mont) 耗时: 0.101217 ms
		[Timing] NttOnDevice 耗时: 0.105454 ms
		[Memory] Before CopyFromDevice (D2H): poly size=512 coefficients, 16384 bytes (0.02 MiB)
		[Memory] Before CopyFromDevice (D2H):
		[Before D2H] GPU memory: used=1364 MiB / total=12227 MiB (11.2%)
		[Before D2H] CPU memory: allocated=1539 MiB, total_allocated=3077 MiB, sys=3095 MiB
		[Timing] CopyFromDevice (D2H) 耗时: 0.417409 ms
		[Memory] After CopyFromDevice (D2H):
		[After D2H] GPU memory: used=1364 MiB / total=12227 MiB (11.2%)
		[After D2H] CPU memory: allocated=1539 MiB, total_allocated=3077 MiB, sys=3095 MiB
		[Timing] INttOnDevice (restore canonical) 耗时: 0.233586 ms
		[Timing] toCosetLagrange 总耗时: 1.895465 ms (0.00 s)
		[Timing] MontConv(dev->nonMont) 耗时: 0.095882 ms
		[Timing] VecMulOnDevice 耗时: 0.093505 ms
		[Timing] MontConv(dev->Mont) 耗时: 0.485873 ms
		[Timing] NttOnDevice 耗时: 0.224087 ms
		[Memory] Before CopyFromDevice (D2H): poly size=512 coefficients, 16384 bytes (0.02 MiB)
		[Memory] Before CopyFromDevice (D2H):
		[Before D2H] GPU memory: used=1364 MiB / total=12227 MiB (11.2%)
		[Before D2H] CPU memory: allocated=1539 MiB, total_allocated=3077 MiB, sys=3095 MiB
		[Timing] CopyFromDevice (D2H) 耗时: 0.068402 ms
		[Memory] After CopyFromDevice (D2H):
		[After D2H] GPU memory: used=1364 MiB / total=12227 MiB (11.2%)
		[After D2H] CPU memory: allocated=1539 MiB, total_allocated=3077 MiB, sys=3095 MiB
		[Timing] INttOnDevice (restore canonical) 耗时: 0.178100 ms
		[Timing] toCosetLagrange 总耗时: 1.534397 ms (0.00 s)
		[Timing] MontConv(dev->nonMont) 耗时: 0.048753 ms
		[Timing] VecMulOnDevice 耗时: 0.221421 ms
		[Timing] MontConv(dev->Mont) 耗时: 0.123032 ms
		[Timing] NttOnDevice 耗时: 0.072118 ms
		[Memory] Before CopyFromDevice (D2H): poly size=512 coefficients, 16384 bytes (0.02 MiB)
		[Memory] Before CopyFromDevice (D2H):
		[Before D2H] GPU memory: used=1364 MiB / total=12227 MiB (11.2%)
		[Before D2H] CPU memory: allocated=1539 MiB, total_allocated=3077 MiB, sys=3095 MiB
		[Timing] CopyFromDevice (D2H) 耗时: 0.077121 ms
		[Memory] After CopyFromDevice (D2H):
		[After D2H] GPU memory: used=1364 MiB / total=12227 MiB (11.2%)
		[After D2H] CPU memory: allocated=1539 MiB, total_allocated=3077 MiB, sys=3095 MiB
		[Timing] INttOnDevice (restore canonical) 耗时: 0.098146 ms
		[Timing] toCosetLagrange 总耗时: 0.916061 ms (0.00 s)
		[Timing] MontConv(dev->nonMont) 耗时: 0.047962 ms
		[Timing] VecMulOnDevice 耗时: 0.048667 ms
		[Timing] MontConv(dev->Mont) 耗时: 0.103156 ms
		[Timing] NttOnDevice 耗时: 0.134639 ms
		[Memory] Before CopyFromDevice (D2H): poly size=512 coefficients, 16384 bytes (0.02 MiB)
		[Memory] Before CopyFromDevice (D2H):
		[Before D2H] GPU memory: used=1364 MiB / total=12227 MiB (11.2%)
		[Before D2H] CPU memory: allocated=1539 MiB, total_allocated=3077 MiB, sys=3095 MiB
		[Timing] CopyFromDevice (D2H) 耗时: 0.096576 ms
		[Memory] After CopyFromDevice (D2H):
		[After D2H] GPU memory: used=1364 MiB / total=12227 MiB (11.2%)
		[After D2H] CPU memory: allocated=1539 MiB, total_allocated=3077 MiB, sys=3095 MiB
		[Timing] INttOnDevice (restore canonical) 耗时: 0.123564 ms
		[Timing] toCosetLagrange 总耗时: 1.457606 ms (0.00 s)
		[Timing] MontConv(dev->nonMont) 耗时: 0.054029 ms
		[Timing] VecMulOnDevice 耗时: 0.045873 ms
		[Timing] MontConv(dev->Mont) 耗时: 0.040939 ms
		[Timing] NttOnDevice 耗时: 0.088434 ms
		[Memory] Before CopyFromDevice (D2H): poly size=512 coefficients, 16384 bytes (0.02 MiB)
		[Memory] Before CopyFromDevice (D2H):
		[Before D2H] GPU memory: used=1364 MiB / total=12227 MiB (11.2%)
		[Before D2H] CPU memory: allocated=1539 MiB, total_allocated=3077 MiB, sys=3095 MiB
		[Timing] CopyFromDevice (D2H) 耗时: 0.108909 ms
		[Memory] After CopyFromDevice (D2H):
		[After D2H] GPU memory: used=1364 MiB / total=12227 MiB (11.2%)
		[After D2H] CPU memory: allocated=1539 MiB, total_allocated=3077 MiB, sys=3095 MiB
		[Timing] INttOnDevice (restore canonical) 耗时: 0.126461 ms
		[Timing] toCosetLagrange 总耗时: 0.878548 ms (0.00 s)
		[Timing] MontConv(dev->nonMont) 耗时: 0.061210 ms
		[Timing] VecMulOnDevice 耗时: 0.061043 ms
		[Timing] MontConv(dev->Mont) 耗时: 0.057264 ms
		[Timing] NttOnDevice 耗时: 0.070123 ms
		[Memory] Before CopyFromDevice (D2H): poly size=512 coefficients, 16384 bytes (0.02 MiB)
		[Memory] Before CopyFromDevice (D2H):
		[Before D2H] GPU memory: used=1364 MiB / total=12227 MiB (11.2%)
		[Before D2H] CPU memory: allocated=1539 MiB, total_allocated=3077 MiB, sys=3095 MiB
		[Timing] CopyFromDevice (D2H) 耗时: 0.061054 ms
		[Memory] After CopyFromDevice (D2H):
		[After D2H] GPU memory: used=1364 MiB / total=12227 MiB (11.2%)
		[After D2H] CPU memory: allocated=1539 MiB, total_allocated=3077 MiB, sys=3095 MiB
		[Timing] INttOnDevice (restore canonical) 耗时: 0.178388 ms
		[Timing] toCosetLagrange 总耗时: 0.786320 ms (0.00 s)
		[Timing] MontConv(dev->nonMont) 耗时: 0.087713 ms
		[Timing] VecMulOnDevice 耗时: 0.081571 ms
		[Timing] MontConv(dev->Mont) 耗时: 0.079961 ms
		[Timing] NttOnDevice 耗时: 0.075327 ms
		[Memory] Before CopyFromDevice (D2H): poly size=512 coefficients, 16384 bytes (0.02 MiB)
		[Memory] Before CopyFromDevice (D2H):
		[Before D2H] GPU memory: used=1364 MiB / total=12227 MiB (11.2%)
		[Before D2H] CPU memory: allocated=1539 MiB, total_allocated=3077 MiB, sys=3095 MiB
		[Timing] CopyFromDevice (D2H) 耗时: 0.086282 ms
		[Memory] After CopyFromDevice (D2H):
		[After D2H] GPU memory: used=1364 MiB / total=12227 MiB (11.2%)
		[After D2H] CPU memory: allocated=1539 MiB, total_allocated=3077 MiB, sys=3095 MiB
		[Timing] INttOnDevice (restore canonical) 耗时: 0.116109 ms
		[Timing] toCosetLagrange 总耗时: 0.798915 ms (0.00 s)
		[Timing] MontConv(dev->nonMont) 耗时: 0.046261 ms
		[Timing] VecMulOnDevice 耗时: 0.047030 ms
		[Timing] MontConv(dev->Mont) 耗时: 0.056574 ms
		[Timing] NttOnDevice 耗时: 0.064822 ms
		[Memory] Before CopyFromDevice (D2H): poly size=512 coefficients, 16384 bytes (0.02 MiB)
		[Memory] Before CopyFromDevice (D2H):
		[Before D2H] GPU memory: used=1364 MiB / total=12227 MiB (11.2%)
		[Before D2H] CPU memory: allocated=1539 MiB, total_allocated=3077 MiB, sys=3095 MiB
		[Timing] CopyFromDevice (D2H) 耗时: 0.092473 ms
		[Memory] After CopyFromDevice (D2H):
		[After D2H] GPU memory: used=1364 MiB / total=12227 MiB (11.2%)
		[After D2H] CPU memory: allocated=1539 MiB, total_allocated=3077 MiB, sys=3095 MiB
		[Timing] INttOnDevice (restore canonical) 耗时: 0.136202 ms
		[Timing] toCosetLagrange 总耗时: 0.740917 ms (0.00 s)
		[Timing] MontConv(dev->nonMont) 耗时: 0.047602 ms
		[Timing] VecMulOnDevice 耗时: 0.042607 ms
		[Timing] MontConv(dev->Mont) 耗时: 0.045297 ms
		[Timing] NttOnDevice 耗时: 0.058675 ms
		[Memory] Before CopyFromDevice (D2H): poly size=512 coefficients, 16384 bytes (0.02 MiB)
		[Memory] Before CopyFromDevice (D2H):
		[Before D2H] GPU memory: used=1364 MiB / total=12227 MiB (11.2%)
		[Before D2H] CPU memory: allocated=1539 MiB, total_allocated=3077 MiB, sys=3095 MiB
		[Timing] CopyFromDevice (D2H) 耗时: 0.087385 ms
		[Memory] After CopyFromDevice (D2H):
		[After D2H] GPU memory: used=1364 MiB / total=12227 MiB (11.2%)
		[After D2H] CPU memory: allocated=1539 MiB, total_allocated=3077 MiB, sys=3095 MiB
		[Timing] INttOnDevice (restore canonical) 耗时: 0.126019 ms
		[Timing] toCosetLagrange 总耗时: 0.708413 ms (0.00 s)
		[Timing] MontConv(dev->nonMont) 耗时: 0.048517 ms
		[Timing] VecMulOnDevice 耗时: 0.041929 ms
		[Timing] MontConv(dev->Mont) 耗时: 0.040908 ms
		[Timing] NttOnDevice 耗时: 0.060246 ms
		[Memory] Before CopyFromDevice (D2H): poly size=512 coefficients, 16384 bytes (0.02 MiB)
		[Memory] Before CopyFromDevice (D2H):
		[Before D2H] GPU memory: used=1364 MiB / total=12227 MiB (11.2%)
		[Before D2H] CPU memory: allocated=1539 MiB, total_allocated=3077 MiB, sys=3095 MiB
		[Timing] CopyFromDevice (D2H) 耗时: 0.095087 ms
		[Memory] After CopyFromDevice (D2H):
		[After D2H] GPU memory: used=1364 MiB / total=12227 MiB (11.2%)
		[After D2H] CPU memory: allocated=1539 MiB, total_allocated=3077 MiB, sys=3095 MiB
		[Timing] INttOnDevice (restore canonical) 耗时: 0.108285 ms
		[Timing] toCosetLagrange 总耗时: 0.662713 ms (0.00 s)
		[Timing] MontConv(dev->nonMont) 耗时: 0.051660 ms
		[Timing] VecMulOnDevice 耗时: 0.046072 ms
		[Timing] MontConv(dev->Mont) 耗时: 0.044936 ms
		[Timing] NttOnDevice 耗时: 0.059754 ms
		[Memory] Before CopyFromDevice (D2H): poly size=512 coefficients, 16384 bytes (0.02 MiB)
		[Memory] Before CopyFromDevice (D2H):
		[Before D2H] GPU memory: used=1364 MiB / total=12227 MiB (11.2%)
		[Before D2H] CPU memory: allocated=1539 MiB, total_allocated=3077 MiB, sys=3095 MiB
		[Timing] CopyFromDevice (D2H) 耗时: 0.091705 ms
		[Memory] After CopyFromDevice (D2H):
		[After D2H] GPU memory: used=1364 MiB / total=12227 MiB (11.2%)
		[After D2H] CPU memory: allocated=1539 MiB, total_allocated=3077 MiB, sys=3095 MiB
		[Timing] INttOnDevice (restore canonical) 耗时: 0.129625 ms
		[Timing] toCosetLagrange 总耗时: 0.740975 ms (0.00 s)
		[Timing] MontConv(dev->nonMont) 耗时: 0.053586 ms
		[Timing] VecMulOnDevice 耗时: 0.042272 ms
		[Timing] MontConv(dev->Mont) 耗时: 0.062039 ms
		[Timing] NttOnDevice 耗时: 0.062475 ms
		[Memory] Before CopyFromDevice (D2H): poly size=512 coefficients, 16384 bytes (0.02 MiB)
		[Memory] Before CopyFromDevice (D2H):
		[Before D2H] GPU memory: used=1364 MiB / total=12227 MiB (11.2%)
		[Before D2H] CPU memory: allocated=1539 MiB, total_allocated=3077 MiB, sys=3095 MiB
		[Timing] CopyFromDevice (D2H) 耗时: 0.097753 ms
		[Memory] After CopyFromDevice (D2H):
		[After D2H] GPU memory: used=1364 MiB / total=12227 MiB (11.2%)
		[After D2H] CPU memory: allocated=1539 MiB, total_allocated=3077 MiB, sys=3095 MiB
		[Timing] INttOnDevice (restore canonical) 耗时: 0.103271 ms
		[Timing] toCosetLagrange 总耗时: 0.717386 ms (0.00 s)
		computeNumerator() || batchApply 耗时: 16.016064 ms
		[Memory] After batchApply (toCosetLagrange):
		[After batchApply] GPU memory: <unavailable> (err=10)
		[After batchApply] CPU memory: allocated=1539 MiB, total_allocated=3077 MiB, sys=3095 MiB
		[Memory] Processed 14 polynomials
		[Memory] Processing 14 polynomials in batchApply
		[Memory] Processing poly[0] (GPU): 512 coefficients, 16384 bytes (0.02 MiB)
		[Memory] Processing poly[1] (GPU): 512 coefficients, 16384 bytes (0.02 MiB)
		[Memory] Processing poly[2] (GPU): 512 coefficients, 16384 bytes (0.02 MiB)
		[Memory] Processing poly[3] (GPU): 512 coefficients, 16384 bytes (0.02 MiB)
		[Memory] Processing poly[5] (GPU): 512 coefficients, 16384 bytes (0.02 MiB)
		[Memory] Processing poly[6] (GPU): 512 coefficients, 16384 bytes (0.02 MiB)
		[Memory] Processing poly[7] (GPU): 512 coefficients, 16384 bytes (0.02 MiB)
		[Memory] Processing poly[8] (GPU): 512 coefficients, 16384 bytes (0.02 MiB)
		[Memory] Processing poly[9] (GPU): 512 coefficients, 16384 bytes (0.02 MiB)
		[Memory] Processing poly[10] (GPU): 512 coefficients, 16384 bytes (0.02 MiB)
		[Memory] Processing poly[11] (GPU): 512 coefficients, 16384 bytes (0.02 MiB)
		[Memory] Processing poly[12] (GPU): 512 coefficients, 16384 bytes (0.02 MiB)
		[Memory] Processing poly[13] (GPU): 512 coefficients, 16384 bytes (0.02 MiB)
		[Memory] Processing poly[14] (GPU): 512 coefficients, 16384 bytes (0.02 MiB)
		[Memory] Before batchApply (toCosetLagrange):
		[Before batchApply] GPU memory: <unavailable> (err=10)
		[Before batchApply] CPU memory: allocated=1539 MiB, total_allocated=3077 MiB, sys=3095 MiB
		[Timing] MontConv(dev->nonMont) 耗时: 0.152499 ms
		[Timing] VecMulOnDevice 耗时: 0.113823 ms
		[Timing] MontConv(dev->Mont) 耗时: 0.078478 ms
		[Timing] NttOnDevice 耗时: 0.092602 ms
		[Memory] Before CopyFromDevice (D2H): poly size=512 coefficients, 16384 bytes (0.02 MiB)
		[Memory] Before CopyFromDevice (D2H):
		[Before D2H] GPU memory: used=1364 MiB / total=12227 MiB (11.2%)
		[Before D2H] CPU memory: allocated=1539 MiB, total_allocated=3077 MiB, sys=3095 MiB
		[Timing] CopyFromDevice (D2H) 耗时: 0.062891 ms
		[Memory] After CopyFromDevice (D2H):
		[After D2H] GPU memory: used=1364 MiB / total=12227 MiB (11.2%)
		[After D2H] CPU memory: allocated=1539 MiB, total_allocated=3077 MiB, sys=3095 MiB
		[Timing] INttOnDevice (restore canonical) 耗时: 0.110302 ms
		[Timing] toCosetLagrange 总耗时: 0.898037 ms (0.00 s)
		[Timing] MontConv(dev->nonMont) 耗时: 0.111697 ms
		[Timing] VecMulOnDevice 耗时: 0.085251 ms
		[Timing] MontConv(dev->Mont) 耗时: 0.076289 ms
		[Timing] NttOnDevice 耗时: 0.075552 ms
		[Memory] Before CopyFromDevice (D2H): poly size=512 coefficients, 16384 bytes (0.02 MiB)
		[Memory] Before CopyFromDevice (D2H):
		[Before D2H] GPU memory: used=1364 MiB / total=12227 MiB (11.2%)
		[Before D2H] CPU memory: allocated=1539 MiB, total_allocated=3077 MiB, sys=3095 MiB
		[Timing] CopyFromDevice (D2H) 耗时: 0.061169 ms
		[Memory] After CopyFromDevice (D2H):
		[After D2H] GPU memory: used=1364 MiB / total=12227 MiB (11.2%)
		[After D2H] CPU memory: allocated=1539 MiB, total_allocated=3077 MiB, sys=3095 MiB
		[Timing] INttOnDevice (restore canonical) 耗时: 0.087735 ms
		[Timing] toCosetLagrange 总耗时: 0.797395 ms (0.00 s)
		[Timing] MontConv(dev->nonMont) 耗时: 0.088344 ms
		[Timing] VecMulOnDevice 耗时: 0.049130 ms
		[Timing] MontConv(dev->Mont) 耗时: 0.040229 ms
		[Timing] NttOnDevice 耗时: 0.061218 ms
		[Memory] Before CopyFromDevice (D2H): poly size=512 coefficients, 16384 bytes (0.02 MiB)
		[Memory] Before CopyFromDevice (D2H):
		[Before D2H] GPU memory: used=1364 MiB / total=12227 MiB (11.2%)
		[Before D2H] CPU memory: allocated=1539 MiB, total_allocated=3077 MiB, sys=3095 MiB
		[Timing] CopyFromDevice (D2H) 耗时: 0.105220 ms
		[Memory] After CopyFromDevice (D2H):
		[After D2H] GPU memory: used=1364 MiB / total=12227 MiB (11.2%)
		[After D2H] CPU memory: allocated=1539 MiB, total_allocated=3077 MiB, sys=3095 MiB
		[Timing] INttOnDevice (restore canonical) 耗时: 0.095746 ms
		[Timing] toCosetLagrange 总耗时: 0.720956 ms (0.00 s)
		[Timing] MontConv(dev->nonMont) 耗时: 0.045006 ms
		[Timing] VecMulOnDevice 耗时: 0.041162 ms
		[Timing] MontConv(dev->Mont) 耗时: 0.036954 ms
		[Timing] NttOnDevice 耗时: 0.063700 ms
		[Memory] Before CopyFromDevice (D2H): poly size=512 coefficients, 16384 bytes (0.02 MiB)
		[Memory] Before CopyFromDevice (D2H):
		[Before D2H] GPU memory: used=1364 MiB / total=12227 MiB (11.2%)
		[Before D2H] CPU memory: allocated=1539 MiB, total_allocated=3077 MiB, sys=3095 MiB
		[Timing] CopyFromDevice (D2H) 耗时: 0.087497 ms
		[Memory] After CopyFromDevice (D2H):
		[After D2H] GPU memory: used=1364 MiB / total=12227 MiB (11.2%)
		[After D2H] CPU memory: allocated=1539 MiB, total_allocated=3077 MiB, sys=3095 MiB
		[Timing] INttOnDevice (restore canonical) 耗时: 0.099729 ms
		[Timing] toCosetLagrange 总耗时: 0.673893 ms (0.00 s)
		[Timing] MontConv(dev->nonMont) 耗时: 0.043078 ms
		[Timing] VecMulOnDevice 耗时: 0.044392 ms
		[Timing] MontConv(dev->Mont) 耗时: 0.036784 ms
		[Timing] NttOnDevice 耗时: 0.058773 ms
		[Memory] Before CopyFromDevice (D2H): poly size=512 coefficients, 16384 bytes (0.02 MiB)
		[Memory] Before CopyFromDevice (D2H):
		[Before D2H] GPU memory: used=1364 MiB / total=12227 MiB (11.2%)
		[Before D2H] CPU memory: allocated=1539 MiB, total_allocated=3077 MiB, sys=3095 MiB
		[Timing] CopyFromDevice (D2H) 耗时: 0.054942 ms
		[Memory] After CopyFromDevice (D2H):
		[After D2H] GPU memory: used=1364 MiB / total=12227 MiB (11.2%)
		[After D2H] CPU memory: allocated=1539 MiB, total_allocated=3077 MiB, sys=3095 MiB
		[Timing] INttOnDevice (restore canonical) 耗时: 0.116279 ms
		[Timing] toCosetLagrange 总耗时: 0.582206 ms (0.00 s)
		[Timing] MontConv(dev->nonMont) 耗时: 0.044926 ms
		[Timing] VecMulOnDevice 耗时: 0.044318 ms
		[Timing] MontConv(dev->Mont) 耗时: 0.039219 ms
		[Timing] NttOnDevice 耗时: 0.057034 ms
		[Memory] Before CopyFromDevice (D2H): poly size=512 coefficients, 16384 bytes (0.02 MiB)
		[Memory] Before CopyFromDevice (D2H):
		[Before D2H] GPU memory: used=1364 MiB / total=12227 MiB (11.2%)
		[Before D2H] CPU memory: allocated=1539 MiB, total_allocated=3077 MiB, sys=3095 MiB
		[Timing] CopyFromDevice (D2H) 耗时: 0.094831 ms
		[Memory] After CopyFromDevice (D2H):
		[After D2H] GPU memory: used=1364 MiB / total=12227 MiB (11.2%)
		[After D2H] CPU memory: allocated=1539 MiB, total_allocated=3077 MiB, sys=3095 MiB
		[Timing] INttOnDevice (restore canonical) 耗时: 0.127735 ms
		[Timing] toCosetLagrange 总耗时: 0.656029 ms (0.00 s)
		[Timing] MontConv(dev->nonMont) 耗时: 0.082398 ms
		[Timing] VecMulOnDevice 耗时: 0.072426 ms
		[Timing] MontConv(dev->Mont) 耗时: 0.073279 ms
		[Timing] NttOnDevice 耗时: 0.078640 ms
		[Memory] Before CopyFromDevice (D2H): poly size=512 coefficients, 16384 bytes (0.02 MiB)
		[Memory] Before CopyFromDevice (D2H):
		[Before D2H] GPU memory: used=1364 MiB / total=12227 MiB (11.2%)
		[Before D2H] CPU memory: allocated=1539 MiB, total_allocated=3077 MiB, sys=3095 MiB
		[Timing] CopyFromDevice (D2H) 耗时: 0.088664 ms
		[Memory] After CopyFromDevice (D2H):
		[After D2H] GPU memory: used=1364 MiB / total=12227 MiB (11.2%)
		[After D2H] CPU memory: allocated=1539 MiB, total_allocated=3077 MiB, sys=3095 MiB
		[Timing] INttOnDevice (restore canonical) 耗时: 0.123679 ms
		[Timing] toCosetLagrange 总耗时: 0.759037 ms (0.00 s)
		[Timing] MontConv(dev->nonMont) 耗时: 0.044813 ms
		[Timing] VecMulOnDevice 耗时: 0.039650 ms
		[Timing] MontConv(dev->Mont) 耗时: 0.035365 ms
		[Timing] NttOnDevice 耗时: 0.068267 ms
		[Memory] Before CopyFromDevice (D2H): poly size=512 coefficients, 16384 bytes (0.02 MiB)
		[Memory] Before CopyFromDevice (D2H):
		[Before D2H] GPU memory: used=1364 MiB / total=12227 MiB (11.2%)
		[Before D2H] CPU memory: allocated=1539 MiB, total_allocated=3077 MiB, sys=3095 MiB
		[Timing] CopyFromDevice (D2H) 耗时: 0.061702 ms
		[Memory] After CopyFromDevice (D2H):
		[After D2H] GPU memory: used=1364 MiB / total=12227 MiB (11.2%)
		[After D2H] CPU memory: allocated=1539 MiB, total_allocated=3077 MiB, sys=3095 MiB
		[Timing] INttOnDevice (restore canonical) 耗时: 0.152938 ms
		[Timing] toCosetLagrange 总耗时: 0.736031 ms (0.00 s)
		[Timing] MontConv(dev->nonMont) 耗时: 0.096122 ms
		[Timing] VecMulOnDevice 耗时: 0.058044 ms
		[Timing] MontConv(dev->Mont) 耗时: 0.047265 ms
		[Timing] NttOnDevice 耗时: 0.068162 ms
		[Memory] Before CopyFromDevice (D2H): poly size=512 coefficients, 16384 bytes (0.02 MiB)
		[Memory] Before CopyFromDevice (D2H):
		[Before D2H] GPU memory: used=1364 MiB / total=12227 MiB (11.2%)
		[Before D2H] CPU memory: allocated=1539 MiB, total_allocated=3077 MiB, sys=3095 MiB
		[Timing] CopyFromDevice (D2H) 耗时: 0.062695 ms
		[Memory] After CopyFromDevice (D2H):
		[After D2H] GPU memory: used=1364 MiB / total=12227 MiB (11.2%)
		[After D2H] CPU memory: allocated=1539 MiB, total_allocated=3077 MiB, sys=3095 MiB
		[Timing] INttOnDevice (restore canonical) 耗时: 0.443842 ms
		[Timing] toCosetLagrange 总耗时: 1.109180 ms (0.00 s)
		[Timing] MontConv(dev->nonMont) 耗时: 0.049975 ms
		[Timing] VecMulOnDevice 耗时: 0.099943 ms
		[Timing] MontConv(dev->Mont) 耗时: 0.043561 ms
		[Timing] NttOnDevice 耗时: 0.059142 ms
		[Memory] Before CopyFromDevice (D2H): poly size=512 coefficients, 16384 bytes (0.02 MiB)
		[Memory] Before CopyFromDevice (D2H):
		[Before D2H] GPU memory: used=1364 MiB / total=12227 MiB (11.2%)
		[Before D2H] CPU memory: allocated=1539 MiB, total_allocated=3077 MiB, sys=3095 MiB
		[Timing] CopyFromDevice (D2H) 耗时: 0.070667 ms
		[Memory] After CopyFromDevice (D2H):
		[After D2H] GPU memory: used=1364 MiB / total=12227 MiB (11.2%)
		[After D2H] CPU memory: allocated=1539 MiB, total_allocated=3077 MiB, sys=3095 MiB
		[Timing] INttOnDevice (restore canonical) 耗时: 0.205054 ms
		[Timing] toCosetLagrange 总耗时: 0.939015 ms (0.00 s)
		[Timing] MontConv(dev->nonMont) 耗时: 0.089501 ms
		[Timing] VecMulOnDevice 耗时: 0.140733 ms
		[Timing] MontConv(dev->Mont) 耗时: 0.072175 ms
		[Timing] NttOnDevice 耗时: 0.092106 ms
		[Memory] Before CopyFromDevice (D2H): poly size=512 coefficients, 16384 bytes (0.02 MiB)
		[Memory] Before CopyFromDevice (D2H):
		[Before D2H] GPU memory: used=1364 MiB / total=12227 MiB (11.2%)
		[Before D2H] CPU memory: allocated=1539 MiB, total_allocated=3077 MiB, sys=3095 MiB
		[Timing] CopyFromDevice (D2H) 耗时: 0.073442 ms
		[Memory] After CopyFromDevice (D2H):
		[After D2H] GPU memory: used=1364 MiB / total=12227 MiB (11.2%)
		[After D2H] CPU memory: allocated=1539 MiB, total_allocated=3077 MiB, sys=3095 MiB
		[Timing] INttOnDevice (restore canonical) 耗时: 0.105029 ms
		[Timing] toCosetLagrange 总耗时: 0.875523 ms (0.00 s)
		[Timing] MontConv(dev->nonMont) 耗时: 0.067170 ms
		[Timing] VecMulOnDevice 耗时: 0.049772 ms
		[Timing] MontConv(dev->Mont) 耗时: 0.041692 ms
		[Timing] NttOnDevice 耗时: 0.058910 ms
		[Memory] Before CopyFromDevice (D2H): poly size=512 coefficients, 16384 bytes (0.02 MiB)
		[Memory] Before CopyFromDevice (D2H):
		[Before D2H] GPU memory: used=1364 MiB / total=12227 MiB (11.2%)
		[Before D2H] CPU memory: allocated=1539 MiB, total_allocated=3077 MiB, sys=3095 MiB
		[Timing] CopyFromDevice (D2H) 耗时: 0.092187 ms
		[Memory] After CopyFromDevice (D2H):
		[After D2H] GPU memory: used=1364 MiB / total=12227 MiB (11.2%)
		[After D2H] CPU memory: allocated=1539 MiB, total_allocated=3077 MiB, sys=3095 MiB
		[Timing] INttOnDevice (restore canonical) 耗时: 0.087288 ms
		[Timing] toCosetLagrange 总耗时: 0.711374 ms (0.00 s)
		[Timing] MontConv(dev->nonMont) 耗时: 0.051255 ms
		[Timing] VecMulOnDevice 耗时: 0.043337 ms
		[Timing] MontConv(dev->Mont) 耗时: 0.053762 ms
		[Timing] NttOnDevice 耗时: 0.078886 ms
		[Memory] Before CopyFromDevice (D2H): poly size=512 coefficients, 16384 bytes (0.02 MiB)
		[Memory] Before CopyFromDevice (D2H):
		[Before D2H] GPU memory: used=1364 MiB / total=12227 MiB (11.2%)
		[Before D2H] CPU memory: allocated=1539 MiB, total_allocated=3077 MiB, sys=3095 MiB
		[Timing] CopyFromDevice (D2H) 耗时: 0.092450 ms
		[Memory] After CopyFromDevice (D2H):
		[After D2H] GPU memory: used=1364 MiB / total=12227 MiB (11.2%)
		[After D2H] CPU memory: allocated=1539 MiB, total_allocated=3077 MiB, sys=3095 MiB
		[Timing] INttOnDevice (restore canonical) 耗时: 0.096871 ms
		[Timing] toCosetLagrange 总耗时: 0.723848 ms (0.00 s)
		[Timing] MontConv(dev->nonMont) 耗时: 0.050288 ms
		[Timing] VecMulOnDevice 耗时: 0.048125 ms
		[Timing] MontConv(dev->Mont) 耗时: 0.047580 ms
		[Timing] NttOnDevice 耗时: 0.064652 ms
		[Memory] Before CopyFromDevice (D2H): poly size=512 coefficients, 16384 bytes (0.02 MiB)
		[Memory] Before CopyFromDevice (D2H):
		[Before D2H] GPU memory: used=1364 MiB / total=12227 MiB (11.2%)
		[Before D2H] CPU memory: allocated=1539 MiB, total_allocated=3077 MiB, sys=3095 MiB
		[Timing] CopyFromDevice (D2H) 耗时: 0.062436 ms
		[Memory] After CopyFromDevice (D2H):
		[After D2H] GPU memory: used=1364 MiB / total=12227 MiB (11.2%)
		[After D2H] CPU memory: allocated=1539 MiB, total_allocated=3077 MiB, sys=3095 MiB
		[Timing] INttOnDevice (restore canonical) 耗时: 0.098466 ms
		[Timing] toCosetLagrange 总耗时: 0.707779 ms (0.00 s)
		computeNumerator() || batchApply 耗时: 11.046098 ms
		[Memory] After batchApply (toCosetLagrange):
		[After batchApply] GPU memory: <unavailable> (err=10)
		[After batchApply] CPU memory: allocated=1539 MiB, total_allocated=3077 MiB, sys=3095 MiB
		[Memory] Processed 14 polynomials
		[Memory] Processing 14 polynomials in batchApply
		[Memory] Processing poly[0] (GPU): 512 coefficients, 16384 bytes (0.02 MiB)
		[Memory] Processing poly[1] (GPU): 512 coefficients, 16384 bytes (0.02 MiB)
		[Memory] Processing poly[2] (GPU): 512 coefficients, 16384 bytes (0.02 MiB)
		[Memory] Processing poly[3] (GPU): 512 coefficients, 16384 bytes (0.02 MiB)
		[Memory] Processing poly[5] (GPU): 512 coefficients, 16384 bytes (0.02 MiB)
		[Memory] Processing poly[6] (GPU): 512 coefficients, 16384 bytes (0.02 MiB)
		[Memory] Processing poly[7] (GPU): 512 coefficients, 16384 bytes (0.02 MiB)
		[Memory] Processing poly[8] (GPU): 512 coefficients, 16384 bytes (0.02 MiB)
		[Memory] Processing poly[9] (GPU): 512 coefficients, 16384 bytes (0.02 MiB)
		[Memory] Processing poly[10] (GPU): 512 coefficients, 16384 bytes (0.02 MiB)
		[Memory] Processing poly[11] (GPU): 512 coefficients, 16384 bytes (0.02 MiB)
		[Memory] Processing poly[12] (GPU): 512 coefficients, 16384 bytes (0.02 MiB)
		[Memory] Processing poly[13] (GPU): 512 coefficients, 16384 bytes (0.02 MiB)
		[Memory] Processing poly[14] (GPU): 512 coefficients, 16384 bytes (0.02 MiB)
		[Memory] Before batchApply (toCosetLagrange):
		[Before batchApply] GPU memory: <unavailable> (err=10)
		[Before batchApply] CPU memory: allocated=1539 MiB, total_allocated=3077 MiB, sys=3095 MiB
		[Timing] MontConv(dev->nonMont) 耗时: 0.087949 ms
		[Timing] VecMulOnDevice 耗时: 0.069284 ms
		[Timing] MontConv(dev->Mont) 耗时: 0.048325 ms
		[Timing] NttOnDevice 耗时: 0.070339 ms
		[Memory] Before CopyFromDevice (D2H): poly size=512 coefficients, 16384 bytes (0.02 MiB)
		[Memory] Before CopyFromDevice (D2H):
		[Before D2H] GPU memory: used=1364 MiB / total=12227 MiB (11.2%)
		[Before D2H] CPU memory: allocated=1539 MiB, total_allocated=3077 MiB, sys=3095 MiB
		[Timing] CopyFromDevice (D2H) 耗时: 0.068349 ms
		[Memory] After CopyFromDevice (D2H):
		[After D2H] GPU memory: used=1364 MiB / total=12227 MiB (11.2%)
		[After D2H] CPU memory: allocated=1539 MiB, total_allocated=3077 MiB, sys=3095 MiB
		[Timing] INttOnDevice (restore canonical) 耗时: 0.096498 ms
		[Timing] toCosetLagrange 总耗时: 0.775548 ms (0.00 s)
		[Timing] MontConv(dev->nonMont) 耗时: 0.049189 ms
		[Timing] VecMulOnDevice 耗时: 0.043736 ms
		[Timing] MontConv(dev->Mont) 耗时: 0.059376 ms
		[Timing] NttOnDevice 耗时: 0.091619 ms
		[Memory] Before CopyFromDevice (D2H): poly size=512 coefficients, 16384 bytes (0.02 MiB)
		[Memory] Before CopyFromDevice (D2H):
		[Before D2H] GPU memory: used=1364 MiB / total=12227 MiB (11.2%)
		[Before D2H] CPU memory: allocated=1539 MiB, total_allocated=3077 MiB, sys=3095 MiB
		[Timing] CopyFromDevice (D2H) 耗时: 0.062476 ms
		[Memory] After CopyFromDevice (D2H):
		[After D2H] GPU memory: used=1364 MiB / total=12227 MiB (11.2%)
		[After D2H] CPU memory: allocated=1539 MiB, total_allocated=3077 MiB, sys=3095 MiB
		[Timing] INttOnDevice (restore canonical) 耗时: 0.092937 ms
		[Timing] toCosetLagrange 总耗时: 0.728620 ms (0.00 s)
		[Timing] MontConv(dev->nonMont) 耗时: 0.053315 ms
		[Timing] VecMulOnDevice 耗时: 0.045998 ms
		[Timing] MontConv(dev->Mont) 耗时: 0.045410 ms
		[Timing] NttOnDevice 耗时: 0.059448 ms
		[Memory] Before CopyFromDevice (D2H): poly size=512 coefficients, 16384 bytes (0.02 MiB)
		[Memory] Before CopyFromDevice (D2H):
		[Before D2H] GPU memory: used=1364 MiB / total=12227 MiB (11.2%)
		[Before D2H] CPU memory: allocated=1539 MiB, total_allocated=3077 MiB, sys=3095 MiB
		[Timing] CopyFromDevice (D2H) 耗时: 0.067166 ms
		[Memory] After CopyFromDevice (D2H):
		[After D2H] GPU memory: used=1364 MiB / total=12227 MiB (11.2%)
		[After D2H] CPU memory: allocated=1539 MiB, total_allocated=3077 MiB, sys=3095 MiB
		[Timing] INttOnDevice (restore canonical) 耗时: 0.178215 ms
		[Timing] toCosetLagrange 总耗时: 0.864851 ms (0.00 s)
		[Timing] MontConv(dev->nonMont) 耗时: 0.111903 ms
		[Timing] VecMulOnDevice 耗时: 0.094149 ms
		[Timing] MontConv(dev->Mont) 耗时: 0.091016 ms
		[Timing] NttOnDevice 耗时: 0.085545 ms
		[Memory] Before CopyFromDevice (D2H): poly size=512 coefficients, 16384 bytes (0.02 MiB)
		[Memory] Before CopyFromDevice (D2H):
		[Before D2H] GPU memory: used=1364 MiB / total=12227 MiB (11.2%)
		[Before D2H] CPU memory: allocated=1539 MiB, total_allocated=3077 MiB, sys=3095 MiB
		[Timing] CopyFromDevice (D2H) 耗时: 0.067075 ms
		[Memory] After CopyFromDevice (D2H):
		[After D2H] GPU memory: used=1364 MiB / total=12227 MiB (11.2%)
		[After D2H] CPU memory: allocated=1539 MiB, total_allocated=3077 MiB, sys=3095 MiB
		[Timing] INttOnDevice (restore canonical) 耗时: 0.111755 ms
		[Timing] toCosetLagrange 总耗时: 0.883223 ms (0.00 s)
		[Timing] MontConv(dev->nonMont) 耗时: 0.059154 ms
		[Timing] VecMulOnDevice 耗时: 0.048414 ms
		[Timing] MontConv(dev->Mont) 耗时: 0.050535 ms
		[Timing] NttOnDevice 耗时: 0.064028 ms
		[Memory] Before CopyFromDevice (D2H): poly size=512 coefficients, 16384 bytes (0.02 MiB)
		[Memory] Before CopyFromDevice (D2H):
		[Before D2H] GPU memory: used=1364 MiB / total=12227 MiB (11.2%)
		[Before D2H] CPU memory: allocated=1539 MiB, total_allocated=3077 MiB, sys=3095 MiB
		[Timing] CopyFromDevice (D2H) 耗时: 0.071971 ms
		[Memory] After CopyFromDevice (D2H):
		[After D2H] GPU memory: used=1364 MiB / total=12227 MiB (11.2%)
		[After D2H] CPU memory: allocated=1539 MiB, total_allocated=3077 MiB, sys=3095 MiB
		[Timing] INttOnDevice (restore canonical) 耗时: 0.118919 ms
		[Timing] toCosetLagrange 总耗时: 0.769210 ms (0.00 s)
		[Timing] MontConv(dev->nonMont) 耗时: 0.068839 ms
		[Timing] VecMulOnDevice 耗时: 0.043646 ms
		[Timing] MontConv(dev->Mont) 耗时: 0.045413 ms
		[Timing] NttOnDevice 耗时: 0.068571 ms
		[Memory] Before CopyFromDevice (D2H): poly size=512 coefficients, 16384 bytes (0.02 MiB)
		[Memory] Before CopyFromDevice (D2H):
		[Before D2H] GPU memory: used=1364 MiB / total=12227 MiB (11.2%)
		[Before D2H] CPU memory: allocated=1539 MiB, total_allocated=3077 MiB, sys=3095 MiB
		[Timing] CopyFromDevice (D2H) 耗时: 0.049824 ms
		[Memory] After CopyFromDevice (D2H):
		[After D2H] GPU memory: used=1364 MiB / total=12227 MiB (11.2%)
		[After D2H] CPU memory: allocated=1539 MiB, total_allocated=3077 MiB, sys=3095 MiB
		[Timing] INttOnDevice (restore canonical) 耗时: 0.107533 ms
		[Timing] toCosetLagrange 总耗时: 0.693270 ms (0.00 s)
		[Timing] MontConv(dev->nonMont) 耗时: 0.051432 ms
		[Timing] VecMulOnDevice 耗时: 0.052528 ms
		[Timing] MontConv(dev->Mont) 耗时: 0.044644 ms
		[Timing] NttOnDevice 耗时: 0.066376 ms
		[Memory] Before CopyFromDevice (D2H): poly size=512 coefficients, 16384 bytes (0.02 MiB)
		[Memory] Before CopyFromDevice (D2H):
		[Before D2H] GPU memory: used=1364 MiB / total=12227 MiB (11.2%)
		[Before D2H] CPU memory: allocated=1539 MiB, total_allocated=3077 MiB, sys=3095 MiB
		[Timing] CopyFromDevice (D2H) 耗时: 0.059900 ms
		[Memory] After CopyFromDevice (D2H):
		[After D2H] GPU memory: used=1364 MiB / total=12227 MiB (11.2%)
		[After D2H] CPU memory: allocated=1539 MiB, total_allocated=3077 MiB, sys=3095 MiB
		[Timing] INttOnDevice (restore canonical) 耗时: 0.173324 ms
		[Timing] toCosetLagrange 总耗时: 0.768246 ms (0.00 s)
		[Timing] MontConv(dev->nonMont) 耗时: 0.085509 ms
		[Timing] VecMulOnDevice 耗时: 0.077803 ms
		[Timing] MontConv(dev->Mont) 耗时: 0.068439 ms
		[Timing] NttOnDevice 耗时: 0.075501 ms
		[Memory] Before CopyFromDevice (D2H): poly size=512 coefficients, 16384 bytes (0.02 MiB)
		[Memory] Before CopyFromDevice (D2H):
		[Before D2H] GPU memory: used=1364 MiB / total=12227 MiB (11.2%)
		[Before D2H] CPU memory: allocated=1539 MiB, total_allocated=3077 MiB, sys=3095 MiB
		[Timing] CopyFromDevice (D2H) 耗时: 0.060936 ms
		[Memory] After CopyFromDevice (D2H):
		[After D2H] GPU memory: used=1364 MiB / total=12227 MiB (11.2%)
		[After D2H] CPU memory: allocated=1539 MiB, total_allocated=3077 MiB, sys=3095 MiB
		[Timing] INttOnDevice (restore canonical) 耗时: 0.119145 ms
		[Timing] toCosetLagrange 总耗时: 0.801031 ms (0.00 s)
		[Timing] MontConv(dev->nonMont) 耗时: 0.088636 ms
		[Timing] VecMulOnDevice 耗时: 0.074443 ms
		[Timing] MontConv(dev->Mont) 耗时: 0.071416 ms
		[Timing] NttOnDevice 耗时: 0.076530 ms
		[Memory] Before CopyFromDevice (D2H): poly size=512 coefficients, 16384 bytes (0.02 MiB)
		[Memory] Before CopyFromDevice (D2H):
		[Before D2H] GPU memory: used=1364 MiB / total=12227 MiB (11.2%)
		[Before D2H] CPU memory: allocated=1539 MiB, total_allocated=3077 MiB, sys=3095 MiB
		[Timing] CopyFromDevice (D2H) 耗时: 0.061497 ms
		[Memory] After CopyFromDevice (D2H):
		[After D2H] GPU memory: used=1364 MiB / total=12227 MiB (11.2%)
		[After D2H] CPU memory: allocated=1539 MiB, total_allocated=3077 MiB, sys=3095 MiB
		[Timing] INttOnDevice (restore canonical) 耗时: 0.122449 ms
		[Timing] toCosetLagrange 总耗时: 0.808496 ms (0.00 s)
		[Timing] MontConv(dev->nonMont) 耗时: 0.085438 ms
		[Timing] VecMulOnDevice 耗时: 0.103027 ms
		[Timing] MontConv(dev->Mont) 耗时: 0.079805 ms
		[Timing] NttOnDevice 耗时: 0.110778 ms
		[Memory] Before CopyFromDevice (D2H): poly size=512 coefficients, 16384 bytes (0.02 MiB)
		[Memory] Before CopyFromDevice (D2H):
		[Before D2H] GPU memory: used=1364 MiB / total=12227 MiB (11.2%)
		[Before D2H] CPU memory: allocated=1539 MiB, total_allocated=3077 MiB, sys=3095 MiB
		[Timing] CopyFromDevice (D2H) 耗时: 0.062871 ms
		[Memory] After CopyFromDevice (D2H):
		[After D2H] GPU memory: used=1364 MiB / total=12227 MiB (11.2%)
		[After D2H] CPU memory: allocated=1539 MiB, total_allocated=3077 MiB, sys=3095 MiB
		[Timing] INttOnDevice (restore canonical) 耗时: 0.129390 ms
		[Timing] toCosetLagrange 总耗时: 0.878295 ms (0.00 s)
		[Timing] MontConv(dev->nonMont) 耗时: 0.067395 ms
		[Timing] VecMulOnDevice 耗时: 0.065947 ms
		[Timing] MontConv(dev->Mont) 耗时: 0.089436 ms
		[Timing] NttOnDevice 耗时: 0.101881 ms
		[Memory] Before CopyFromDevice (D2H): poly size=512 coefficients, 16384 bytes (0.02 MiB)
		[Memory] Before CopyFromDevice (D2H):
		[Before D2H] GPU memory: used=1364 MiB / total=12227 MiB (11.2%)
		[Before D2H] CPU memory: allocated=1539 MiB, total_allocated=3077 MiB, sys=3095 MiB
		[Timing] CopyFromDevice (D2H) 耗时: 0.071093 ms
		[Memory] After CopyFromDevice (D2H):
		[After D2H] GPU memory: used=1364 MiB / total=12227 MiB (11.2%)
		[After D2H] CPU memory: allocated=1539 MiB, total_allocated=3077 MiB, sys=3095 MiB
		[Timing] INttOnDevice (restore canonical) 耗时: 0.130505 ms
		[Timing] toCosetLagrange 总耗时: 0.861443 ms (0.00 s)
		[Timing] MontConv(dev->nonMont) 耗时: 0.086341 ms
		[Timing] VecMulOnDevice 耗时: 0.074702 ms
		[Timing] MontConv(dev->Mont) 耗时: 0.202390 ms
		[Timing] NttOnDevice 耗时: 0.144867 ms
		[Memory] Before CopyFromDevice (D2H): poly size=512 coefficients, 16384 bytes (0.02 MiB)
		[Memory] Before CopyFromDevice (D2H):
		[Before D2H] GPU memory: used=1364 MiB / total=12227 MiB (11.2%)
		[Before D2H] CPU memory: allocated=1539 MiB, total_allocated=3077 MiB, sys=3095 MiB
		[Timing] CopyFromDevice (D2H) 耗时: 0.097873 ms
		[Memory] After CopyFromDevice (D2H):
		[After D2H] GPU memory: used=1364 MiB / total=12227 MiB (11.2%)
		[After D2H] CPU memory: allocated=1539 MiB, total_allocated=3077 MiB, sys=3095 MiB
		[Timing] INttOnDevice (restore canonical) 耗时: 0.128296 ms
		[Timing] toCosetLagrange 总耗时: 1.171289 ms (0.00 s)
		[Timing] MontConv(dev->nonMont) 耗时: 0.098706 ms
		[Timing] VecMulOnDevice 耗时: 0.191841 ms
		[Timing] MontConv(dev->Mont) 耗时: 0.085909 ms
		[Timing] NttOnDevice 耗时: 0.090091 ms
		[Memory] Before CopyFromDevice (D2H): poly size=512 coefficients, 16384 bytes (0.02 MiB)
		[Memory] Before CopyFromDevice (D2H):
		[Before D2H] GPU memory: used=1364 MiB / total=12227 MiB (11.2%)
		[Before D2H] CPU memory: allocated=1539 MiB, total_allocated=3077 MiB, sys=3095 MiB
		[Timing] CopyFromDevice (D2H) 耗时: 0.101792 ms
		[Memory] After CopyFromDevice (D2H):
		[After D2H] GPU memory: used=1364 MiB / total=12227 MiB (11.2%)
		[After D2H] CPU memory: allocated=1539 MiB, total_allocated=3077 MiB, sys=3095 MiB
		[Timing] INttOnDevice (restore canonical) 耗时: 0.263276 ms
		[Timing] toCosetLagrange 总耗时: 1.362239 ms (0.00 s)
		[Timing] MontConv(dev->nonMont) 耗时: 0.082913 ms
		[Timing] VecMulOnDevice 耗时: 0.147399 ms
		[Timing] MontConv(dev->Mont) 耗时: 0.071348 ms
		[Timing] NttOnDevice 耗时: 0.177016 ms
		[Memory] Before CopyFromDevice (D2H): poly size=512 coefficients, 16384 bytes (0.02 MiB)
		[Memory] Before CopyFromDevice (D2H):
		[Before D2H] GPU memory: used=1364 MiB / total=12227 MiB (11.2%)
		[Before D2H] CPU memory: allocated=1539 MiB, total_allocated=3077 MiB, sys=3095 MiB
		[Timing] CopyFromDevice (D2H) 耗时: 0.085443 ms
		[Memory] After CopyFromDevice (D2H):
		[After D2H] GPU memory: used=1364 MiB / total=12227 MiB (11.2%)
		[After D2H] CPU memory: allocated=1539 MiB, total_allocated=3077 MiB, sys=3095 MiB
		[Timing] INttOnDevice (restore canonical) 耗时: 0.383642 ms
		[Timing] toCosetLagrange 总耗时: 1.477340 ms (0.00 s)
		computeNumerator() || batchApply 耗时: 13.064717 ms
		[Memory] After batchApply (toCosetLagrange):
		[After batchApply] GPU memory: <unavailable> (err=10)
		[After batchApply] CPU memory: allocated=1539 MiB, total_allocated=3077 MiB, sys=3095 MiB
		[Memory] Processed 14 polynomials
		[Memory] Processing 14 polynomials in batchApply
		[Memory] Processing poly[0] (GPU): 512 coefficients, 16384 bytes (0.02 MiB)
		[Memory] Processing poly[1] (GPU): 512 coefficients, 16384 bytes (0.02 MiB)
		[Memory] Processing poly[2] (GPU): 512 coefficients, 16384 bytes (0.02 MiB)
		[Memory] Processing poly[3] (GPU): 512 coefficients, 16384 bytes (0.02 MiB)
		[Memory] Processing poly[5] (GPU): 512 coefficients, 16384 bytes (0.02 MiB)
		[Memory] Processing poly[6] (GPU): 512 coefficients, 16384 bytes (0.02 MiB)
		[Memory] Processing poly[7] (GPU): 512 coefficients, 16384 bytes (0.02 MiB)
		[Memory] Processing poly[8] (GPU): 512 coefficients, 16384 bytes (0.02 MiB)
		[Memory] Processing poly[9] (GPU): 512 coefficients, 16384 bytes (0.02 MiB)
		[Memory] Processing poly[10] (GPU): 512 coefficients, 16384 bytes (0.02 MiB)
		[Memory] Processing poly[11] (GPU): 512 coefficients, 16384 bytes (0.02 MiB)
		[Memory] Processing poly[12] (GPU): 512 coefficients, 16384 bytes (0.02 MiB)
		[Memory] Processing poly[13] (GPU): 512 coefficients, 16384 bytes (0.02 MiB)
		[Memory] Processing poly[14] (GPU): 512 coefficients, 16384 bytes (0.02 MiB)
		[Memory] Before batchApply (toCosetLagrange):
		[Before batchApply] GPU memory: <unavailable> (err=10)
		[Before batchApply] CPU memory: allocated=1539 MiB, total_allocated=3077 MiB, sys=3095 MiB
		[Timing] MontConv(dev->nonMont) 耗时: 0.173093 ms
		[Timing] VecMulOnDevice 耗时: 0.059738 ms
		[Timing] MontConv(dev->Mont) 耗时: 0.050411 ms
		[Timing] NttOnDevice 耗时: 0.066410 ms
		[Memory] Before CopyFromDevice (D2H): poly size=512 coefficients, 16384 bytes (0.02 MiB)
		[Memory] Before CopyFromDevice (D2H):
		[Before D2H] GPU memory: used=1364 MiB / total=12227 MiB (11.2%)
		[Before D2H] CPU memory: allocated=1539 MiB, total_allocated=3077 MiB, sys=3095 MiB
		[Timing] CopyFromDevice (D2H) 耗时: 0.107497 ms
		[Memory] After CopyFromDevice (D2H):
		[After D2H] GPU memory: used=1364 MiB / total=12227 MiB (11.2%)
		[After D2H] CPU memory: allocated=1539 MiB, total_allocated=3077 MiB, sys=3095 MiB
		[Timing] INttOnDevice (restore canonical) 耗时: 0.171819 ms
		[Timing] toCosetLagrange 总耗时: 0.947666 ms (0.00 s)
		[Timing] MontConv(dev->nonMont) 耗时: 0.083758 ms
		[Timing] VecMulOnDevice 耗时: 0.082812 ms
		[Timing] MontConv(dev->Mont) 耗时: 0.090702 ms
		[Timing] NttOnDevice 耗时: 0.078375 ms
		[Memory] Before CopyFromDevice (D2H): poly size=512 coefficients, 16384 bytes (0.02 MiB)
		[Memory] Before CopyFromDevice (D2H):
		[Before D2H] GPU memory: used=1364 MiB / total=12227 MiB (11.2%)
		[Before D2H] CPU memory: allocated=1539 MiB, total_allocated=3077 MiB, sys=3095 MiB
		[Timing] CopyFromDevice (D2H) 耗时: 0.097206 ms
		[Memory] After CopyFromDevice (D2H):
		[After D2H] GPU memory: used=1364 MiB / total=12227 MiB (11.2%)
		[After D2H] CPU memory: allocated=1539 MiB, total_allocated=3077 MiB, sys=3095 MiB
		[Timing] INttOnDevice (restore canonical) 耗时: 0.130916 ms
		[Timing] toCosetLagrange 总耗时: 0.876947 ms (0.00 s)
		[Timing] MontConv(dev->nonMont) 耗时: 0.057343 ms
		[Timing] VecMulOnDevice 耗时: 0.046463 ms
		[Timing] MontConv(dev->Mont) 耗时: 0.050328 ms
		[Timing] NttOnDevice 耗时: 0.059783 ms
		[Memory] Before CopyFromDevice (D2H): poly size=512 coefficients, 16384 bytes (0.02 MiB)
		[Memory] Before CopyFromDevice (D2H):
		[Before D2H] GPU memory: used=1364 MiB / total=12227 MiB (11.2%)
		[Before D2H] CPU memory: allocated=1539 MiB, total_allocated=3077 MiB, sys=3095 MiB
		[Timing] CopyFromDevice (D2H) 耗时: 0.053398 ms
		[Memory] After CopyFromDevice (D2H):
		[After D2H] GPU memory: used=1364 MiB / total=12227 MiB (11.2%)
		[After D2H] CPU memory: allocated=1539 MiB, total_allocated=3077 MiB, sys=3095 MiB
		[Timing] INttOnDevice (restore canonical) 耗时: 0.104107 ms
		[Timing] toCosetLagrange 总耗时: 0.689626 ms (0.00 s)
		[Timing] MontConv(dev->nonMont) 耗时: 0.043219 ms
		[Timing] VecMulOnDevice 耗时: 0.046783 ms
		[Timing] MontConv(dev->Mont) 耗时: 0.034842 ms
		[Timing] NttOnDevice 耗时: 0.068843 ms
		[Memory] Before CopyFromDevice (D2H): poly size=512 coefficients, 16384 bytes (0.02 MiB)
		[Memory] Before CopyFromDevice (D2H):
		[Before D2H] GPU memory: used=1364 MiB / total=12227 MiB (11.2%)
		[Before D2H] CPU memory: allocated=1539 MiB, total_allocated=3077 MiB, sys=3095 MiB
		[Timing] CopyFromDevice (D2H) 耗时: 0.054790 ms
		[Memory] After CopyFromDevice (D2H):
		[After D2H] GPU memory: used=1364 MiB / total=12227 MiB (11.2%)
		[After D2H] CPU memory: allocated=1539 MiB, total_allocated=3077 MiB, sys=3095 MiB
		[Timing] INttOnDevice (restore canonical) 耗时: 0.176302 ms
		[Timing] toCosetLagrange 总耗时: 0.716488 ms (0.00 s)
		[Timing] MontConv(dev->nonMont) 耗时: 0.081881 ms
		[Timing] VecMulOnDevice 耗时: 0.074228 ms
		[Timing] MontConv(dev->Mont) 耗时: 0.068978 ms
		[Timing] NttOnDevice 耗时: 0.075352 ms
		[Memory] Before CopyFromDevice (D2H): poly size=512 coefficients, 16384 bytes (0.02 MiB)
		[Memory] Before CopyFromDevice (D2H):
		[Before D2H] GPU memory: used=1364 MiB / total=12227 MiB (11.2%)
		[Before D2H] CPU memory: allocated=1539 MiB, total_allocated=3077 MiB, sys=3095 MiB
		[Timing] CopyFromDevice (D2H) 耗时: 0.061066 ms
		[Memory] After CopyFromDevice (D2H):
		[After D2H] GPU memory: used=1364 MiB / total=12227 MiB (11.2%)
		[After D2H] CPU memory: allocated=1539 MiB, total_allocated=3077 MiB, sys=3095 MiB
		[Timing] INttOnDevice (restore canonical) 耗时: 0.126478 ms
		[Timing] toCosetLagrange 总耗时: 0.769767 ms (0.00 s)
		[Timing] MontConv(dev->nonMont) 耗时: 0.091255 ms
		[Timing] VecMulOnDevice 耗时: 0.083440 ms
		[Timing] MontConv(dev->Mont) 耗时: 0.070582 ms
		[Timing] NttOnDevice 耗时: 0.082411 ms
		[Memory] Before CopyFromDevice (D2H): poly size=512 coefficients, 16384 bytes (0.02 MiB)
		[Memory] Before CopyFromDevice (D2H):
		[Before D2H] GPU memory: used=1364 MiB / total=12227 MiB (11.2%)
		[Before D2H] CPU memory: allocated=1539 MiB, total_allocated=3077 MiB, sys=3095 MiB
		[Timing] CopyFromDevice (D2H) 耗时: 0.059480 ms
		[Memory] After CopyFromDevice (D2H):
		[After D2H] GPU memory: used=1364 MiB / total=12227 MiB (11.2%)
		[After D2H] CPU memory: allocated=1539 MiB, total_allocated=3077 MiB, sys=3095 MiB
		[Timing] INttOnDevice (restore canonical) 耗时: 0.090985 ms
		[Timing] toCosetLagrange 总耗时: 0.781854 ms (0.00 s)
		[Timing] MontConv(dev->nonMont) 耗时: 0.051011 ms
		[Timing] VecMulOnDevice 耗时: 0.044096 ms
		[Timing] MontConv(dev->Mont) 耗时: 0.036814 ms
		[Timing] NttOnDevice 耗时: 0.056305 ms
		[Memory] Before CopyFromDevice (D2H): poly size=512 coefficients, 16384 bytes (0.02 MiB)
		[Memory] Before CopyFromDevice (D2H):
		[Before D2H] GPU memory: used=1364 MiB / total=12227 MiB (11.2%)
		[Before D2H] CPU memory: allocated=1539 MiB, total_allocated=3077 MiB, sys=3095 MiB
		[Timing] CopyFromDevice (D2H) 耗时: 0.106471 ms
		[Memory] After CopyFromDevice (D2H):
		[After D2H] GPU memory: used=1364 MiB / total=12227 MiB (11.2%)
		[After D2H] CPU memory: allocated=1539 MiB, total_allocated=3077 MiB, sys=3095 MiB
		[Timing] INttOnDevice (restore canonical) 耗时: 0.106376 ms
		[Timing] toCosetLagrange 总耗时: 0.694013 ms (0.00 s)
		[Timing] MontConv(dev->nonMont) 耗时: 0.069747 ms
		[Timing] VecMulOnDevice 耗时: 0.052224 ms
		[Timing] MontConv(dev->Mont) 耗时: 0.037162 ms
		[Timing] NttOnDevice 耗时: 0.063570 ms
		[Memory] Before CopyFromDevice (D2H): poly size=512 coefficients, 16384 bytes (0.02 MiB)
		[Memory] Before CopyFromDevice (D2H):
		[Before D2H] GPU memory: used=1364 MiB / total=12227 MiB (11.2%)
		[Before D2H] CPU memory: allocated=1539 MiB, total_allocated=3077 MiB, sys=3095 MiB
		[Timing] CopyFromDevice (D2H) 耗时: 0.090968 ms
		[Memory] After CopyFromDevice (D2H):
		[After D2H] GPU memory: used=1364 MiB / total=12227 MiB (11.2%)
		[After D2H] CPU memory: allocated=1539 MiB, total_allocated=3077 MiB, sys=3095 MiB
		[Timing] INttOnDevice (restore canonical) 耗时: 0.134162 ms
		[Timing] toCosetLagrange 总耗时: 0.756374 ms (0.00 s)
		[Timing] MontConv(dev->nonMont) 耗时: 0.085885 ms
		[Timing] VecMulOnDevice 耗时: 0.078685 ms
		[Timing] MontConv(dev->Mont) 耗时: 0.069555 ms
		[Timing] NttOnDevice 耗时: 0.075048 ms
		[Memory] Before CopyFromDevice (D2H): poly size=512 coefficients, 16384 bytes (0.02 MiB)
		[Memory] Before CopyFromDevice (D2H):
		[Before D2H] GPU memory: used=1364 MiB / total=12227 MiB (11.2%)
		[Before D2H] CPU memory: allocated=1539 MiB, total_allocated=3077 MiB, sys=3095 MiB
		[Timing] CopyFromDevice (D2H) 耗时: 0.059898 ms
		[Memory] After CopyFromDevice (D2H):
		[After D2H] GPU memory: used=1364 MiB / total=12227 MiB (11.2%)
		[After D2H] CPU memory: allocated=1539 MiB, total_allocated=3077 MiB, sys=3095 MiB
		[Timing] INttOnDevice (restore canonical) 耗时: 0.088508 ms
		[Timing] toCosetLagrange 总耗时: 0.725974 ms (0.00 s)
		[Timing] MontConv(dev->nonMont) 耗时: 0.043015 ms
		[Timing] VecMulOnDevice 耗时: 0.041662 ms
		[Timing] MontConv(dev->Mont) 耗时: 0.043093 ms
		[Timing] NttOnDevice 耗时: 0.064671 ms
		[Memory] Before CopyFromDevice (D2H): poly size=512 coefficients, 16384 bytes (0.02 MiB)
		[Memory] Before CopyFromDevice (D2H):
		[Before D2H] GPU memory: used=1364 MiB / total=12227 MiB (11.2%)
		[Before D2H] CPU memory: allocated=1539 MiB, total_allocated=3077 MiB, sys=3095 MiB
		[Timing] CopyFromDevice (D2H) 耗时: 0.061345 ms
		[Memory] After CopyFromDevice (D2H):
		[After D2H] GPU memory: used=1364 MiB / total=12227 MiB (11.2%)
		[After D2H] CPU memory: allocated=1539 MiB, total_allocated=3077 MiB, sys=3095 MiB
		[Timing] INttOnDevice (restore canonical) 耗时: 0.119532 ms
		[Timing] toCosetLagrange 总耗时: 0.690755 ms (0.00 s)
		[Timing] MontConv(dev->nonMont) 耗时: 0.047563 ms
		[Timing] VecMulOnDevice 耗时: 0.043452 ms
		[Timing] MontConv(dev->Mont) 耗时: 0.046013 ms
		[Timing] NttOnDevice 耗时: 0.063867 ms
		[Memory] Before CopyFromDevice (D2H): poly size=512 coefficients, 16384 bytes (0.02 MiB)
		[Memory] Before CopyFromDevice (D2H):
		[Before D2H] GPU memory: used=1364 MiB / total=12227 MiB (11.2%)
		[Before D2H] CPU memory: allocated=1539 MiB, total_allocated=3077 MiB, sys=3095 MiB
		[Timing] CopyFromDevice (D2H) 耗时: 0.050928 ms
		[Memory] After CopyFromDevice (D2H):
		[After D2H] GPU memory: used=1364 MiB / total=12227 MiB (11.2%)
		[After D2H] CPU memory: allocated=1539 MiB, total_allocated=3077 MiB, sys=3095 MiB
		[Timing] INttOnDevice (restore canonical) 耗时: 0.110784 ms
		[Timing] toCosetLagrange 总耗时: 0.666937 ms (0.00 s)
		[Timing] MontConv(dev->nonMont) 耗时: 0.053345 ms
		[Timing] VecMulOnDevice 耗时: 0.047651 ms
		[Timing] MontConv(dev->Mont) 耗时: 0.045088 ms
		[Timing] NttOnDevice 耗时: 0.061930 ms
		[Memory] Before CopyFromDevice (D2H): poly size=512 coefficients, 16384 bytes (0.02 MiB)
		[Memory] Before CopyFromDevice (D2H):
		[Before D2H] GPU memory: used=1364 MiB / total=12227 MiB (11.2%)
		[Before D2H] CPU memory: allocated=1539 MiB, total_allocated=3077 MiB, sys=3095 MiB
		[Timing] CopyFromDevice (D2H) 耗时: 0.071194 ms
		[Memory] After CopyFromDevice (D2H):
		[After D2H] GPU memory: used=1364 MiB / total=12227 MiB (11.2%)
		[After D2H] CPU memory: allocated=1539 MiB, total_allocated=3077 MiB, sys=3095 MiB
		[Timing] INttOnDevice (restore canonical) 耗时: 0.107267 ms
		[Timing] toCosetLagrange 总耗时: 0.678658 ms (0.00 s)
		[Timing] MontConv(dev->nonMont) 耗时: 0.044550 ms
		[Timing] VecMulOnDevice 耗时: 0.041022 ms
		[Timing] MontConv(dev->Mont) 耗时: 0.039460 ms
		[Timing] NttOnDevice 耗时: 0.061914 ms
		[Memory] Before CopyFromDevice (D2H): poly size=512 coefficients, 16384 bytes (0.02 MiB)
		[Memory] Before CopyFromDevice (D2H):
		[Before D2H] GPU memory: used=1364 MiB / total=12227 MiB (11.2%)
		[Before D2H] CPU memory: allocated=1539 MiB, total_allocated=3077 MiB, sys=3095 MiB
		[Timing] CopyFromDevice (D2H) 耗时: 0.072435 ms
		[Memory] After CopyFromDevice (D2H):
		[After D2H] GPU memory: used=1364 MiB / total=12227 MiB (11.2%)
		[After D2H] CPU memory: allocated=1539 MiB, total_allocated=3077 MiB, sys=3095 MiB
		[Timing] INttOnDevice (restore canonical) 耗时: 0.088878 ms
		[Timing] toCosetLagrange 总耗时: 0.633379 ms (0.00 s)
		[Timing] MontConv(dev->nonMont) 耗时: 0.050489 ms
		[Timing] VecMulOnDevice 耗时: 0.045381 ms
		[Timing] MontConv(dev->Mont) 耗时: 0.043500 ms
		[Timing] NttOnDevice 耗时: 0.060236 ms
		[Memory] Before CopyFromDevice (D2H): poly size=512 coefficients, 16384 bytes (0.02 MiB)
		[Memory] Before CopyFromDevice (D2H):
		[Before D2H] GPU memory: used=1364 MiB / total=12227 MiB (11.2%)
		[Before D2H] CPU memory: allocated=1539 MiB, total_allocated=3077 MiB, sys=3095 MiB
		[Timing] CopyFromDevice (D2H) 耗时: 0.045424 ms
		[Memory] After CopyFromDevice (D2H):
		[After D2H] GPU memory: used=1364 MiB / total=12227 MiB (11.2%)
		[After D2H] CPU memory: allocated=1539 MiB, total_allocated=3077 MiB, sys=3095 MiB
		[Timing] INttOnDevice (restore canonical) 耗时: 0.073401 ms
		[Timing] toCosetLagrange 总耗时: 0.569627 ms (0.00 s)
		computeNumerator() || batchApply 耗时: 10.338866 ms
		[Memory] After batchApply (toCosetLagrange):
		[After batchApply] GPU memory: <unavailable> (err=10)
		[After batchApply] CPU memory: allocated=1539 MiB, total_allocated=3077 MiB, sys=3095 MiB
		[Memory] Processed 14 polynomials
	computeQuotient() || computeNumerator() 耗时: 55.452368 ms
		[Memory] Before freeing uploaded polynomials:
		divideByZH() || parallelize divide 耗时: 0.229521 ms
		computeNumerator() || restore LRO 耗时: 0.288282 ms
		[Before Free] GPU memory: used=1364 MiB / total=12227 MiB (11.2%)
		[Before Free] CPU memory: allocated=1539 MiB, total_allocated=3077 MiB, sys=3095 MiB
		[Memory] Freeing 14 polynomial buffers
		[Memory] After freeing poly[0] (1/14):
		[After free poly[0]] GPU memory: used=1364 MiB / total=12227 MiB (11.2%)
		[After free poly[0]] CPU memory: allocated=1539 MiB, total_allocated=3077 MiB, sys=3095 MiB
		[Memory] After freeing poly[1] (2/14):
		divideByZH() || ToCanonical 耗时: 0.359481 ms
	computeQuotient() || divideByZH() 耗时: 0.619260 ms
		commitToQuotient() || commit h1 开始
		commitOnGPUOrCPU() || GPU 开始
		commitOnGPUOrCPU() || GPU 开始 commitMonomial
		OnDeviceCommit() || 输入验证: nScalars=514
		OnDeviceCommit() || host 开始
		OnDeviceCommit() || host 拷贝到 device 开始 (len=514)
		[After free poly[1]] GPU memory: used=1364 MiB / total=12227 MiB (11.2%)
		[After free poly[1]] CPU memory: allocated=1539 MiB, total_allocated=3077 MiB, sys=3095 MiB
		OnDeviceCommit() || host 拷贝到 device 成功
		OnDeviceCommit() || MSM 配置成功 (AreScalarsMontgomeryForm=true, AreBasesMontgomeryForm=false)
		[ICICLE] active device: type=CUDA id=0
		[Memory] After freeing poly[2] (3/14):
		[ICICLE] memory: used=1364 MiB / total=12227 MiB (11.2%)
		[After free poly[2]] GPU memory: used=1364 MiB / total=12227 MiB (11.2%)
		[After free poly[2]] CPU memory: allocated=1539 MiB, total_allocated=3077 MiB, sys=3095 MiB
		[Memory] After freeing poly[14] (14/14):
		[After free poly[14]] GPU memory: used=1364 MiB / total=12227 MiB (11.2%)
		[After free poly[14]] CPU memory: allocated=1539 MiB, total_allocated=3077 MiB, sys=3095 MiB
		[Memory] After freeing all uploaded polynomials:
		[After All Free] GPU memory: used=1364 MiB / total=12227 MiB (11.2%)
		[After All Free] CPU memory: allocated=1539 MiB, total_allocated=3077 MiB, sys=3095 MiB
		[Memory] Freed 14 polynomial buffers
		[SMI] raw="Field "cuda_version" is not a valid field to query."
		[SMI] util=2% mem=3282/12227 MiB
		OnDeviceCommit() || MSM 运行开始 (scalars=514, 期望 bases>=514)
		OnDeviceCommit() || 调用 icicle_msm.Msm() 前 [08:40:43.374707]
		OnDeviceCommit() || scalarsDev 已分配，G1Device 已就绪，outHost 已分配
		OnDeviceCommit() || 开始调用 icicle_msm.Msm()，规模=514
		OnDeviceCommit() || 检查：当前是否在 RunOnDevice 闭包内？
		OnDeviceCommit() || 当前活动设备: type=CUDA id=0
		OnDeviceCommit() || icicle_msm.Msm() 调用返回
		OnDeviceCommit() || MSM 返回时间戳: [08:40:43.381155]
		OnDeviceCommit() || MSM 返回成功状态
		OnDeviceCommit() || 调用 icicle_msm.Msm() 后，状态=EIcicleError.Success，耗时=6.452885 ms [08:40:43.381160]
		OnDeviceCommit() || MSM 运行成功
		OnDeviceCommit() || 开始转换 Projective -> Affine
		OnDeviceCommit() || blsProjectiveToGnarkAffine 成功
		OnDeviceCommit() || 完成，返回结果
		commitOnGPUOrCPU() || GPU 成功
		commitToQuotient() || commit h1 耗时: 212.023606 ms
		commitOnGPUOrCPU() || GPU 开始
		commitOnGPUOrCPU() || GPU 开始 commitMonomial
		OnDeviceCommit() || 输入验证: nScalars=514
		OnDeviceCommit() || host 开始
		OnDeviceCommit() || host 拷贝到 device 开始 (len=514)
		OnDeviceCommit() || host 拷贝到 device 成功
		OnDeviceCommit() || MSM 配置成功 (AreScalarsMontgomeryForm=true, AreBasesMontgomeryForm=false)
		[ICICLE] active device: type=CUDA id=0
		[ICICLE] memory: used=1364 MiB / total=12227 MiB (11.2%)
		[SMI] raw="Field "cuda_version" is not a valid field to query."
		[SMI] util=2% mem=3282/12227 MiB
		OnDeviceCommit() || MSM 运行开始 (scalars=514, 期望 bases>=514)
		OnDeviceCommit() || 调用 icicle_msm.Msm() 前 [08:40:43.564677]
		OnDeviceCommit() || scalarsDev 已分配，G1Device 已就绪，outHost 已分配
		OnDeviceCommit() || 开始调用 icicle_msm.Msm()，规模=514
		OnDeviceCommit() || 检查：当前是否在 RunOnDevice 闭包内？
		OnDeviceCommit() || 当前活动设备: type=CUDA id=0
		OnDeviceCommit() || icicle_msm.Msm() 调用返回
		OnDeviceCommit() || MSM 返回时间戳: [08:40:43.571048]
		OnDeviceCommit() || MSM 返回成功状态
		OnDeviceCommit() || 调用 icicle_msm.Msm() 后，状态=EIcicleError.Success，耗时=6.376647 ms [08:40:43.571054]
		OnDeviceCommit() || MSM 运行成功
		OnDeviceCommit() || 开始转换 Projective -> Affine
		OnDeviceCommit() || blsProjectiveToGnarkAffine 成功
		OnDeviceCommit() || 完成，返回结果
		commitOnGPUOrCPU() || GPU 成功
		commitToQuotient() || commit h2 耗时: 189.906891 ms
		commitOnGPUOrCPU() || GPU 开始
		commitOnGPUOrCPU() || GPU 开始 commitMonomial
		OnDeviceCommit() || 输入验证: nScalars=514
		OnDeviceCommit() || host 开始
		OnDeviceCommit() || host 拷贝到 device 开始 (len=514)
		OnDeviceCommit() || host 拷贝到 device 成功
		OnDeviceCommit() || MSM 配置成功 (AreScalarsMontgomeryForm=true, AreBasesMontgomeryForm=false)
		[ICICLE] active device: type=CUDA id=0
		[ICICLE] memory: used=1364 MiB / total=12227 MiB (11.2%)
		[SMI] raw="Field "cuda_version" is not a valid field to query."
		[SMI] util=3% mem=3282/12227 MiB
		OnDeviceCommit() || MSM 运行开始 (scalars=514, 期望 bases>=514)
		OnDeviceCommit() || 调用 icicle_msm.Msm() 前 [08:40:43.754951]
		OnDeviceCommit() || scalarsDev 已分配，G1Device 已就绪，outHost 已分配
		OnDeviceCommit() || 开始调用 icicle_msm.Msm()，规模=514
		OnDeviceCommit() || 检查：当前是否在 RunOnDevice 闭包内？
		OnDeviceCommit() || 当前活动设备: type=CUDA id=0
		OnDeviceCommit() || icicle_msm.Msm() 调用返回
		OnDeviceCommit() || MSM 返回时间戳: [08:40:43.760751]
		OnDeviceCommit() || MSM 返回成功状态
		OnDeviceCommit() || 调用 icicle_msm.Msm() 后，状态=EIcicleError.Success，耗时=5.804057 ms [08:40:43.760755]
		OnDeviceCommit() || MSM 运行成功
		OnDeviceCommit() || 开始转换 Projective -> Affine
		OnDeviceCommit() || blsProjectiveToGnarkAffine 成功
		OnDeviceCommit() || 完成，返回结果
		commitOnGPUOrCPU() || GPU 成功
		commitToQuotient() || commit h3 耗时: 189.690082 ms
	computeQuotient() || commitToQuotient() 耗时: 591.625063 ms
	computeQuotient() || deriveZeta() & clean up 耗时: 0.102090 ms
prove() -> computeQuotient 耗时: 3263.096299ms
		openZ() || wait for H to be committed and zeta to be derived 耗时: 3263.098270ms
		openZ() || getBlindedCoefficients 耗时: 0.007467ms
		computeLinearizedPolynomial() || wait for H to be committed and zeta to be derived 耗时: 3263.098452ms
		OnDeviceCommit() || 输入验证: nScalars=514
		OnDeviceCommit() || host 开始
		OnDeviceCommit() || host 拷贝到 device 开始 (len=514)
		OnDeviceCommit() || host 拷贝到 device 成功
		OnDeviceCommit() || MSM 配置成功 (AreScalarsMontgomeryForm=true, AreBasesMontgomeryForm=false)
		[ICICLE] active device: type=CUDA id=0
		[ICICLE] memory: used=1364 MiB / total=12227 MiB (11.2%)
		[SMI] raw="Field "cuda_version" is not a valid field to query."
		[SMI] util=5% mem=3282/12227 MiB
		OnDeviceCommit() || MSM 运行开始 (scalars=514, 期望 bases>=514)
		OnDeviceCommit() || 调用 icicle_msm.Msm() 前 [08:40:43.941310]
		OnDeviceCommit() || scalarsDev 已分配，G1Device 已就绪，outHost 已分配
		OnDeviceCommit() || 开始调用 icicle_msm.Msm()，规模=514
		OnDeviceCommit() || 检查：当前是否在 RunOnDevice 闭包内？
		OnDeviceCommit() || 当前活动设备: type=CUDA id=0
		OnDeviceCommit() || icicle_msm.Msm() 调用返回
		OnDeviceCommit() || MSM 返回时间戳: [08:40:43.948015]
		OnDeviceCommit() || MSM 返回成功状态
		OnDeviceCommit() || 调用 icicle_msm.Msm() 后，状态=EIcicleError.Success，耗时=6.710641 ms [08:40:43.948021]
		OnDeviceCommit() || MSM 运行成功
		OnDeviceCommit() || 开始转换 Projective -> Affine
		OnDeviceCommit() || blsProjectiveToGnarkAffine 成功
		OnDeviceCommit() || 完成，返回结果
		openZ() || Open 耗时: 187.130259ms
prove() -> openZ 耗时: 3450.240535ms
		computeLinearizedPolynomial() || innerComputeLinearizedPoly 耗时: 187.310191ms
		commitOnGPUOrCPU() || GPU 开始
		commitOnGPUOrCPU() || GPU 开始 commitMonomial
		OnDeviceCommit() || 输入验证: nScalars=515
		OnDeviceCommit() || host 开始
		OnDeviceCommit() || host 拷贝到 device 开始 (len=515)
		OnDeviceCommit() || host 拷贝到 device 成功
		OnDeviceCommit() || MSM 配置成功 (AreScalarsMontgomeryForm=true, AreBasesMontgomeryForm=false)
		[ICICLE] active device: type=CUDA id=0
		[ICICLE] memory: used=1364 MiB / total=12227 MiB (11.2%)
		[SMI] raw="Field "cuda_version" is not a valid field to query."
		[SMI] util=3% mem=3282/12227 MiB
		OnDeviceCommit() || MSM 运行开始 (scalars=515, 期望 bases>=515)
		OnDeviceCommit() || 调用 icicle_msm.Msm() 前 [08:40:44.139196]
		OnDeviceCommit() || scalarsDev 已分配，G1Device 已就绪，outHost 已分配
		OnDeviceCommit() || 开始调用 icicle_msm.Msm()，规模=515
		OnDeviceCommit() || 检查：当前是否在 RunOnDevice 闭包内？
		OnDeviceCommit() || 当前活动设备: type=CUDA id=0
		OnDeviceCommit() || icicle_msm.Msm() 调用返回
		OnDeviceCommit() || MSM 返回时间戳: [08:40:44.145300]
		OnDeviceCommit() || MSM 返回成功状态
		OnDeviceCommit() || 调用 icicle_msm.Msm() 后，状态=EIcicleError.Success，耗时=6.110606 ms [08:40:44.145307]
		OnDeviceCommit() || MSM 运行成功
		OnDeviceCommit() || 开始转换 Projective -> Affine
		OnDeviceCommit() || blsProjectiveToGnarkAffine 成功
		OnDeviceCommit() || 完成，返回结果
		commitOnGPUOrCPU() || GPU 成功
		computeLinearizedPolynomial() || kzg.Commit 耗时: 197.093301 ms
prove() -> computeLinearizedPolynomial 耗时: 3647.536423ms
		batchOpening() || wait for linearizedPolynomial 耗时: 3647.555381ms
		batchOpening() || prepare polysToOpen and digestsToOpen 耗时: 0.006925ms
		commitOnGPUOrCPU() || GPU 开始
		commitOnGPUOrCPU() || GPU 开始 commitMonomial
		OnDeviceCommit() || 输入验证: nScalars=514
		OnDeviceCommit() || host 开始
		OnDeviceCommit() || host 拷贝到 device 开始 (len=514)
		OnDeviceCommit() || host 拷贝到 device 成功
		OnDeviceCommit() || MSM 配置成功 (AreScalarsMontgomeryForm=true, AreBasesMontgomeryForm=false)
		[ICICLE] active device: type=CUDA id=0
		[ICICLE] memory: used=1364 MiB / total=12227 MiB (11.2%)
		[SMI] raw="Field "cuda_version" is not a valid field to query."
		[SMI] util=3% mem=3282/12227 MiB
		OnDeviceCommit() || MSM 运行开始 (scalars=514, 期望 bases>=514)
		OnDeviceCommit() || 调用 icicle_msm.Msm() 前 [08:40:44.350246]
		OnDeviceCommit() || scalarsDev 已分配，G1Device 已就绪，outHost 已分配
		OnDeviceCommit() || 开始调用 icicle_msm.Msm()，规模=514
		OnDeviceCommit() || 检查：当前是否在 RunOnDevice 闭包内？
		OnDeviceCommit() || 当前活动设备: type=CUDA id=0
		OnDeviceCommit() || icicle_msm.Msm() 调用返回
		OnDeviceCommit() || MSM 返回时间戳: [08:40:44.356699]
		OnDeviceCommit() || MSM 返回成功状态
		OnDeviceCommit() || 调用 icicle_msm.Msm() 后，状态=EIcicleError.Success，耗时=6.459254 ms [08:40:44.356706]
		OnDeviceCommit() || MSM 运行成功
		OnDeviceCommit() || 开始转换 Projective -> Affine
		OnDeviceCommit() || blsProjectiveToGnarkAffine 成功
		OnDeviceCommit() || 完成，返回结果
		commitOnGPUOrCPU() || GPU 成功
		batchOpening() || BatchOpenSinglePoint 耗时: 211.383136ms
prove() -> batchOpening 耗时: 3858.958491ms
prove() -> prove() 总耗时: 3859.245929ms
prove inner 耗时: 6329.722557 ms
verify inner 耗时: 2.974000 ms
assemble Poseidon2-FS inputs 耗时: 1.003025 ms
compile outer(frontend.Compile) 耗时: 3752.451265 ms
[outer] nbConstraints=6312220 nbPublic=4 nbSecret=168
solve outer 耗时: 2310.512601ms
outer circuit solved
compile outer(pkOuter.Compile) 耗时: 30373.367483 ms
[INFO] ICICLE backend loaded from $ICICLE_BACKEND_INSTALL_DIR=/usr/local/lib/backend
		[Memory] Before CopyToDevice G1:
		[Before] GPU memory: used=1364 MiB / total=12227 MiB (11.2%)
		[Before] CPU memory: allocated=3841 MiB, total_allocated=31140 MiB, sys=10166 MiB
		[Memory] G1 data size: 8388611 elements, 805306656 bytes (768.00 MiB)
		[Memory] After CopyToDevice G1:
		[After G1] GPU memory: used=2134 MiB / total=12227 MiB (17.5%)
		[After G1] CPU memory: allocated=3841 MiB, total_allocated=31140 MiB, sys=10166 MiB
		[Memory] G1Lagrange data size: 8388608 elements, 805306368 bytes (768.00 MiB)
		[Memory] After CopyToDevice G1Lagrange:
		[After G1Lagrange] GPU memory: used=2902 MiB / total=12227 MiB (23.7%)
		[After G1Lagrange] CPU memory: allocated=3841 MiB, total_allocated=31140 MiB, sys=10166 MiB
		[Memory] Before CopyToDevice tables:
		[Before Tables] GPU memory: used=2902 MiB / total=12227 MiB (23.7%)
		[Before Tables] CPU memory: allocated=3089 MiB, total_allocated=32180 MiB, sys=10166 MiB
		[Memory] cosetTable size: 8388608 elements, 268435456 bytes (256.00 MiB)
		[Memory] After CopyToDevice cosetTable:
		[After cosetTable] GPU memory: used=3158 MiB / total=12227 MiB (25.8%)
		[After cosetTable] CPU memory: allocated=3089 MiB, total_allocated=32180 MiB, sys=10166 MiB
		[Memory] cosetTableRev size: 8388608 elements, 268435456 bytes (256.00 MiB)
		[Memory] After CopyToDevice cosetTableRev:
		[After cosetTableRev] GPU memory: used=3414 MiB / total=12227 MiB (27.9%)
		[After cosetTableRev] CPU memory: allocated=3089 MiB, total_allocated=32180 MiB, sys=10166 MiB
		[Memory] BigTwiddlesN size: 8388608 elements, 268435456 bytes (256.00 MiB)
		[Memory] After CopyToDevice BigTwiddlesN:
		[After BigTwiddlesN] GPU memory: used=3670 MiB / total=12227 MiB (30.0%)
		[After BigTwiddlesN] CPU memory: allocated=3089 MiB, total_allocated=32180 MiB, sys=10166 MiB
		[Memory] BigTwiddlesNRev size: 8388608 elements, 268435456 bytes (256.00 MiB)
		[Memory] After CopyToDevice BigTwiddlesNRev:
		[After BigTwiddlesNRev] GPU memory: used=3926 MiB / total=12227 MiB (32.1%)
		[After BigTwiddlesNRev] CPU memory: allocated=3089 MiB, total_allocated=32180 MiB, sys=10166 MiB
		[Memory] After all CopyToDevice operations:
		[Final] GPU memory: used=3926 MiB / total=12227 MiB (32.1%)
		[Final] CPU memory: allocated=3089 MiB, total_allocated=32180 MiB, sys=10166 MiB
prove() -> icicle device setup 耗时: 2493.325257ms
prove() -> initBlindingPolynomials 耗时: 0.031293ms
		commitOnGPUOrCPU() || GPU 开始
		commitOnGPUOrCPU() || GPU 开始 commitLagrange
		OnDeviceCommit() || 输入验证: nScalars=8388608
		OnDeviceCommit() || host 开始
		OnDeviceCommit() || host 拷贝到 device 开始 (len=8388608)
		OnDeviceCommit() || host 拷贝到 device 成功
		OnDeviceCommit() || MSM 配置成功 (AreScalarsMontgomeryForm=true, AreBasesMontgomeryForm=false)
		[ICICLE] active device: type=CUDA id=0
		[ICICLE] memory: used=4182 MiB / total=12227 MiB (34.2%)
		[SMI] raw="Field "cuda_version" is not a valid field to query."
		[SMI] util=11% mem=6096/12227 MiB
		OnDeviceCommit() || MSM 运行开始 (scalars=8388608, 期望 bases>=8388608)
		OnDeviceCommit() || 调用 icicle_msm.Msm() 前 [08:41:28.797912]
		OnDeviceCommit() || scalarsDev 已分配，G1Device 已就绪，outHost 已分配
		OnDeviceCommit() || 开始调用 icicle_msm.Msm()，规模=8388608
		OnDeviceCommit() || 检查：当前是否在 RunOnDevice 闭包内？
		OnDeviceCommit() || 当前活动设备: type=CUDA id=0
		OnDeviceCommit() || icicle_msm.Msm() 调用返回
		OnDeviceCommit() || MSM 返回时间戳: [08:41:29.068854]
		OnDeviceCommit() || MSM 返回成功状态
		OnDeviceCommit() || 调用 icicle_msm.Msm() 后，状态=EIcicleError.Success，耗时=270.949755 ms [08:41:29.068862]
		OnDeviceCommit() || MSM 运行成功
		OnDeviceCommit() || 开始转换 Projective -> Affine
		OnDeviceCommit() || blsProjectiveToGnarkAffine 成功
		OnDeviceCommit() || 完成，返回结果
		commitOnGPUOrCPU() || GPU 成功
	solveConstraints() || s.spr.Solve() (L, R, O) 耗时: 2192.133464 ms
	solveConstraints() || sets x[id_L], x[id_R], x[id_O] 耗时: 0.018881 ms
		commitOnGPUOrCPU() || GPU 开始
		commitOnGPUOrCPU() || GPU 开始 commitLagrange
		OnDeviceCommit() || 输入验证: nScalars=8388608
		OnDeviceCommit() || host 开始
		OnDeviceCommit() || host 拷贝到 device 开始 (len=8388608)
		OnDeviceCommit() || host 拷贝到 device 成功
		OnDeviceCommit() || MSM 配置成功 (AreScalarsMontgomeryForm=true, AreBasesMontgomeryForm=false)
		[ICICLE] active device: type=CUDA id=0
		[ICICLE] memory: used=4182 MiB / total=12227 MiB (34.2%)
		[SMI] raw="Field "cuda_version" is not a valid field to query."
		[SMI] util=11% mem=6096/12227 MiB
		OnDeviceCommit() || MSM 运行开始 (scalars=8388608, 期望 bases>=8388608)
		OnDeviceCommit() || 调用 icicle_msm.Msm() 前 [08:41:29.899728]
		OnDeviceCommit() || scalarsDev 已分配，G1Device 已就绪，outHost 已分配
		OnDeviceCommit() || 开始调用 icicle_msm.Msm()，规模=8388608
		OnDeviceCommit() || 检查：当前是否在 RunOnDevice 闭包内？
		OnDeviceCommit() || 当前活动设备: type=CUDA id=0
		OnDeviceCommit() || icicle_msm.Msm() 调用返回
		OnDeviceCommit() || MSM 返回时间戳: [08:41:30.011339]
		OnDeviceCommit() || MSM 返回成功状态
		OnDeviceCommit() || 调用 icicle_msm.Msm() 后，状态=EIcicleError.Success，耗时=111.617247 ms [08:41:30.011345]
		OnDeviceCommit() || MSM 运行成功
		OnDeviceCommit() || 开始转换 Projective -> Affine
		OnDeviceCommit() || blsProjectiveToGnarkAffine 成功
		OnDeviceCommit() || 完成，返回结果
		commitOnGPUOrCPU() || GPU 成功
			commitToPolyAndBlinding() -> commit to p 耗时: 374.082718ms
		OnDeviceCommit() || 输入验证: nScalars=2
		OnDeviceCommit() || host 开始
		OnDeviceCommit() || host 拷贝到 device 开始 (len=2)
		OnDeviceCommit() || host 拷贝到 device 成功
		OnDeviceCommit() || MSM 配置成功 (AreScalarsMontgomeryForm=true, AreBasesMontgomeryForm=false)
		[ICICLE] active device: type=CUDA id=0
		[ICICLE] memory: used=3926 MiB / total=12227 MiB (32.1%)
		[SMI] raw="Field "cuda_version" is not a valid field to query."
		[SMI] util=6% mem=5840/12227 MiB
		OnDeviceCommit() || MSM 运行开始 (scalars=2, 期望 bases>=2)
		OnDeviceCommit() || 调用 icicle_msm.Msm() 前 [08:41:30.214321]
		OnDeviceCommit() || scalarsDev 已分配，G1Device 已就绪，outHost 已分配
		OnDeviceCommit() || 开始调用 icicle_msm.Msm()，规模=2
		OnDeviceCommit() || 检查：当前是否在 RunOnDevice 闭包内？
		OnDeviceCommit() || 当前活动设备: type=CUDA id=0
		OnDeviceCommit() || icicle_msm.Msm() 调用返回
		OnDeviceCommit() || MSM 返回时间戳: [08:41:30.220771]
		OnDeviceCommit() || MSM 返回成功状态
		OnDeviceCommit() || 调用 icicle_msm.Msm() 后，状态=EIcicleError.Success，耗时=6.458053 ms [08:41:30.220779]
		OnDeviceCommit() || MSM 运行成功
		OnDeviceCommit() || 开始转换 Projective -> Affine
		OnDeviceCommit() || blsProjectiveToGnarkAffine 成功
		OnDeviceCommit() || 完成，返回结果
		OnDeviceCommit() || 输入验证: nScalars=2
		OnDeviceCommit() || host 开始
		OnDeviceCommit() || host 拷贝到 device 开始 (len=2)
		OnDeviceCommit() || host 拷贝到 device 成功
		OnDeviceCommit() || MSM 配置成功 (AreScalarsMontgomeryForm=true, AreBasesMontgomeryForm=false)
		[ICICLE] active device: type=CUDA id=0
		[ICICLE] memory: used=3926 MiB / total=12227 MiB (32.1%)
		[SMI] raw="Field "cuda_version" is not a valid field to query."
		[SMI] util=2% mem=5840/12227 MiB
		OnDeviceCommit() || MSM 运行开始 (scalars=2, 期望 bases>=2)
		OnDeviceCommit() || 调用 icicle_msm.Msm() 前 [08:41:30.434659]
		OnDeviceCommit() || scalarsDev 已分配，G1Device 已就绪，outHost 已分配
		OnDeviceCommit() || 开始调用 icicle_msm.Msm()，规模=2
		OnDeviceCommit() || 检查：当前是否在 RunOnDevice 闭包内？
		OnDeviceCommit() || 当前活动设备: type=CUDA id=0
		OnDeviceCommit() || icicle_msm.Msm() 调用返回
		OnDeviceCommit() || MSM 返回时间戳: [08:41:30.441070]
		OnDeviceCommit() || MSM 返回成功状态
		OnDeviceCommit() || 调用 icicle_msm.Msm() 后，状态=EIcicleError.Success，耗时=6.417250 ms [08:41:30.441076]
		OnDeviceCommit() || MSM 运行成功
		OnDeviceCommit() || 开始转换 Projective -> Affine
		OnDeviceCommit() || blsProjectiveToGnarkAffine 成功
		OnDeviceCommit() || 完成，返回结果
			commitToPolyAndBlinding() -> commit to b 耗时: 428.151509ms
			commitToPolyAndBlinding() -> commit_p + commit_b 耗时: 0.004340ms
		commitToLRO() || commitToPolyAndBlinding(s.x[id_L], s.bp[id_Bl]) LRO[0] 耗时: 802.254163ms
		commitOnGPUOrCPU() || GPU 开始
		commitOnGPUOrCPU() || GPU 开始 commitLagrange
		OnDeviceCommit() || 输入验证: nScalars=8388608
		OnDeviceCommit() || host 开始
		OnDeviceCommit() || host 拷贝到 device 开始 (len=8388608)
		OnDeviceCommit() || host 拷贝到 device 成功
		OnDeviceCommit() || MSM 配置成功 (AreScalarsMontgomeryForm=true, AreBasesMontgomeryForm=false)
		[ICICLE] active device: type=CUDA id=0
		[ICICLE] memory: used=4182 MiB / total=12227 MiB (34.2%)
		[SMI] raw="Field "cuda_version" is not a valid field to query."
		[SMI] util=13% mem=6096/12227 MiB
		OnDeviceCommit() || MSM 运行开始 (scalars=8388608, 期望 bases>=8388608)
		OnDeviceCommit() || 调用 icicle_msm.Msm() 前 [08:41:30.666296]
		OnDeviceCommit() || scalarsDev 已分配，G1Device 已就绪，outHost 已分配
		OnDeviceCommit() || 开始调用 icicle_msm.Msm()，规模=8388608
		OnDeviceCommit() || 检查：当前是否在 RunOnDevice 闭包内？
		OnDeviceCommit() || 当前活动设备: type=CUDA id=0
		OnDeviceCommit() || icicle_msm.Msm() 调用返回
		OnDeviceCommit() || MSM 返回时间戳: [08:41:30.791232]
		OnDeviceCommit() || MSM 返回成功状态
		OnDeviceCommit() || 调用 icicle_msm.Msm() 后，状态=EIcicleError.Success，耗时=124.943030 ms [08:41:30.791239]
		OnDeviceCommit() || MSM 运行成功
		OnDeviceCommit() || 开始转换 Projective -> Affine
		OnDeviceCommit() || blsProjectiveToGnarkAffine 成功
		OnDeviceCommit() || 完成，返回结果
		commitOnGPUOrCPU() || GPU 成功
			commitToPolyAndBlinding() -> commit to p 耗时: 351.704506ms
		OnDeviceCommit() || 输入验证: nScalars=2
		OnDeviceCommit() || host 开始
		OnDeviceCommit() || host 拷贝到 device 开始 (len=2)
		OnDeviceCommit() || host 拷贝到 device 成功
		OnDeviceCommit() || MSM 配置成功 (AreScalarsMontgomeryForm=true, AreBasesMontgomeryForm=false)
		[ICICLE] active device: type=CUDA id=0
		[ICICLE] memory: used=3926 MiB / total=12227 MiB (32.1%)
		[SMI] raw="Field "cuda_version" is not a valid field to query."
		[SMI] util=0% mem=5840/12227 MiB
		OnDeviceCommit() || MSM 运行开始 (scalars=2, 期望 bases>=2)
		OnDeviceCommit() || 调用 icicle_msm.Msm() 前 [08:41:31.087530]
		OnDeviceCommit() || scalarsDev 已分配，G1Device 已就绪，outHost 已分配
		OnDeviceCommit() || 开始调用 icicle_msm.Msm()，规模=2
		OnDeviceCommit() || 检查：当前是否在 RunOnDevice 闭包内？
		OnDeviceCommit() || 当前活动设备: type=CUDA id=0
		OnDeviceCommit() || icicle_msm.Msm() 调用返回
		OnDeviceCommit() || MSM 返回时间戳: [08:41:31.093755]
		OnDeviceCommit() || MSM 返回成功状态
		OnDeviceCommit() || 调用 icicle_msm.Msm() 后，状态=EIcicleError.Success，耗时=6.232066 ms [08:41:31.093762]
		OnDeviceCommit() || MSM 运行成功
		OnDeviceCommit() || 开始转换 Projective -> Affine
		OnDeviceCommit() || blsProjectiveToGnarkAffine 成功
		OnDeviceCommit() || 完成，返回结果
		OnDeviceCommit() || 输入验证: nScalars=2
		OnDeviceCommit() || host 开始
		OnDeviceCommit() || host 拷贝到 device 开始 (len=2)
		OnDeviceCommit() || host 拷贝到 device 成功
		OnDeviceCommit() || MSM 配置成功 (AreScalarsMontgomeryForm=true, AreBasesMontgomeryForm=false)
		[ICICLE] active device: type=CUDA id=0
		[ICICLE] memory: used=3926 MiB / total=12227 MiB (32.1%)
		[SMI] raw="Field "cuda_version" is not a valid field to query."
		[SMI] util=3% mem=5840/12227 MiB
		OnDeviceCommit() || MSM 运行开始 (scalars=2, 期望 bases>=2)
		OnDeviceCommit() || 调用 icicle_msm.Msm() 前 [08:41:31.277201]
		OnDeviceCommit() || scalarsDev 已分配，G1Device 已就绪，outHost 已分配
		OnDeviceCommit() || 开始调用 icicle_msm.Msm()，规模=2
		OnDeviceCommit() || 检查：当前是否在 RunOnDevice 闭包内？
		OnDeviceCommit() || 当前活动设备: type=CUDA id=0
		OnDeviceCommit() || icicle_msm.Msm() 调用返回
		OnDeviceCommit() || MSM 返回时间戳: [08:41:31.283249]
		OnDeviceCommit() || MSM 返回成功状态
		OnDeviceCommit() || 调用 icicle_msm.Msm() 后，状态=EIcicleError.Success，耗时=6.052851 ms [08:41:31.283254]
		OnDeviceCommit() || MSM 运行成功
		OnDeviceCommit() || 开始转换 Projective -> Affine
		OnDeviceCommit() || blsProjectiveToGnarkAffine 成功
		OnDeviceCommit() || 完成，返回结果
			commitToPolyAndBlinding() -> commit to b 耗时: 490.447413ms
			commitToPolyAndBlinding() -> commit_p + commit_b 耗时: 0.004271ms
		commitToLRO() || commitToPolyAndBlinding(s.x[id_R], s.bp[id_Br]) LRO[1] 耗时: 842.162876ms
		commitOnGPUOrCPU() || GPU 开始
		commitOnGPUOrCPU() || GPU 开始 commitLagrange
		OnDeviceCommit() || 输入验证: nScalars=8388608
		OnDeviceCommit() || host 开始
		OnDeviceCommit() || host 拷贝到 device 开始 (len=8388608)
		OnDeviceCommit() || host 拷贝到 device 成功
		OnDeviceCommit() || MSM 配置成功 (AreScalarsMontgomeryForm=true, AreBasesMontgomeryForm=false)
		[ICICLE] active device: type=CUDA id=0
		[ICICLE] memory: used=4182 MiB / total=12227 MiB (34.2%)
		[SMI] raw="Field "cuda_version" is not a valid field to query."
		[SMI] util=12% mem=6096/12227 MiB
		OnDeviceCommit() || MSM 运行开始 (scalars=8388608, 期望 bases>=8388608)
		OnDeviceCommit() || 调用 icicle_msm.Msm() 前 [08:41:31.510764]
		OnDeviceCommit() || scalarsDev 已分配，G1Device 已就绪，outHost 已分配
		OnDeviceCommit() || 开始调用 icicle_msm.Msm()，规模=8388608
		OnDeviceCommit() || 检查：当前是否在 RunOnDevice 闭包内？
		OnDeviceCommit() || 当前活动设备: type=CUDA id=0
		OnDeviceCommit() || icicle_msm.Msm() 调用返回
		OnDeviceCommit() || MSM 返回时间戳: [08:41:31.617560]
		OnDeviceCommit() || MSM 返回成功状态
		OnDeviceCommit() || 调用 icicle_msm.Msm() 后，状态=EIcicleError.Success，耗时=106.802874 ms [08:41:31.617567]
		OnDeviceCommit() || MSM 运行成功
		OnDeviceCommit() || 开始转换 Projective -> Affine
		OnDeviceCommit() || blsProjectiveToGnarkAffine 成功
		OnDeviceCommit() || 完成，返回结果
		commitOnGPUOrCPU() || GPU 成功
			commitToPolyAndBlinding() -> commit to p 耗时: 336.040247ms
		OnDeviceCommit() || 输入验证: nScalars=2
		OnDeviceCommit() || host 开始
		OnDeviceCommit() || host 拷贝到 device 开始 (len=2)
		OnDeviceCommit() || host 拷贝到 device 成功
		OnDeviceCommit() || MSM 配置成功 (AreScalarsMontgomeryForm=true, AreBasesMontgomeryForm=false)
		[ICICLE] active device: type=CUDA id=0
		[ICICLE] memory: used=3926 MiB / total=12227 MiB (32.1%)
		[SMI] raw="Field "cuda_version" is not a valid field to query."
		[SMI] util=41% mem=5840/12227 MiB
		OnDeviceCommit() || MSM 运行开始 (scalars=2, 期望 bases>=2)
		OnDeviceCommit() || 调用 icicle_msm.Msm() 前 [08:41:31.814881]
		OnDeviceCommit() || scalarsDev 已分配，G1Device 已就绪，outHost 已分配
		OnDeviceCommit() || 开始调用 icicle_msm.Msm()，规模=2
		OnDeviceCommit() || 检查：当前是否在 RunOnDevice 闭包内？
		OnDeviceCommit() || 当前活动设备: type=CUDA id=0
		OnDeviceCommit() || icicle_msm.Msm() 调用返回
		OnDeviceCommit() || MSM 返回时间戳: [08:41:31.821931]
		OnDeviceCommit() || MSM 返回成功状态
		OnDeviceCommit() || 调用 icicle_msm.Msm() 后，状态=EIcicleError.Success，耗时=7.057496 ms [08:41:31.821938]
		OnDeviceCommit() || MSM 运行成功
		OnDeviceCommit() || 开始转换 Projective -> Affine
		OnDeviceCommit() || blsProjectiveToGnarkAffine 成功
		OnDeviceCommit() || 完成，返回结果
		OnDeviceCommit() || 输入验证: nScalars=2
		OnDeviceCommit() || host 开始
		OnDeviceCommit() || host 拷贝到 device 开始 (len=2)
		OnDeviceCommit() || host 拷贝到 device 成功
		OnDeviceCommit() || MSM 配置成功 (AreScalarsMontgomeryForm=true, AreBasesMontgomeryForm=false)
		[ICICLE] active device: type=CUDA id=0
		[ICICLE] memory: used=3926 MiB / total=12227 MiB (32.1%)
		[SMI] raw="Field "cuda_version" is not a valid field to query."
		[SMI] util=2% mem=5840/12227 MiB
		OnDeviceCommit() || MSM 运行开始 (scalars=2, 期望 bases>=2)
		OnDeviceCommit() || 调用 icicle_msm.Msm() 前 [08:41:32.019985]
		OnDeviceCommit() || scalarsDev 已分配，G1Device 已就绪，outHost 已分配
		OnDeviceCommit() || 开始调用 icicle_msm.Msm()，规模=2
		OnDeviceCommit() || 检查：当前是否在 RunOnDevice 闭包内？
		OnDeviceCommit() || 当前活动设备: type=CUDA id=0
		OnDeviceCommit() || icicle_msm.Msm() 调用返回
		OnDeviceCommit() || MSM 返回时间戳: [08:41:32.026155]
		OnDeviceCommit() || MSM 返回成功状态
		OnDeviceCommit() || 调用 icicle_msm.Msm() 后，状态=EIcicleError.Success，耗时=6.175848 ms [08:41:32.026161]
		OnDeviceCommit() || MSM 运行成功
		OnDeviceCommit() || 开始转换 Projective -> Affine
		OnDeviceCommit() || blsProjectiveToGnarkAffine 成功
		OnDeviceCommit() || 完成，返回结果
			commitToPolyAndBlinding() -> commit to b 耗时: 406.874642ms
			commitToPolyAndBlinding() -> commit_p + commit_b 耗时: 0.004327ms
		commitToLRO() || commitToPolyAndBlinding(s.x[id_O], s.bp[id_Bo]) LRO[2] 耗时: 742.940074ms
	solveConstraints() || commitToLRO() 耗时: 2387.362934 ms
prove() -> solveConstraints 耗时: 4579.571499ms
		deriveGammaAndBeta() || wait for LRO to be committed 耗时: 4579.562456ms
		completeQk() || wait for solver to be done 耗时: 4411.362048ms
prove() -> completeQk 耗时: 4580.219010ms
		computeQuotient() || wait for solver to be done 耗时: 4429.616406ms
prove() -> deriveGammaAndBeta 耗时: 4579.939185ms
		buildRatioCopyConstraint() || wait for gamma and beta to be derived 耗时: 4580.490092ms
		buildRatioCopyConstraint() || iop.BuildRatioCopyConstraint 耗时: 1364.807714ms
		commitOnGPUOrCPU() || GPU 开始
		commitOnGPUOrCPU() || GPU 开始 commitLagrange
		OnDeviceCommit() || 输入验证: nScalars=8388608
		OnDeviceCommit() || host 开始
		OnDeviceCommit() || host 拷贝到 device 开始 (len=8388608)
		OnDeviceCommit() || host 拷贝到 device 成功
		OnDeviceCommit() || MSM 配置成功 (AreScalarsMontgomeryForm=true, AreBasesMontgomeryForm=false)
		[ICICLE] active device: type=CUDA id=0
		[ICICLE] memory: used=4182 MiB / total=12227 MiB (34.2%)
		[SMI] raw="Field "cuda_version" is not a valid field to query."
		[SMI] util=10% mem=6096/12227 MiB
		OnDeviceCommit() || MSM 运行开始 (scalars=8388608, 期望 bases>=8388608)
		OnDeviceCommit() || 调用 icicle_msm.Msm() 前 [08:41:33.627677]
		OnDeviceCommit() || scalarsDev 已分配，G1Device 已就绪，outHost 已分配
		OnDeviceCommit() || 开始调用 icicle_msm.Msm()，规模=8388608
		OnDeviceCommit() || 检查：当前是否在 RunOnDevice 闭包内？
		OnDeviceCommit() || 当前活动设备: type=CUDA id=0
		OnDeviceCommit() || icicle_msm.Msm() 调用返回
		OnDeviceCommit() || MSM 返回时间戳: [08:41:33.808853]
		OnDeviceCommit() || MSM 返回成功状态
		OnDeviceCommit() || 调用 icicle_msm.Msm() 后，状态=EIcicleError.Success，耗时=181.183507 ms [08:41:33.808861]
		OnDeviceCommit() || MSM 运行成功
		OnDeviceCommit() || 开始转换 Projective -> Affine
		OnDeviceCommit() || blsProjectiveToGnarkAffine 成功
		OnDeviceCommit() || 完成，返回结果
		commitOnGPUOrCPU() || GPU 成功
			commitToPolyAndBlinding() -> commit to p 耗时: 419.015828ms
		OnDeviceCommit() || 输入验证: nScalars=3
		OnDeviceCommit() || host 开始
		OnDeviceCommit() || host 拷贝到 device 开始 (len=3)
		OnDeviceCommit() || host 拷贝到 device 成功
		OnDeviceCommit() || MSM 配置成功 (AreScalarsMontgomeryForm=true, AreBasesMontgomeryForm=false)
		[ICICLE] active device: type=CUDA id=0
		[ICICLE] memory: used=3926 MiB / total=12227 MiB (32.1%)
		[SMI] raw="Field "cuda_version" is not a valid field to query."
		[SMI] util=28% mem=5840/12227 MiB
		OnDeviceCommit() || MSM 运行开始 (scalars=3, 期望 bases>=3)
		OnDeviceCommit() || 调用 icicle_msm.Msm() 前 [08:41:34.000328]
		OnDeviceCommit() || scalarsDev 已分配，G1Device 已就绪，outHost 已分配
		OnDeviceCommit() || 开始调用 icicle_msm.Msm()，规模=3
		OnDeviceCommit() || 检查：当前是否在 RunOnDevice 闭包内？
		OnDeviceCommit() || 当前活动设备: type=CUDA id=0
		OnDeviceCommit() || icicle_msm.Msm() 调用返回
		OnDeviceCommit() || MSM 返回时间戳: [08:41:34.006803]
		OnDeviceCommit() || MSM 返回成功状态
		OnDeviceCommit() || 调用 icicle_msm.Msm() 后，状态=EIcicleError.Success，耗时=6.480917 ms [08:41:34.006809]
		OnDeviceCommit() || MSM 运行成功
		OnDeviceCommit() || 开始转换 Projective -> Affine
		OnDeviceCommit() || blsProjectiveToGnarkAffine 成功
		OnDeviceCommit() || 完成，返回结果
		OnDeviceCommit() || 输入验证: nScalars=3
		OnDeviceCommit() || host 开始
		OnDeviceCommit() || host 拷贝到 device 开始 (len=3)
		OnDeviceCommit() || host 拷贝到 device 成功
		OnDeviceCommit() || MSM 配置成功 (AreScalarsMontgomeryForm=true, AreBasesMontgomeryForm=false)
		[ICICLE] active device: type=CUDA id=0
		[ICICLE] memory: used=3926 MiB / total=12227 MiB (32.1%)
		[SMI] raw="Field "cuda_version" is not a valid field to query."
		[SMI] util=3% mem=5840/12227 MiB
		OnDeviceCommit() || MSM 运行开始 (scalars=3, 期望 bases>=3)
		OnDeviceCommit() || 调用 icicle_msm.Msm() 前 [08:41:34.197081]
		OnDeviceCommit() || scalarsDev 已分配，G1Device 已就绪，outHost 已分配
		OnDeviceCommit() || 开始调用 icicle_msm.Msm()，规模=3
		OnDeviceCommit() || 检查：当前是否在 RunOnDevice 闭包内？
		OnDeviceCommit() || 当前活动设备: type=CUDA id=0
		OnDeviceCommit() || icicle_msm.Msm() 调用返回
		OnDeviceCommit() || MSM 返回时间戳: [08:41:34.203175]
		OnDeviceCommit() || MSM 返回成功状态
		OnDeviceCommit() || 调用 icicle_msm.Msm() 后，状态=EIcicleError.Success，耗时=6.098357 ms [08:41:34.203179]
		OnDeviceCommit() || MSM 运行成功
		OnDeviceCommit() || 开始转换 Projective -> Affine
		OnDeviceCommit() || blsProjectiveToGnarkAffine 成功
		OnDeviceCommit() || 完成，返回结果
			commitToPolyAndBlinding() -> commit to b 耗时: 392.916791ms
			commitToPolyAndBlinding() -> commit_p + commit_b 耗时: 0.004397ms
		buildRatioCopyConstraint() || commitToPolyAndBlinding(s.x[id_Z], s.bp[id_Bz]) 耗时: 811.969718ms
prove() -> buildRatioCopyConstraint 耗时: 6757.306964ms
		computeQuotient() || wait for Z to be committed 耗时: 2176.882426ms
	computeQuotient() || prepare to compute & derive alpha): 6899.593208 ms
		[Memory] Before uploading polynomials to device:
		[Before Upload] GPU memory: used=3926 MiB / total=12227 MiB (32.1%)
		[Before Upload] CPU memory: allocated=11087 MiB, total_allocated=42222 MiB, sys=11448 MiB
		[Memory] Total polynomials to upload: 14 (out of 15)
		[Memory] Uploading poly[0]: 8388608 coefficients, 268435456 bytes (256.00 MiB), basis=2
		[Memory] After uploading poly[0]:
		[After poly[0]] GPU memory: used=4182 MiB / total=12227 MiB (34.2%)
		[After poly[0]] CPU memory: allocated=11087 MiB, total_allocated=42222 MiB, sys=11448 MiB
		[Memory] Uploading poly[1]: 8388608 coefficients, 268435456 bytes (256.00 MiB), basis=2
		[Memory] After uploading poly[1]:
		[After poly[1]] GPU memory: used=4438 MiB / total=12227 MiB (36.3%)
		[After poly[1]] CPU memory: allocated=11087 MiB, total_allocated=42222 MiB, sys=11448 MiB
		[Memory] Uploading poly[2]: 8388608 coefficients, 268435456 bytes (256.00 MiB), basis=2
		[Memory] After uploading poly[2]:
		[After poly[2]] GPU memory: used=4694 MiB / total=12227 MiB (38.4%)
		[After poly[2]] CPU memory: allocated=11087 MiB, total_allocated=42222 MiB, sys=11448 MiB
		[Memory] Uploading poly[3]: 8388608 coefficients, 268435456 bytes (256.00 MiB), basis=2
		[Memory] Uploading poly[5]: 8388608 coefficients, 268435456 bytes (256.00 MiB), basis=2
		[Memory] Uploading poly[6]: 8388608 coefficients, 268435456 bytes (256.00 MiB), basis=2
		[Memory] Uploading poly[7]: 8388608 coefficients, 268435456 bytes (256.00 MiB), basis=2
		[Memory] Uploading poly[8]: 8388608 coefficients, 268435456 bytes (256.00 MiB), basis=2
		[Memory] Uploading poly[9]: 8388608 coefficients, 268435456 bytes (256.00 MiB), basis=2
		[Memory] Uploading poly[10]: 8388608 coefficients, 268435456 bytes (256.00 MiB), basis=2
		[Memory] Uploading poly[11]: 8388608 coefficients, 268435456 bytes (256.00 MiB), basis=2
		[Memory] Uploading poly[12]: 8388608 coefficients, 268435456 bytes (256.00 MiB), basis=2
		[Memory] Uploading poly[13]: 8388608 coefficients, 268435456 bytes (256.00 MiB), basis=2
		[Memory] Uploading poly[14]: 8388608 coefficients, 268435456 bytes (256.00 MiB), basis=2
		[Memory] After uploading poly[14]:
		[After poly[14]] GPU memory: used=7510 MiB / total=12227 MiB (61.4%)
		[After poly[14]] CPU memory: allocated=11087 MiB, total_allocated=42222 MiB, sys=11448 MiB
		[Memory] After uploading all polynomials:
		[After All Uploads] GPU memory: used=7510 MiB / total=12227 MiB (61.4%)
		[After All Uploads] CPU memory: allocated=11087 MiB, total_allocated=42222 MiB, sys=11448 MiB
		[Memory] Summary: uploaded 14 polynomials, 117440512 total coefficients, 3758096384 bytes (3584.00 MiB)
		[Memory] Processing 14 polynomials in batchApply
		[Memory] Processing poly[0] (GPU): 8388608 coefficients, 268435456 bytes (256.00 MiB)
		[Memory] Processing poly[1] (GPU): 8388608 coefficients, 268435456 bytes (256.00 MiB)
		[Memory] Processing poly[2] (GPU): 8388608 coefficients, 268435456 bytes (256.00 MiB)
		[Memory] Processing poly[3] (GPU): 8388608 coefficients, 268435456 bytes (256.00 MiB)
		[Memory] Processing poly[5] (GPU): 8388608 coefficients, 268435456 bytes (256.00 MiB)
		[Memory] Processing poly[6] (GPU): 8388608 coefficients, 268435456 bytes (256.00 MiB)
		[Memory] Processing poly[7] (GPU): 8388608 coefficients, 268435456 bytes (256.00 MiB)
		[Memory] Processing poly[8] (GPU): 8388608 coefficients, 268435456 bytes (256.00 MiB)
		[Memory] Processing poly[9] (GPU): 8388608 coefficients, 268435456 bytes (256.00 MiB)
		[Memory] Processing poly[10] (GPU): 8388608 coefficients, 268435456 bytes (256.00 MiB)
		[Memory] Processing poly[11] (GPU): 8388608 coefficients, 268435456 bytes (256.00 MiB)
		[Memory] Processing poly[12] (GPU): 8388608 coefficients, 268435456 bytes (256.00 MiB)
		[Memory] Processing poly[13] (GPU): 8388608 coefficients, 268435456 bytes (256.00 MiB)
		[Memory] Processing poly[14] (GPU): 8388608 coefficients, 268435456 bytes (256.00 MiB)
		[Memory] Before batchApply (toCosetLagrange):
		[Before batchApply] GPU memory: <unavailable> (err=10)
		[Before batchApply] CPU memory: allocated=11599 MiB, total_allocated=42734 MiB, sys=11961 MiB
		[Timing] MontConv(dev->nonMont) 耗时: 2.718990 ms
		[Timing] VecMulOnDevice 耗时: 3.020241 ms
		[Timing] MontConv(dev->Mont) 耗时: 2.464111 ms
		[Timing] NttOnDevice 耗时: 172.850679 ms
		[Memory] Before CopyFromDevice (D2H): poly size=8388608 coefficients, 268435456 bytes (256.00 MiB)
		[Memory] Before CopyFromDevice (D2H):
		[Before D2H] GPU memory: used=7510 MiB / total=12227 MiB (61.4%)
		[Before D2H] CPU memory: allocated=11599 MiB, total_allocated=42734 MiB, sys=11961 MiB
		[Timing] CopyFromDevice (D2H) 耗时: 35.733478 ms
		[Memory] After CopyFromDevice (D2H):
		[After D2H] GPU memory: used=7510 MiB / total=12227 MiB (61.4%)
		[After D2H] CPU memory: allocated=11599 MiB, total_allocated=42734 MiB, sys=11961 MiB
		[Timing] INttOnDevice (restore canonical) 耗时: 183.258224 ms
		[Timing] toCosetLagrange 总耗时: 400.934133 ms (0.40 s)
		[Timing] MontConv(dev->nonMont) 耗时: 2.515776 ms
		[Timing] VecMulOnDevice 耗时: 2.895659 ms
		[Timing] MontConv(dev->Mont) 耗时: 2.409964 ms
		[Timing] NttOnDevice 耗时: 178.463211 ms
		[Memory] Before CopyFromDevice (D2H): poly size=8388608 coefficients, 268435456 bytes (256.00 MiB)
		[Memory] Before CopyFromDevice (D2H):
		[Before D2H] GPU memory: used=7510 MiB / total=12227 MiB (61.4%)
		[Before D2H] CPU memory: allocated=11599 MiB, total_allocated=42734 MiB, sys=11961 MiB
		[Timing] CopyFromDevice (D2H) 耗时: 32.460789 ms
		[Memory] After CopyFromDevice (D2H):
		[After D2H] GPU memory: used=7510 MiB / total=12227 MiB (61.4%)
		[After D2H] CPU memory: allocated=11599 MiB, total_allocated=42734 MiB, sys=11961 MiB
		[Timing] INttOnDevice (restore canonical) 耗时: 170.519164 ms
		[Timing] toCosetLagrange 总耗时: 390.170297 ms (0.39 s)
		[Timing] MontConv(dev->nonMont) 耗时: 2.567232 ms
		[Timing] VecMulOnDevice 耗时: 2.855984 ms
		[Timing] MontConv(dev->Mont) 耗时: 2.473618 ms
		[Timing] NttOnDevice 耗时: 172.272547 ms
		[Memory] Before CopyFromDevice (D2H): poly size=8388608 coefficients, 268435456 bytes (256.00 MiB)
		[Memory] Before CopyFromDevice (D2H):
		[Before D2H] GPU memory: used=7510 MiB / total=12227 MiB (61.4%)
		[Before D2H] CPU memory: allocated=11599 MiB, total_allocated=42734 MiB, sys=11961 MiB
		[Timing] CopyFromDevice (D2H) 耗时: 34.738283 ms
		[Memory] After CopyFromDevice (D2H):
		[After D2H] GPU memory: used=7510 MiB / total=12227 MiB (61.4%)
		[After D2H] CPU memory: allocated=11599 MiB, total_allocated=42734 MiB, sys=11961 MiB
		[Timing] INttOnDevice (restore canonical) 耗时: 172.332909 ms
		[Timing] toCosetLagrange 总耗时: 388.213743 ms (0.39 s)
		[Timing] MontConv(dev->nonMont) 耗时: 2.480558 ms
		[Timing] VecMulOnDevice 耗时: 2.894700 ms
		[Timing] MontConv(dev->Mont) 耗时: 2.357680 ms
		[Timing] NttOnDevice 耗时: 172.502219 ms
		[Memory] Before CopyFromDevice (D2H): poly size=8388608 coefficients, 268435456 bytes (256.00 MiB)
		[Memory] Before CopyFromDevice (D2H):
		[Before D2H] GPU memory: used=7510 MiB / total=12227 MiB (61.4%)
		[Before D2H] CPU memory: allocated=11599 MiB, total_allocated=42734 MiB, sys=11961 MiB
		[Timing] CopyFromDevice (D2H) 耗时: 32.433117 ms
		[Memory] After CopyFromDevice (D2H):
		[After D2H] GPU memory: used=7510 MiB / total=12227 MiB (61.4%)
		[After D2H] CPU memory: allocated=11599 MiB, total_allocated=42734 MiB, sys=11961 MiB
		[Timing] INttOnDevice (restore canonical) 耗时: 178.871463 ms
		[Timing] toCosetLagrange 总耗时: 392.333005 ms (0.39 s)
		[Timing] MontConv(dev->nonMont) 耗时: 2.464795 ms
		[Timing] VecMulOnDevice 耗时: 2.911986 ms
		[Timing] MontConv(dev->Mont) 耗时: 2.330131 ms
		[Timing] NttOnDevice 耗时: 173.040713 ms
		[Memory] Before CopyFromDevice (D2H): poly size=8388608 coefficients, 268435456 bytes (256.00 MiB)
		[Memory] Before CopyFromDevice (D2H):
		[Before D2H] GPU memory: used=7510 MiB / total=12227 MiB (61.4%)
		[Before D2H] CPU memory: allocated=11599 MiB, total_allocated=42734 MiB, sys=11961 MiB
		[Timing] CopyFromDevice (D2H) 耗时: 34.656050 ms
		[Memory] After CopyFromDevice (D2H):
		[After D2H] GPU memory: used=7510 MiB / total=12227 MiB (61.4%)
		[After D2H] CPU memory: allocated=11599 MiB, total_allocated=42734 MiB, sys=11961 MiB
		[Timing] INttOnDevice (restore canonical) 耗时: 180.451111 ms
		[Timing] toCosetLagrange 总耗时: 396.601842 ms (0.40 s)
		[Timing] MontConv(dev->nonMont) 耗时: 2.541418 ms
		[Timing] VecMulOnDevice 耗时: 2.831998 ms
		[Timing] MontConv(dev->Mont) 耗时: 2.399540 ms
		[Timing] NttOnDevice 耗时: 183.433181 ms
		[Memory] Before CopyFromDevice (D2H): poly size=8388608 coefficients, 268435456 bytes (256.00 MiB)
		[Memory] Before CopyFromDevice (D2H):
		[Before D2H] GPU memory: used=7510 MiB / total=12227 MiB (61.4%)
		[Before D2H] CPU memory: allocated=11599 MiB, total_allocated=42734 MiB, sys=11961 MiB
		[Timing] CopyFromDevice (D2H) 耗时: 35.341057 ms
		[Memory] After CopyFromDevice (D2H):
		[After D2H] GPU memory: used=7510 MiB / total=12227 MiB (61.4%)
		[After D2H] CPU memory: allocated=11599 MiB, total_allocated=42734 MiB, sys=11961 MiB
		[Timing] INttOnDevice (restore canonical) 耗时: 175.171408 ms
		[Timing] toCosetLagrange 总耗时: 402.558115 ms (0.40 s)
		[Timing] MontConv(dev->nonMont) 耗时: 2.441711 ms
		[Timing] VecMulOnDevice 耗时: 2.875640 ms
		[Timing] MontConv(dev->Mont) 耗时: 2.627903 ms
		[Timing] NttOnDevice 耗时: 178.943790 ms
		[Memory] Before CopyFromDevice (D2H): poly size=8388608 coefficients, 268435456 bytes (256.00 MiB)
		[Memory] Before CopyFromDevice (D2H):
		[Before D2H] GPU memory: used=7510 MiB / total=12227 MiB (61.4%)
		[Before D2H] CPU memory: allocated=11599 MiB, total_allocated=42734 MiB, sys=11961 MiB
		[Timing] CopyFromDevice (D2H) 耗时: 28.889916 ms
		[Memory] After CopyFromDevice (D2H):
		[After D2H] GPU memory: used=7510 MiB / total=12227 MiB (61.4%)
		[After D2H] CPU memory: allocated=11599 MiB, total_allocated=42734 MiB, sys=11961 MiB
		[Timing] INttOnDevice (restore canonical) 耗时: 170.702817 ms
		[Timing] toCosetLagrange 总耗时: 387.429302 ms (0.39 s)
		[Timing] MontConv(dev->nonMont) 耗时: 2.548506 ms
		[Timing] VecMulOnDevice 耗时: 2.898383 ms
		[Timing] MontConv(dev->Mont) 耗时: 2.414036 ms
		[Timing] NttOnDevice 耗时: 172.476025 ms
		[Memory] Before CopyFromDevice (D2H): poly size=8388608 coefficients, 268435456 bytes (256.00 MiB)
		[Memory] Before CopyFromDevice (D2H):
		[Before D2H] GPU memory: used=7510 MiB / total=12227 MiB (61.4%)
		[Before D2H] CPU memory: allocated=11599 MiB, total_allocated=42734 MiB, sys=11961 MiB
		[Timing] CopyFromDevice (D2H) 耗时: 32.581397 ms
		[Memory] After CopyFromDevice (D2H):
		[After D2H] GPU memory: used=7510 MiB / total=12227 MiB (61.4%)
		[After D2H] CPU memory: allocated=11599 MiB, total_allocated=42734 MiB, sys=11961 MiB
		[Timing] INttOnDevice (restore canonical) 耗时: 170.652226 ms
		[Timing] toCosetLagrange 总耗时: 384.370463 ms (0.38 s)
		[Timing] MontConv(dev->nonMont) 耗时: 2.464134 ms
		[Timing] VecMulOnDevice 耗时: 2.830420 ms
		[Timing] MontConv(dev->Mont) 耗时: 2.459803 ms
		[Timing] NttOnDevice 耗时: 173.010357 ms
		[Memory] Before CopyFromDevice (D2H): poly size=8388608 coefficients, 268435456 bytes (256.00 MiB)
		[Memory] Before CopyFromDevice (D2H):
		[Before D2H] GPU memory: used=7510 MiB / total=12227 MiB (61.4%)
		[Before D2H] CPU memory: allocated=11599 MiB, total_allocated=42734 MiB, sys=11961 MiB
		[Timing] CopyFromDevice (D2H) 耗时: 30.754083 ms
		[Memory] After CopyFromDevice (D2H):
		[After D2H] GPU memory: used=7510 MiB / total=12227 MiB (61.4%)
		[After D2H] CPU memory: allocated=11599 MiB, total_allocated=42734 MiB, sys=11961 MiB
		[Timing] INttOnDevice (restore canonical) 耗时: 171.324103 ms
		[Timing] toCosetLagrange 总耗时: 383.808649 ms (0.38 s)
		[Timing] MontConv(dev->nonMont) 耗时: 2.571672 ms
		[Timing] VecMulOnDevice 耗时: 2.971624 ms
		[Timing] MontConv(dev->Mont) 耗时: 2.414925 ms
		[Timing] NttOnDevice 耗时: 178.189317 ms
		[Memory] Before CopyFromDevice (D2H): poly size=8388608 coefficients, 268435456 bytes (256.00 MiB)
		[Memory] Before CopyFromDevice (D2H):
		[Before D2H] GPU memory: used=7510 MiB / total=12227 MiB (61.4%)
		[Before D2H] CPU memory: allocated=11599 MiB, total_allocated=42734 MiB, sys=11961 MiB
		[Timing] CopyFromDevice (D2H) 耗时: 32.051111 ms
		[Memory] After CopyFromDevice (D2H):
		[After D2H] GPU memory: used=7510 MiB / total=12227 MiB (61.4%)
		[After D2H] CPU memory: allocated=11599 MiB, total_allocated=42734 MiB, sys=11961 MiB
		[Timing] INttOnDevice (restore canonical) 耗时: 170.228815 ms
		[Timing] toCosetLagrange 总耗时: 389.491578 ms (0.39 s)
		[Timing] MontConv(dev->nonMont) 耗时: 2.585775 ms
		[Timing] VecMulOnDevice 耗时: 2.916828 ms
		[Timing] MontConv(dev->Mont) 耗时: 2.574601 ms
		[Timing] NttOnDevice 耗时: 173.392739 ms
		[Memory] Before CopyFromDevice (D2H): poly size=8388608 coefficients, 268435456 bytes (256.00 MiB)
		[Memory] Before CopyFromDevice (D2H):
		[Before D2H] GPU memory: used=7510 MiB / total=12227 MiB (61.4%)
		[Before D2H] CPU memory: allocated=11599 MiB, total_allocated=42734 MiB, sys=11961 MiB
		[Timing] CopyFromDevice (D2H) 耗时: 35.980876 ms
		[Memory] After CopyFromDevice (D2H):
		[After D2H] GPU memory: used=7510 MiB / total=12227 MiB (61.4%)
		[After D2H] CPU memory: allocated=11599 MiB, total_allocated=42734 MiB, sys=11961 MiB
		[Timing] INttOnDevice (restore canonical) 耗时: 171.432627 ms
		[Timing] toCosetLagrange 总耗时: 389.714303 ms (0.39 s)
		[Timing] MontConv(dev->nonMont) 耗时: 2.537364 ms
		[Timing] VecMulOnDevice 耗时: 3.055762 ms
		[Timing] MontConv(dev->Mont) 耗时: 2.602098 ms
		[Timing] NttOnDevice 耗时: 172.745350 ms
		[Memory] Before CopyFromDevice (D2H): poly size=8388608 coefficients, 268435456 bytes (256.00 MiB)
		[Memory] Before CopyFromDevice (D2H):
		[Before D2H] GPU memory: used=7510 MiB / total=12227 MiB (61.4%)
		[Before D2H] CPU memory: allocated=11599 MiB, total_allocated=42734 MiB, sys=11961 MiB
		[Timing] CopyFromDevice (D2H) 耗时: 33.418144 ms
		[Memory] After CopyFromDevice (D2H):
		[After D2H] GPU memory: used=7510 MiB / total=12227 MiB (61.4%)
		[After D2H] CPU memory: allocated=11599 MiB, total_allocated=42734 MiB, sys=11961 MiB
		[Timing] INttOnDevice (restore canonical) 耗时: 177.008882 ms
		[Timing] toCosetLagrange 总耗时: 392.634401 ms (0.39 s)
		[Timing] MontConv(dev->nonMont) 耗时: 2.551324 ms
		[Timing] VecMulOnDevice 耗时: 2.899026 ms
		[Timing] MontConv(dev->Mont) 耗时: 2.449312 ms
		[Timing] NttOnDevice 耗时: 170.745831 ms
		[Memory] Before CopyFromDevice (D2H): poly size=8388608 coefficients, 268435456 bytes (256.00 MiB)
		[Memory] Before CopyFromDevice (D2H):
		[Before D2H] GPU memory: used=7510 MiB / total=12227 MiB (61.4%)
		[Before D2H] CPU memory: allocated=11599 MiB, total_allocated=42734 MiB, sys=11961 MiB
		[Timing] CopyFromDevice (D2H) 耗时: 27.563795 ms
		[Memory] After CopyFromDevice (D2H):
		[After D2H] GPU memory: used=7510 MiB / total=12227 MiB (61.4%)
		[After D2H] CPU memory: allocated=11599 MiB, total_allocated=42734 MiB, sys=11961 MiB
		[Timing] INttOnDevice (restore canonical) 耗时: 171.696779 ms
		[Timing] toCosetLagrange 总耗时: 378.732236 ms (0.38 s)
		[Timing] MontConv(dev->nonMont) 耗时: 2.450167 ms
		[Timing] VecMulOnDevice 耗时: 2.886468 ms
		[Timing] MontConv(dev->Mont) 耗时: 2.393741 ms
		[Timing] NttOnDevice 耗时: 171.687979 ms
		[Memory] Before CopyFromDevice (D2H): poly size=8388608 coefficients, 268435456 bytes (256.00 MiB)
		[Memory] Before CopyFromDevice (D2H):
		[Before D2H] GPU memory: used=7510 MiB / total=12227 MiB (61.4%)
		[Before D2H] CPU memory: allocated=11599 MiB, total_allocated=42734 MiB, sys=11961 MiB
		[Timing] CopyFromDevice (D2H) 耗时: 33.627487 ms
		[Memory] After CopyFromDevice (D2H):
		[After D2H] GPU memory: used=7510 MiB / total=12227 MiB (61.4%)
		[After D2H] CPU memory: allocated=11599 MiB, total_allocated=42734 MiB, sys=11961 MiB
		[Timing] INttOnDevice (restore canonical) 耗时: 170.844075 ms
		[Timing] toCosetLagrange 总耗时: 385.404212 ms (0.39 s)
		computeNumerator() || batchApply 耗时: 5463.034994 ms
		[Memory] After batchApply (toCosetLagrange):
		[After batchApply] GPU memory: <unavailable> (err=10)
		[After batchApply] CPU memory: allocated=11599 MiB, total_allocated=42734 MiB, sys=11961 MiB
		[Memory] Processed 14 polynomials
		[Memory] Processing 14 polynomials in batchApply
		[Memory] Processing poly[0] (GPU): 8388608 coefficients, 268435456 bytes (256.00 MiB)
		[Memory] Processing poly[1] (GPU): 8388608 coefficients, 268435456 bytes (256.00 MiB)
		[Memory] Processing poly[2] (GPU): 8388608 coefficients, 268435456 bytes (256.00 MiB)
		[Memory] Processing poly[3] (GPU): 8388608 coefficients, 268435456 bytes (256.00 MiB)
		[Memory] Processing poly[5] (GPU): 8388608 coefficients, 268435456 bytes (256.00 MiB)
		[Memory] Processing poly[6] (GPU): 8388608 coefficients, 268435456 bytes (256.00 MiB)
		[Memory] Processing poly[7] (GPU): 8388608 coefficients, 268435456 bytes (256.00 MiB)
		[Memory] Processing poly[8] (GPU): 8388608 coefficients, 268435456 bytes (256.00 MiB)
		[Memory] Processing poly[9] (GPU): 8388608 coefficients, 268435456 bytes (256.00 MiB)
		[Memory] Processing poly[10] (GPU): 8388608 coefficients, 268435456 bytes (256.00 MiB)
		[Memory] Processing poly[11] (GPU): 8388608 coefficients, 268435456 bytes (256.00 MiB)
		[Memory] Processing poly[12] (GPU): 8388608 coefficients, 268435456 bytes (256.00 MiB)
		[Memory] Processing poly[13] (GPU): 8388608 coefficients, 268435456 bytes (256.00 MiB)
		[Memory] Processing poly[14] (GPU): 8388608 coefficients, 268435456 bytes (256.00 MiB)
		[Memory] Before batchApply (toCosetLagrange):
		[Before batchApply] GPU memory: <unavailable> (err=10)
		[Before batchApply] CPU memory: allocated=11599 MiB, total_allocated=42734 MiB, sys=11961 MiB
		[Timing] MontConv(dev->nonMont) 耗时: 2.664105 ms
		[Timing] VecMulOnDevice 耗时: 3.002808 ms
		[Timing] MontConv(dev->Mont) 耗时: 2.591020 ms
		[Timing] NttOnDevice 耗时: 177.944542 ms
		[Memory] Before CopyFromDevice (D2H): poly size=8388608 coefficients, 268435456 bytes (256.00 MiB)
		[Memory] Before CopyFromDevice (D2H):
		[Before D2H] GPU memory: used=7510 MiB / total=12227 MiB (61.4%)
		[Before D2H] CPU memory: allocated=11599 MiB, total_allocated=42734 MiB, sys=11961 MiB
		[Timing] CopyFromDevice (D2H) 耗时: 25.844306 ms
		[Memory] After CopyFromDevice (D2H):
		[After D2H] GPU memory: used=7510 MiB / total=12227 MiB (61.4%)
		[After D2H] CPU memory: allocated=11599 MiB, total_allocated=42734 MiB, sys=11961 MiB
		[Timing] INttOnDevice (restore canonical) 耗时: 179.742314 ms
		[Timing] toCosetLagrange 总耗时: 392.615416 ms (0.39 s)
		[Timing] MontConv(dev->nonMont) 耗时: 2.459658 ms
		[Timing] VecMulOnDevice 耗时: 3.045163 ms
		[Timing] MontConv(dev->Mont) 耗时: 2.490513 ms
		[Timing] NttOnDevice 耗时: 173.906777 ms
		[Memory] Before CopyFromDevice (D2H): poly size=8388608 coefficients, 268435456 bytes (256.00 MiB)
		[Memory] Before CopyFromDevice (D2H):
		[Before D2H] GPU memory: used=7510 MiB / total=12227 MiB (61.4%)
		[Before D2H] CPU memory: allocated=11599 MiB, total_allocated=42734 MiB, sys=11961 MiB
		[Timing] CopyFromDevice (D2H) 耗时: 29.221912 ms
		[Memory] After CopyFromDevice (D2H):
		[After D2H] GPU memory: used=7510 MiB / total=12227 MiB (61.4%)
		[After D2H] CPU memory: allocated=11599 MiB, total_allocated=42734 MiB, sys=11961 MiB
		[Timing] INttOnDevice (restore canonical) 耗时: 173.065995 ms
		[Timing] toCosetLagrange 总耗时: 384.908220 ms (0.38 s)
		[Timing] MontConv(dev->nonMont) 耗时: 2.490278 ms
		[Timing] VecMulOnDevice 耗时: 3.048426 ms
		[Timing] MontConv(dev->Mont) 耗时: 2.551851 ms
		[Timing] NttOnDevice 耗时: 178.192104 ms
		[Memory] Before CopyFromDevice (D2H): poly size=8388608 coefficients, 268435456 bytes (256.00 MiB)
		[Memory] Before CopyFromDevice (D2H):
		[Before D2H] GPU memory: used=7510 MiB / total=12227 MiB (61.4%)
		[Before D2H] CPU memory: allocated=11599 MiB, total_allocated=42734 MiB, sys=11961 MiB
		[Timing] CopyFromDevice (D2H) 耗时: 29.090025 ms
		[Memory] After CopyFromDevice (D2H):
		[After D2H] GPU memory: used=7510 MiB / total=12227 MiB (61.4%)
		[After D2H] CPU memory: allocated=11599 MiB, total_allocated=42734 MiB, sys=11961 MiB
		[Timing] INttOnDevice (restore canonical) 耗时: 171.188792 ms
		[Timing] toCosetLagrange 总耗时: 387.457653 ms (0.39 s)
		[Timing] MontConv(dev->nonMont) 耗时: 2.473663 ms
		[Timing] VecMulOnDevice 耗时: 2.873256 ms
		[Timing] MontConv(dev->Mont) 耗时: 2.419881 ms
		[Timing] NttOnDevice 耗时: 173.137630 ms
		[Memory] Before CopyFromDevice (D2H): poly size=8388608 coefficients, 268435456 bytes (256.00 MiB)
		[Memory] Before CopyFromDevice (D2H):
		[Before D2H] GPU memory: used=7510 MiB / total=12227 MiB (61.4%)
		[Before D2H] CPU memory: allocated=11599 MiB, total_allocated=42734 MiB, sys=11961 MiB
		[Timing] CopyFromDevice (D2H) 耗时: 30.549593 ms
		[Memory] After CopyFromDevice (D2H):
		[After D2H] GPU memory: used=7510 MiB / total=12227 MiB (61.4%)
		[After D2H] CPU memory: allocated=11599 MiB, total_allocated=42734 MiB, sys=11961 MiB
		[Timing] INttOnDevice (restore canonical) 耗时: 171.255118 ms
		[Timing] toCosetLagrange 总耗时: 383.601970 ms (0.38 s)
		[Timing] MontConv(dev->nonMont) 耗时: 2.553677 ms
		[Timing] VecMulOnDevice 耗时: 2.967350 ms
		[Timing] MontConv(dev->Mont) 耗时: 2.445511 ms
		[Timing] NttOnDevice 耗时: 173.659640 ms
		[Memory] Before CopyFromDevice (D2H): poly size=8388608 coefficients, 268435456 bytes (256.00 MiB)
		[Memory] Before CopyFromDevice (D2H):
		[Before D2H] GPU memory: used=7510 MiB / total=12227 MiB (61.4%)
		[Before D2H] CPU memory: allocated=11599 MiB, total_allocated=42734 MiB, sys=11961 MiB
		[Timing] CopyFromDevice (D2H) 耗时: 25.862519 ms
		[Memory] After CopyFromDevice (D2H):
		[After D2H] GPU memory: used=7510 MiB / total=12227 MiB (61.4%)
		[After D2H] CPU memory: allocated=11599 MiB, total_allocated=42734 MiB, sys=11961 MiB
		[Timing] INttOnDevice (restore canonical) 耗时: 177.380542 ms
		[Timing] toCosetLagrange 总耗时: 385.613839 ms (0.39 s)
		[Timing] MontConv(dev->nonMont) 耗时: 2.426356 ms
		[Timing] VecMulOnDevice 耗时: 3.472947 ms
		[Timing] MontConv(dev->Mont) 耗时: 2.366171 ms
		[Timing] NttOnDevice 耗时: 172.438602 ms
		[Memory] Before CopyFromDevice (D2H): poly size=8388608 coefficients, 268435456 bytes (256.00 MiB)
		[Memory] Before CopyFromDevice (D2H):
		[Before D2H] GPU memory: used=7510 MiB / total=12227 MiB (61.4%)
		[Before D2H] CPU memory: allocated=11599 MiB, total_allocated=42734 MiB, sys=11961 MiB
		[Timing] CopyFromDevice (D2H) 耗时: 28.719424 ms
		[Memory] After CopyFromDevice (D2H):
		[After D2H] GPU memory: used=7510 MiB / total=12227 MiB (61.4%)
		[After D2H] CPU memory: allocated=11599 MiB, total_allocated=42734 MiB, sys=11961 MiB
		[Timing] INttOnDevice (restore canonical) 耗时: 170.954637 ms
		[Timing] toCosetLagrange 总耗时: 381.335871 ms (0.38 s)
		[Timing] MontConv(dev->nonMont) 耗时: 2.507648 ms
		[Timing] VecMulOnDevice 耗时: 2.856006 ms
		[Timing] MontConv(dev->Mont) 耗时: 2.591928 ms
		[Timing] NttOnDevice 耗时: 175.089822 ms
		[Memory] Before CopyFromDevice (D2H): poly size=8388608 coefficients, 268435456 bytes (256.00 MiB)
		[Memory] Before CopyFromDevice (D2H):
		[Before D2H] GPU memory: used=7510 MiB / total=12227 MiB (61.4%)
		[Before D2H] CPU memory: allocated=11599 MiB, total_allocated=42734 MiB, sys=11961 MiB
		[Timing] CopyFromDevice (D2H) 耗时: 31.293761 ms
		[Memory] After CopyFromDevice (D2H):
		[After D2H] GPU memory: used=7510 MiB / total=12227 MiB (61.4%)
		[After D2H] CPU memory: allocated=11599 MiB, total_allocated=42734 MiB, sys=11961 MiB
		[Timing] INttOnDevice (restore canonical) 耗时: 170.876044 ms
		[Timing] toCosetLagrange 总耗时: 386.264798 ms (0.39 s)
		[Timing] MontConv(dev->nonMont) 耗时: 2.475174 ms
		[Timing] VecMulOnDevice 耗时: 2.852737 ms
		[Timing] MontConv(dev->Mont) 耗时: 2.682309 ms
		[Timing] NttOnDevice 耗时: 173.148986 ms
		[Memory] Before CopyFromDevice (D2H): poly size=8388608 coefficients, 268435456 bytes (256.00 MiB)
		[Memory] Before CopyFromDevice (D2H):
		[Before D2H] GPU memory: used=7510 MiB / total=12227 MiB (61.4%)
		[Before D2H] CPU memory: allocated=11599 MiB, total_allocated=42734 MiB, sys=11961 MiB
		[Timing] CopyFromDevice (D2H) 耗时: 28.674807 ms
		[Memory] After CopyFromDevice (D2H):
		[After D2H] GPU memory: used=7510 MiB / total=12227 MiB (61.4%)
		[After D2H] CPU memory: allocated=11599 MiB, total_allocated=42734 MiB, sys=11961 MiB
		[Timing] INttOnDevice (restore canonical) 耗时: 175.182361 ms
		[Timing] toCosetLagrange 总耗时: 385.975585 ms (0.39 s)
		[Timing] MontConv(dev->nonMont) 耗时: 2.472206 ms
		[Timing] VecMulOnDevice 耗时: 3.031855 ms
		[Timing] MontConv(dev->Mont) 耗时: 2.661874 ms
		[Timing] NttOnDevice 耗时: 173.263317 ms
		[Memory] Before CopyFromDevice (D2H): poly size=8388608 coefficients, 268435456 bytes (256.00 MiB)
		[Memory] Before CopyFromDevice (D2H):
		[Before D2H] GPU memory: used=7510 MiB / total=12227 MiB (61.4%)
		[Before D2H] CPU memory: allocated=11599 MiB, total_allocated=42734 MiB, sys=11961 MiB
		[Timing] CopyFromDevice (D2H) 耗时: 27.311186 ms
		[Memory] After CopyFromDevice (D2H):
		[After D2H] GPU memory: used=7510 MiB / total=12227 MiB (61.4%)
		[After D2H] CPU memory: allocated=11599 MiB, total_allocated=42734 MiB, sys=11961 MiB
		[Timing] INttOnDevice (restore canonical) 耗时: 171.941432 ms
		[Timing] toCosetLagrange 总耗时: 381.501276 ms (0.38 s)
		[Timing] MontConv(dev->nonMont) 耗时: 2.995607 ms
		[Timing] VecMulOnDevice 耗时: 2.835252 ms
		[Timing] MontConv(dev->Mont) 耗时: 2.447187 ms
		[Timing] NttOnDevice 耗时: 174.650673 ms
		[Memory] Before CopyFromDevice (D2H): poly size=8388608 coefficients, 268435456 bytes (256.00 MiB)
		[Memory] Before CopyFromDevice (D2H):
		[Before D2H] GPU memory: used=7510 MiB / total=12227 MiB (61.4%)
		[Before D2H] CPU memory: allocated=11599 MiB, total_allocated=42734 MiB, sys=11961 MiB
		[Timing] CopyFromDevice (D2H) 耗时: 26.904679 ms
		[Memory] After CopyFromDevice (D2H):
		[After D2H] GPU memory: used=7510 MiB / total=12227 MiB (61.4%)
		[After D2H] CPU memory: allocated=11599 MiB, total_allocated=42734 MiB, sys=11961 MiB
		[Timing] INttOnDevice (restore canonical) 耗时: 175.874145 ms
		[Timing] toCosetLagrange 总耗时: 386.756090 ms (0.39 s)
		[Timing] MontConv(dev->nonMont) 耗时: 2.566752 ms
		[Timing] VecMulOnDevice 耗时: 2.921091 ms
		[Timing] MontConv(dev->Mont) 耗时: 2.633583 ms
		[Timing] NttOnDevice 耗时: 180.029679 ms
		[Memory] Before CopyFromDevice (D2H): poly size=8388608 coefficients, 268435456 bytes (256.00 MiB)
		[Memory] Before CopyFromDevice (D2H):
		[Before D2H] GPU memory: used=7510 MiB / total=12227 MiB (61.4%)
		[Before D2H] CPU memory: allocated=11599 MiB, total_allocated=42734 MiB, sys=11961 MiB
		[Timing] CopyFromDevice (D2H) 耗时: 27.417491 ms
		[Memory] After CopyFromDevice (D2H):
		[After D2H] GPU memory: used=7510 MiB / total=12227 MiB (61.4%)
		[After D2H] CPU memory: allocated=11599 MiB, total_allocated=42734 MiB, sys=11961 MiB
		[Timing] INttOnDevice (restore canonical) 耗时: 174.937609 ms
		[Timing] toCosetLagrange 总耗时: 391.529265 ms (0.39 s)
		[Timing] MontConv(dev->nonMont) 耗时: 2.552433 ms
		[Timing] VecMulOnDevice 耗时: 2.896938 ms
		[Timing] MontConv(dev->Mont) 耗时: 2.422764 ms
		[Timing] NttOnDevice 耗时: 172.180165 ms
		[Memory] Before CopyFromDevice (D2H): poly size=8388608 coefficients, 268435456 bytes (256.00 MiB)
		[Memory] Before CopyFromDevice (D2H):
		[Before D2H] GPU memory: used=7510 MiB / total=12227 MiB (61.4%)
		[Before D2H] CPU memory: allocated=11599 MiB, total_allocated=42734 MiB, sys=11961 MiB
		[Timing] CopyFromDevice (D2H) 耗时: 28.776472 ms
		[Memory] After CopyFromDevice (D2H):
		[After D2H] GPU memory: used=7510 MiB / total=12227 MiB (61.4%)
		[After D2H] CPU memory: allocated=11599 MiB, total_allocated=42734 MiB, sys=11961 MiB
		[Timing] INttOnDevice (restore canonical) 耗时: 179.064175 ms
		[Timing] toCosetLagrange 总耗时: 388.534338 ms (0.39 s)
		[Timing] MontConv(dev->nonMont) 耗时: 2.440648 ms
		[Timing] VecMulOnDevice 耗时: 2.836284 ms
		[Timing] MontConv(dev->Mont) 耗时: 2.373910 ms
		[Timing] NttOnDevice 耗时: 172.968369 ms
		[Memory] Before CopyFromDevice (D2H): poly size=8388608 coefficients, 268435456 bytes (256.00 MiB)
		[Memory] Before CopyFromDevice (D2H):
		[Before D2H] GPU memory: used=7510 MiB / total=12227 MiB (61.4%)
		[Before D2H] CPU memory: allocated=11599 MiB, total_allocated=42734 MiB, sys=11961 MiB
		[Timing] CopyFromDevice (D2H) 耗时: 26.969659 ms
		[Memory] After CopyFromDevice (D2H):
		[After D2H] GPU memory: used=7510 MiB / total=12227 MiB (61.4%)
		[After D2H] CPU memory: allocated=11599 MiB, total_allocated=42734 MiB, sys=11961 MiB
		[Timing] INttOnDevice (restore canonical) 耗时: 171.419494 ms
		[Timing] toCosetLagrange 总耗时: 380.065247 ms (0.38 s)
		[Timing] MontConv(dev->nonMont) 耗时: 2.499286 ms
		[Timing] VecMulOnDevice 耗时: 2.841908 ms
		[Timing] MontConv(dev->Mont) 耗时: 2.419625 ms
		[Timing] NttOnDevice 耗时: 177.205315 ms
		[Memory] Before CopyFromDevice (D2H): poly size=8388608 coefficients, 268435456 bytes (256.00 MiB)
		[Memory] Before CopyFromDevice (D2H):
		[Before D2H] GPU memory: used=7510 MiB / total=12227 MiB (61.4%)
		[Before D2H] CPU memory: allocated=11599 MiB, total_allocated=42734 MiB, sys=11961 MiB
		[Timing] CopyFromDevice (D2H) 耗时: 27.392122 ms
		[Memory] After CopyFromDevice (D2H):
		[After D2H] GPU memory: used=7510 MiB / total=12227 MiB (61.4%)
		[After D2H] CPU memory: allocated=11599 MiB, total_allocated=42734 MiB, sys=11961 MiB
		[Timing] INttOnDevice (restore canonical) 耗时: 184.489242 ms
		[Timing] toCosetLagrange 总耗时: 397.666573 ms (0.40 s)
		computeNumerator() || batchApply 耗时: 5414.340720 ms
		[Memory] After batchApply (toCosetLagrange):
		[After batchApply] GPU memory: <unavailable> (err=10)
		[After batchApply] CPU memory: allocated=11599 MiB, total_allocated=42734 MiB, sys=11961 MiB
		[Memory] Processed 14 polynomials
		[Memory] Processing 14 polynomials in batchApply
		[Memory] Processing poly[0] (GPU): 8388608 coefficients, 268435456 bytes (256.00 MiB)
		[Memory] Processing poly[1] (GPU): 8388608 coefficients, 268435456 bytes (256.00 MiB)
		[Memory] Processing poly[2] (GPU): 8388608 coefficients, 268435456 bytes (256.00 MiB)
		[Memory] Processing poly[3] (GPU): 8388608 coefficients, 268435456 bytes (256.00 MiB)
		[Memory] Processing poly[5] (GPU): 8388608 coefficients, 268435456 bytes (256.00 MiB)
		[Memory] Processing poly[6] (GPU): 8388608 coefficients, 268435456 bytes (256.00 MiB)
		[Memory] Processing poly[7] (GPU): 8388608 coefficients, 268435456 bytes (256.00 MiB)
		[Memory] Processing poly[8] (GPU): 8388608 coefficients, 268435456 bytes (256.00 MiB)
		[Memory] Processing poly[9] (GPU): 8388608 coefficients, 268435456 bytes (256.00 MiB)
		[Memory] Processing poly[10] (GPU): 8388608 coefficients, 268435456 bytes (256.00 MiB)
		[Memory] Processing poly[11] (GPU): 8388608 coefficients, 268435456 bytes (256.00 MiB)
		[Memory] Processing poly[12] (GPU): 8388608 coefficients, 268435456 bytes (256.00 MiB)
		[Memory] Processing poly[13] (GPU): 8388608 coefficients, 268435456 bytes (256.00 MiB)
		[Memory] Processing poly[14] (GPU): 8388608 coefficients, 268435456 bytes (256.00 MiB)
		[Memory] Before batchApply (toCosetLagrange):
		[Before batchApply] GPU memory: <unavailable> (err=10)
		[Before batchApply] CPU memory: allocated=11599 MiB, total_allocated=42734 MiB, sys=11961 MiB
		[Timing] MontConv(dev->nonMont) 耗时: 2.513823 ms
		[Timing] VecMulOnDevice 耗时: 2.929121 ms
		[Timing] MontConv(dev->Mont) 耗时: 2.663903 ms
		[Timing] NttOnDevice 耗时: 173.736849 ms
		[Memory] Before CopyFromDevice (D2H): poly size=8388608 coefficients, 268435456 bytes (256.00 MiB)
		[Memory] Before CopyFromDevice (D2H):
		[Before D2H] GPU memory: used=7510 MiB / total=12227 MiB (61.4%)
		[Before D2H] CPU memory: allocated=11599 MiB, total_allocated=42734 MiB, sys=11961 MiB
		[Timing] CopyFromDevice (D2H) 耗时: 27.751384 ms
		[Memory] After CopyFromDevice (D2H):
		[After D2H] GPU memory: used=7510 MiB / total=12227 MiB (61.4%)
		[After D2H] CPU memory: allocated=11599 MiB, total_allocated=42734 MiB, sys=11961 MiB
		[Timing] INttOnDevice (restore canonical) 耗时: 171.155464 ms
		[Timing] toCosetLagrange 总耗时: 381.638041 ms (0.38 s)
		[Timing] MontConv(dev->nonMont) 耗时: 2.443523 ms
		[Timing] VecMulOnDevice 耗时: 2.909304 ms
		[Timing] MontConv(dev->Mont) 耗时: 2.541746 ms
		[Timing] NttOnDevice 耗时: 179.664848 ms
		[Memory] Before CopyFromDevice (D2H): poly size=8388608 coefficients, 268435456 bytes (256.00 MiB)
		[Memory] Before CopyFromDevice (D2H):
		[Before D2H] GPU memory: used=7510 MiB / total=12227 MiB (61.4%)
		[Before D2H] CPU memory: allocated=11599 MiB, total_allocated=42734 MiB, sys=11961 MiB
		[Timing] CopyFromDevice (D2H) 耗时: 29.934190 ms
		[Memory] After CopyFromDevice (D2H):
		[After D2H] GPU memory: used=7510 MiB / total=12227 MiB (61.4%)
		[After D2H] CPU memory: allocated=11599 MiB, total_allocated=42734 MiB, sys=11961 MiB
		[Timing] INttOnDevice (restore canonical) 耗时: 170.948771 ms
		[Timing] toCosetLagrange 总耗时: 389.295025 ms (0.39 s)
		[Timing] MontConv(dev->nonMont) 耗时: 2.428306 ms
		[Timing] VecMulOnDevice 耗时: 2.871371 ms
		[Timing] MontConv(dev->Mont) 耗时: 2.376366 ms
		[Timing] NttOnDevice 耗时: 172.572171 ms
		[Memory] Before CopyFromDevice (D2H): poly size=8388608 coefficients, 268435456 bytes (256.00 MiB)
		[Memory] Before CopyFromDevice (D2H):
		[Before D2H] GPU memory: used=7510 MiB / total=12227 MiB (61.4%)
		[Before D2H] CPU memory: allocated=11599 MiB, total_allocated=42734 MiB, sys=11961 MiB
		[Timing] CopyFromDevice (D2H) 耗时: 26.160640 ms
		[Memory] After CopyFromDevice (D2H):
		[After D2H] GPU memory: used=7510 MiB / total=12227 MiB (61.4%)
		[After D2H] CPU memory: allocated=11599 MiB, total_allocated=42734 MiB, sys=11961 MiB
		[Timing] INttOnDevice (restore canonical) 耗时: 171.262497 ms
		[Timing] toCosetLagrange 总耗时: 378.399359 ms (0.38 s)
		[Timing] MontConv(dev->nonMont) 耗时: 2.527186 ms
		[Timing] VecMulOnDevice 耗时: 2.847060 ms
		[Timing] MontConv(dev->Mont) 耗时: 2.413462 ms
		[Timing] NttOnDevice 耗时: 173.166959 ms
		[Memory] Before CopyFromDevice (D2H): poly size=8388608 coefficients, 268435456 bytes (256.00 MiB)
		[Memory] Before CopyFromDevice (D2H):
		[Before D2H] GPU memory: used=7510 MiB / total=12227 MiB (61.4%)
		[Before D2H] CPU memory: allocated=11599 MiB, total_allocated=42734 MiB, sys=11961 MiB
		[Timing] CopyFromDevice (D2H) 耗时: 27.537932 ms
		[Memory] After CopyFromDevice (D2H):
		[After D2H] GPU memory: used=7510 MiB / total=12227 MiB (61.4%)
		[After D2H] CPU memory: allocated=11599 MiB, total_allocated=42734 MiB, sys=11961 MiB
		[Timing] INttOnDevice (restore canonical) 耗时: 175.451177 ms
		[Timing] toCosetLagrange 总耗时: 384.760040 ms (0.38 s)
		[Timing] MontConv(dev->nonMont) 耗时: 2.485619 ms
		[Timing] VecMulOnDevice 耗时: 2.848370 ms
		[Timing] MontConv(dev->Mont) 耗时: 2.413867 ms
		[Timing] NttOnDevice 耗时: 173.669166 ms
		[Memory] Before CopyFromDevice (D2H): poly size=8388608 coefficients, 268435456 bytes (256.00 MiB)
		[Memory] Before CopyFromDevice (D2H):
		[Before D2H] GPU memory: used=7510 MiB / total=12227 MiB (61.4%)
		[Before D2H] CPU memory: allocated=11599 MiB, total_allocated=42734 MiB, sys=11961 MiB
		[Timing] CopyFromDevice (D2H) 耗时: 30.163048 ms
		[Memory] After CopyFromDevice (D2H):
		[After D2H] GPU memory: used=7510 MiB / total=12227 MiB (61.4%)
		[After D2H] CPU memory: allocated=11599 MiB, total_allocated=42734 MiB, sys=11961 MiB
		[Timing] INttOnDevice (restore canonical) 耗时: 170.664262 ms
		[Timing] toCosetLagrange 总耗时: 383.167738 ms (0.38 s)
		[Timing] MontConv(dev->nonMont) 耗时: 2.619288 ms
		[Timing] VecMulOnDevice 耗时: 2.846018 ms
		[Timing] MontConv(dev->Mont) 耗时: 2.418542 ms
		[Timing] NttOnDevice 耗时: 171.391673 ms
		[Memory] Before CopyFromDevice (D2H): poly size=8388608 coefficients, 268435456 bytes (256.00 MiB)
		[Memory] Before CopyFromDevice (D2H):
		[Before D2H] GPU memory: used=7510 MiB / total=12227 MiB (61.4%)
		[Before D2H] CPU memory: allocated=11599 MiB, total_allocated=42734 MiB, sys=11961 MiB
		[Timing] CopyFromDevice (D2H) 耗时: 30.520060 ms
		[Memory] After CopyFromDevice (D2H):
		[After D2H] GPU memory: used=7510 MiB / total=12227 MiB (61.4%)
		[After D2H] CPU memory: allocated=11599 MiB, total_allocated=42734 MiB, sys=11961 MiB
		[Timing] INttOnDevice (restore canonical) 耗时: 170.497696 ms
		[Timing] toCosetLagrange 总耗时: 381.579862 ms (0.38 s)
		[Timing] MontConv(dev->nonMont) 耗时: 2.496841 ms
		[Timing] VecMulOnDevice 耗时: 2.954283 ms
		[Timing] MontConv(dev->Mont) 耗时: 2.478423 ms
		[Timing] NttOnDevice 耗时: 189.545142 ms
		[Memory] Before CopyFromDevice (D2H): poly size=8388608 coefficients, 268435456 bytes (256.00 MiB)
		[Memory] Before CopyFromDevice (D2H):
		[Before D2H] GPU memory: used=7510 MiB / total=12227 MiB (61.4%)
		[Before D2H] CPU memory: allocated=11599 MiB, total_allocated=42734 MiB, sys=11961 MiB
		[Timing] CopyFromDevice (D2H) 耗时: 32.258443 ms
		[Memory] After CopyFromDevice (D2H):
		[After D2H] GPU memory: used=7510 MiB / total=12227 MiB (61.4%)
		[After D2H] CPU memory: allocated=11599 MiB, total_allocated=42734 MiB, sys=11961 MiB
		[Timing] INttOnDevice (restore canonical) 耗时: 235.014469 ms
		[Timing] toCosetLagrange 总耗时: 466.730629 ms (0.47 s)
		[Timing] MontConv(dev->nonMont) 耗时: 3.875845 ms
		[Timing] VecMulOnDevice 耗时: 3.911804 ms
		[Timing] MontConv(dev->Mont) 耗时: 2.838891 ms
		[Timing] NttOnDevice 耗时: 223.191326 ms
		[Memory] Before CopyFromDevice (D2H): poly size=8388608 coefficients, 268435456 bytes (256.00 MiB)
		[Memory] Before CopyFromDevice (D2H):
		[Before D2H] GPU memory: used=7510 MiB / total=12227 MiB (61.4%)
		[Before D2H] CPU memory: allocated=11599 MiB, total_allocated=42734 MiB, sys=11961 MiB
		[Timing] CopyFromDevice (D2H) 耗时: 30.852204 ms
		[Memory] After CopyFromDevice (D2H):
		[After D2H] GPU memory: used=7510 MiB / total=12227 MiB (61.4%)
		[After D2H] CPU memory: allocated=11599 MiB, total_allocated=42734 MiB, sys=11961 MiB
		[Timing] INttOnDevice (restore canonical) 耗时: 201.073968 ms
		[Timing] toCosetLagrange 总耗时: 466.916685 ms (0.47 s)
		[Timing] MontConv(dev->nonMont) 耗时: 2.453294 ms
		[Timing] VecMulOnDevice 耗时: 2.848355 ms
		[Timing] MontConv(dev->Mont) 耗时: 2.461957 ms
		[Timing] NttOnDevice 耗时: 189.665837 ms
		[Memory] Before CopyFromDevice (D2H): poly size=8388608 coefficients, 268435456 bytes (256.00 MiB)
		[Memory] Before CopyFromDevice (D2H):
		[Before D2H] GPU memory: used=7510 MiB / total=12227 MiB (61.4%)
		[Before D2H] CPU memory: allocated=11599 MiB, total_allocated=42734 MiB, sys=11961 MiB
		[Timing] CopyFromDevice (D2H) 耗时: 30.299171 ms
		[Memory] After CopyFromDevice (D2H):
		[After D2H] GPU memory: used=7510 MiB / total=12227 MiB (61.4%)
		[After D2H] CPU memory: allocated=11599 MiB, total_allocated=42734 MiB, sys=11961 MiB
		[Timing] INttOnDevice (restore canonical) 耗时: 186.039663 ms
		[Timing] toCosetLagrange 总耗时: 414.596663 ms (0.41 s)
		[Timing] MontConv(dev->nonMont) 耗时: 2.553311 ms
		[Timing] VecMulOnDevice 耗时: 2.839286 ms
		[Timing] MontConv(dev->Mont) 耗时: 2.351428 ms
		[Timing] NttOnDevice 耗时: 174.811207 ms
		[Memory] Before CopyFromDevice (D2H): poly size=8388608 coefficients, 268435456 bytes (256.00 MiB)
		[Memory] Before CopyFromDevice (D2H):
		[Before D2H] GPU memory: used=7510 MiB / total=12227 MiB (61.4%)
		[Before D2H] CPU memory: allocated=11599 MiB, total_allocated=42734 MiB, sys=11961 MiB
		[Timing] CopyFromDevice (D2H) 耗时: 28.456470 ms
		[Memory] After CopyFromDevice (D2H):
		[After D2H] GPU memory: used=7510 MiB / total=12227 MiB (61.4%)
		[After D2H] CPU memory: allocated=11599 MiB, total_allocated=42734 MiB, sys=11961 MiB
		[Timing] INttOnDevice (restore canonical) 耗时: 171.576992 ms
		[Timing] toCosetLagrange 总耗时: 383.482991 ms (0.38 s)
		[Timing] MontConv(dev->nonMont) 耗时: 2.681555 ms
		[Timing] VecMulOnDevice 耗时: 2.861931 ms
		[Timing] MontConv(dev->Mont) 耗时: 2.517245 ms
		[Timing] NttOnDevice 耗时: 172.546331 ms
		[Memory] Before CopyFromDevice (D2H): poly size=8388608 coefficients, 268435456 bytes (256.00 MiB)
		[Memory] Before CopyFromDevice (D2H):
		[Before D2H] GPU memory: used=7510 MiB / total=12227 MiB (61.4%)
		[Before D2H] CPU memory: allocated=11599 MiB, total_allocated=42734 MiB, sys=11961 MiB
		[Timing] CopyFromDevice (D2H) 耗时: 27.678314 ms
		[Memory] After CopyFromDevice (D2H):
		[After D2H] GPU memory: used=7510 MiB / total=12227 MiB (61.4%)
		[After D2H] CPU memory: allocated=11599 MiB, total_allocated=42734 MiB, sys=11961 MiB
		[Timing] INttOnDevice (restore canonical) 耗时: 171.290067 ms
		[Timing] toCosetLagrange 总耗时: 380.317455 ms (0.38 s)
		[Timing] MontConv(dev->nonMont) 耗时: 2.508921 ms
		[Timing] VecMulOnDevice 耗时: 2.927504 ms
		[Timing] MontConv(dev->Mont) 耗时: 2.366697 ms
		[Timing] NttOnDevice 耗时: 175.269366 ms
		[Memory] Before CopyFromDevice (D2H): poly size=8388608 coefficients, 268435456 bytes (256.00 MiB)
		[Memory] Before CopyFromDevice (D2H):
		[Before D2H] GPU memory: used=7510 MiB / total=12227 MiB (61.4%)
		[Before D2H] CPU memory: allocated=11599 MiB, total_allocated=42734 MiB, sys=11961 MiB
		[Timing] CopyFromDevice (D2H) 耗时: 28.824396 ms
		[Memory] After CopyFromDevice (D2H):
		[After D2H] GPU memory: used=7510 MiB / total=12227 MiB (61.4%)
		[After D2H] CPU memory: allocated=11599 MiB, total_allocated=42734 MiB, sys=11961 MiB
		[Timing] INttOnDevice (restore canonical) 耗时: 175.034338 ms
		[Timing] toCosetLagrange 总耗时: 387.992531 ms (0.39 s)
		[Timing] MontConv(dev->nonMont) 耗时: 2.541007 ms
		[Timing] VecMulOnDevice 耗时: 2.959622 ms
		[Timing] MontConv(dev->Mont) 耗时: 2.387739 ms
		[Timing] NttOnDevice 耗时: 173.458417 ms
		[Memory] Before CopyFromDevice (D2H): poly size=8388608 coefficients, 268435456 bytes (256.00 MiB)
		[Memory] Before CopyFromDevice (D2H):
		[Before D2H] GPU memory: used=7510 MiB / total=12227 MiB (61.4%)
		[Before D2H] CPU memory: allocated=11599 MiB, total_allocated=42734 MiB, sys=11961 MiB
		[Timing] CopyFromDevice (D2H) 耗时: 27.528247 ms
		[Memory] After CopyFromDevice (D2H):
		[After D2H] GPU memory: used=7510 MiB / total=12227 MiB (61.4%)
		[After D2H] CPU memory: allocated=11599 MiB, total_allocated=42734 MiB, sys=11961 MiB
		[Timing] INttOnDevice (restore canonical) 耗时: 172.153116 ms
		[Timing] toCosetLagrange 总耗时: 383.684042 ms (0.38 s)
		[Timing] MontConv(dev->nonMont) 耗时: 2.503249 ms
		[Timing] VecMulOnDevice 耗时: 2.830333 ms
		[Timing] MontConv(dev->Mont) 耗时: 2.463993 ms
		[Timing] NttOnDevice 耗时: 172.415520 ms
		[Memory] Before CopyFromDevice (D2H): poly size=8388608 coefficients, 268435456 bytes (256.00 MiB)
		[Memory] Before CopyFromDevice (D2H):
		[Before D2H] GPU memory: used=7510 MiB / total=12227 MiB (61.4%)
		[Before D2H] CPU memory: allocated=11599 MiB, total_allocated=42734 MiB, sys=11961 MiB
		[Timing] CopyFromDevice (D2H) 耗时: 28.218726 ms
		[Memory] After CopyFromDevice (D2H):
		[After D2H] GPU memory: used=7510 MiB / total=12227 MiB (61.4%)
		[After D2H] CPU memory: allocated=11599 MiB, total_allocated=42734 MiB, sys=11961 MiB
		[Timing] INttOnDevice (restore canonical) 耗时: 172.263828 ms
		[Timing] toCosetLagrange 总耗时: 381.454839 ms (0.38 s)
		computeNumerator() || batchApply 耗时: 5564.607453 ms
		[Memory] After batchApply (toCosetLagrange):
		[After batchApply] GPU memory: <unavailable> (err=10)
		[After batchApply] CPU memory: allocated=11599 MiB, total_allocated=42734 MiB, sys=11961 MiB
		[Memory] Processed 14 polynomials
		[Memory] Processing 14 polynomials in batchApply
		[Memory] Processing poly[0] (GPU): 8388608 coefficients, 268435456 bytes (256.00 MiB)
		[Memory] Processing poly[1] (GPU): 8388608 coefficients, 268435456 bytes (256.00 MiB)
		[Memory] Processing poly[2] (GPU): 8388608 coefficients, 268435456 bytes (256.00 MiB)
		[Memory] Processing poly[3] (GPU): 8388608 coefficients, 268435456 bytes (256.00 MiB)
		[Memory] Processing poly[5] (GPU): 8388608 coefficients, 268435456 bytes (256.00 MiB)
		[Memory] Processing poly[6] (GPU): 8388608 coefficients, 268435456 bytes (256.00 MiB)
		[Memory] Processing poly[7] (GPU): 8388608 coefficients, 268435456 bytes (256.00 MiB)
		[Memory] Processing poly[8] (GPU): 8388608 coefficients, 268435456 bytes (256.00 MiB)
		[Memory] Processing poly[9] (GPU): 8388608 coefficients, 268435456 bytes (256.00 MiB)
		[Memory] Processing poly[10] (GPU): 8388608 coefficients, 268435456 bytes (256.00 MiB)
		[Memory] Processing poly[11] (GPU): 8388608 coefficients, 268435456 bytes (256.00 MiB)
		[Memory] Processing poly[12] (GPU): 8388608 coefficients, 268435456 bytes (256.00 MiB)
		[Memory] Processing poly[13] (GPU): 8388608 coefficients, 268435456 bytes (256.00 MiB)
		[Memory] Processing poly[14] (GPU): 8388608 coefficients, 268435456 bytes (256.00 MiB)
		[Memory] Before batchApply (toCosetLagrange):
		[Before batchApply] GPU memory: <unavailable> (err=10)
		[Before batchApply] CPU memory: allocated=11599 MiB, total_allocated=42734 MiB, sys=11961 MiB
		[Timing] MontConv(dev->nonMont) 耗时: 3.302538 ms
		[Timing] VecMulOnDevice 耗时: 3.018406 ms
		[Timing] MontConv(dev->Mont) 耗时: 2.415565 ms
		[Timing] NttOnDevice 耗时: 174.291301 ms
		[Memory] Before CopyFromDevice (D2H): poly size=8388608 coefficients, 268435456 bytes (256.00 MiB)
		[Memory] Before CopyFromDevice (D2H):
		[Before D2H] GPU memory: used=7510 MiB / total=12227 MiB (61.4%)
		[Before D2H] CPU memory: allocated=11599 MiB, total_allocated=42734 MiB, sys=11961 MiB
		[Timing] CopyFromDevice (D2H) 耗时: 28.405340 ms
		[Memory] After CopyFromDevice (D2H):
		[After D2H] GPU memory: used=7510 MiB / total=12227 MiB (61.4%)
		[After D2H] CPU memory: allocated=11599 MiB, total_allocated=42734 MiB, sys=11961 MiB
		[Timing] INttOnDevice (restore canonical) 耗时: 171.699684 ms
		[Timing] toCosetLagrange 总耗时: 383.755187 ms (0.38 s)
		[Timing] MontConv(dev->nonMont) 耗时: 8.524548 ms
		[Timing] VecMulOnDevice 耗时: 2.915121 ms
		[Timing] MontConv(dev->Mont) 耗时: 2.582674 ms
		[Timing] NttOnDevice 耗时: 172.844708 ms
		[Memory] Before CopyFromDevice (D2H): poly size=8388608 coefficients, 268435456 bytes (256.00 MiB)
		[Memory] Before CopyFromDevice (D2H):
		[Before D2H] GPU memory: used=7510 MiB / total=12227 MiB (61.4%)
		[Before D2H] CPU memory: allocated=11599 MiB, total_allocated=42734 MiB, sys=11961 MiB
		[Timing] CopyFromDevice (D2H) 耗时: 27.682981 ms
		[Memory] After CopyFromDevice (D2H):
		[After D2H] GPU memory: used=7510 MiB / total=12227 MiB (61.4%)
		[After D2H] CPU memory: allocated=11599 MiB, total_allocated=42734 MiB, sys=11961 MiB
		[Timing] INttOnDevice (restore canonical) 耗时: 172.859443 ms
		[Timing] toCosetLagrange 总耗时: 388.338110 ms (0.39 s)
		[Timing] MontConv(dev->nonMont) 耗时: 2.514791 ms
		[Timing] VecMulOnDevice 耗时: 2.945440 ms
		[Timing] MontConv(dev->Mont) 耗时: 2.604423 ms
		[Timing] NttOnDevice 耗时: 177.563644 ms
		[Memory] Before CopyFromDevice (D2H): poly size=8388608 coefficients, 268435456 bytes (256.00 MiB)
		[Memory] Before CopyFromDevice (D2H):
		[Before D2H] GPU memory: used=7510 MiB / total=12227 MiB (61.4%)
		[Before D2H] CPU memory: allocated=11599 MiB, total_allocated=42734 MiB, sys=11961 MiB
		[Timing] CopyFromDevice (D2H) 耗时: 30.026382 ms
		[Memory] After CopyFromDevice (D2H):
		[After D2H] GPU memory: used=7510 MiB / total=12227 MiB (61.4%)
		[After D2H] CPU memory: allocated=11599 MiB, total_allocated=42734 MiB, sys=11961 MiB
		[Timing] INttOnDevice (restore canonical) 耗时: 171.381328 ms
		[Timing] toCosetLagrange 总耗时: 387.827779 ms (0.39 s)
		[Timing] MontConv(dev->nonMont) 耗时: 2.441053 ms
		[Timing] VecMulOnDevice 耗时: 2.911699 ms
		[Timing] MontConv(dev->Mont) 耗时: 2.362413 ms
		[Timing] NttOnDevice 耗时: 174.908787 ms
		[Memory] Before CopyFromDevice (D2H): poly size=8388608 coefficients, 268435456 bytes (256.00 MiB)
		[Memory] Before CopyFromDevice (D2H):
		[Before D2H] GPU memory: used=7510 MiB / total=12227 MiB (61.4%)
		[Before D2H] CPU memory: allocated=11599 MiB, total_allocated=42734 MiB, sys=11961 MiB
		[Timing] CopyFromDevice (D2H) 耗时: 28.022632 ms
		[Memory] After CopyFromDevice (D2H):
		[After D2H] GPU memory: used=7510 MiB / total=12227 MiB (61.4%)
		[After D2H] CPU memory: allocated=11599 MiB, total_allocated=42734 MiB, sys=11961 MiB
		[Timing] INttOnDevice (restore canonical) 耗时: 173.325057 ms
		[Timing] toCosetLagrange 总耗时: 384.911482 ms (0.38 s)
		[Timing] MontConv(dev->nonMont) 耗时: 2.612301 ms
		[Timing] VecMulOnDevice 耗时: 3.055164 ms
		[Timing] MontConv(dev->Mont) 耗时: 2.580178 ms
		[Timing] NttOnDevice 耗时: 177.268296 ms
		[Memory] Before CopyFromDevice (D2H): poly size=8388608 coefficients, 268435456 bytes (256.00 MiB)
		[Memory] Before CopyFromDevice (D2H):
		[Before D2H] GPU memory: used=7510 MiB / total=12227 MiB (61.4%)
		[Before D2H] CPU memory: allocated=11599 MiB, total_allocated=42734 MiB, sys=11961 MiB
		[Timing] CopyFromDevice (D2H) 耗时: 27.165266 ms
		[Memory] After CopyFromDevice (D2H):
		[After D2H] GPU memory: used=7510 MiB / total=12227 MiB (61.4%)
		[After D2H] CPU memory: allocated=11599 MiB, total_allocated=42734 MiB, sys=11961 MiB
		[Timing] INttOnDevice (restore canonical) 耗时: 175.358616 ms
		[Timing] toCosetLagrange 总耗时: 389.210606 ms (0.39 s)
		[Timing] MontConv(dev->nonMont) 耗时: 2.563537 ms
		[Timing] VecMulOnDevice 耗时: 2.817811 ms
		[Timing] MontConv(dev->Mont) 耗时: 2.370479 ms
		[Timing] NttOnDevice 耗时: 172.320516 ms
		[Memory] Before CopyFromDevice (D2H): poly size=8388608 coefficients, 268435456 bytes (256.00 MiB)
		[Memory] Before CopyFromDevice (D2H):
		[Before D2H] GPU memory: used=7510 MiB / total=12227 MiB (61.4%)
		[Before D2H] CPU memory: allocated=11599 MiB, total_allocated=42734 MiB, sys=11961 MiB
		[Timing] CopyFromDevice (D2H) 耗时: 25.839410 ms
		[Memory] After CopyFromDevice (D2H):
		[After D2H] GPU memory: used=7510 MiB / total=12227 MiB (61.4%)
		[After D2H] CPU memory: allocated=11599 MiB, total_allocated=42734 MiB, sys=11961 MiB
		[Timing] INttOnDevice (restore canonical) 耗时: 171.970057 ms
		[Timing] toCosetLagrange 总耗时: 378.946001 ms (0.38 s)
		[Timing] MontConv(dev->nonMont) 耗时: 2.502359 ms
		[Timing] VecMulOnDevice 耗时: 2.895719 ms
		[Timing] MontConv(dev->Mont) 耗时: 2.466713 ms
		[Timing] NttOnDevice 耗时: 173.991479 ms
		[Memory] Before CopyFromDevice (D2H): poly size=8388608 coefficients, 268435456 bytes (256.00 MiB)
		[Memory] Before CopyFromDevice (D2H):
		[Before D2H] GPU memory: used=7510 MiB / total=12227 MiB (61.4%)
		[Before D2H] CPU memory: allocated=11599 MiB, total_allocated=42734 MiB, sys=11961 MiB
		[Timing] CopyFromDevice (D2H) 耗时: 28.625196 ms
		[Memory] After CopyFromDevice (D2H):
		[After D2H] GPU memory: used=7510 MiB / total=12227 MiB (61.4%)
		[After D2H] CPU memory: allocated=11599 MiB, total_allocated=42734 MiB, sys=11961 MiB
		[Timing] INttOnDevice (restore canonical) 耗时: 170.605793 ms
		[Timing] toCosetLagrange 总耗时: 381.950159 ms (0.38 s)
		[Timing] MontConv(dev->nonMont) 耗时: 2.406463 ms
		[Timing] VecMulOnDevice 耗时: 2.835567 ms
		[Timing] MontConv(dev->Mont) 耗时: 2.424075 ms
		[Timing] NttOnDevice 耗时: 173.024489 ms
		[Memory] Before CopyFromDevice (D2H): poly size=8388608 coefficients, 268435456 bytes (256.00 MiB)
		[Memory] Before CopyFromDevice (D2H):
		[Before D2H] GPU memory: used=7510 MiB / total=12227 MiB (61.4%)
		[Before D2H] CPU memory: allocated=11599 MiB, total_allocated=42734 MiB, sys=11961 MiB
		[Timing] CopyFromDevice (D2H) 耗时: 29.996700 ms
		[Memory] After CopyFromDevice (D2H):
		[After D2H] GPU memory: used=7510 MiB / total=12227 MiB (61.4%)
		[After D2H] CPU memory: allocated=11599 MiB, total_allocated=42734 MiB, sys=11961 MiB
		[Timing] INttOnDevice (restore canonical) 耗时: 175.199577 ms
		[Timing] toCosetLagrange 总耗时: 386.832714 ms (0.39 s)
		[Timing] MontConv(dev->nonMont) 耗时: 2.578300 ms
		[Timing] VecMulOnDevice 耗时: 2.988473 ms
		[Timing] MontConv(dev->Mont) 耗时: 2.520287 ms
		[Timing] NttOnDevice 耗时: 172.975224 ms
		[Memory] Before CopyFromDevice (D2H): poly size=8388608 coefficients, 268435456 bytes (256.00 MiB)
		[Memory] Before CopyFromDevice (D2H):
		[Before D2H] GPU memory: used=7510 MiB / total=12227 MiB (61.4%)
		[Before D2H] CPU memory: allocated=11599 MiB, total_allocated=42734 MiB, sys=11961 MiB
		[Timing] CopyFromDevice (D2H) 耗时: 27.125995 ms
		[Memory] After CopyFromDevice (D2H):
		[After D2H] GPU memory: used=7510 MiB / total=12227 MiB (61.4%)
		[After D2H] CPU memory: allocated=11599 MiB, total_allocated=42734 MiB, sys=11961 MiB
		[Timing] INttOnDevice (restore canonical) 耗时: 171.362749 ms
		[Timing] toCosetLagrange 总耗时: 380.402451 ms (0.38 s)
		[Timing] MontConv(dev->nonMont) 耗时: 2.591387 ms
		[Timing] VecMulOnDevice 耗时: 2.971034 ms
		[Timing] MontConv(dev->Mont) 耗时: 2.526313 ms
		[Timing] NttOnDevice 耗时: 172.970441 ms
		[Memory] Before CopyFromDevice (D2H): poly size=8388608 coefficients, 268435456 bytes (256.00 MiB)
		[Memory] Before CopyFromDevice (D2H):
		[Before D2H] GPU memory: used=7510 MiB / total=12227 MiB (61.4%)
		[Before D2H] CPU memory: allocated=11599 MiB, total_allocated=42734 MiB, sys=11961 MiB
		[Timing] CopyFromDevice (D2H) 耗时: 26.555659 ms
		[Memory] After CopyFromDevice (D2H):
		[After D2H] GPU memory: used=7510 MiB / total=12227 MiB (61.4%)
		[After D2H] CPU memory: allocated=11599 MiB, total_allocated=42734 MiB, sys=11961 MiB
		[Timing] INttOnDevice (restore canonical) 耗时: 172.305398 ms
		[Timing] toCosetLagrange 总耗时: 381.137273 ms (0.38 s)
		[Timing] MontConv(dev->nonMont) 耗时: 2.555183 ms
		[Timing] VecMulOnDevice 耗时: 2.998160 ms
		[Timing] MontConv(dev->Mont) 耗时: 2.458744 ms
		[Timing] NttOnDevice 耗时: 172.078620 ms
		[Memory] Before CopyFromDevice (D2H): poly size=8388608 coefficients, 268435456 bytes (256.00 MiB)
		[Memory] Before CopyFromDevice (D2H):
		[Before D2H] GPU memory: used=7510 MiB / total=12227 MiB (61.4%)
		[Before D2H] CPU memory: allocated=11599 MiB, total_allocated=42734 MiB, sys=11961 MiB
		[Timing] CopyFromDevice (D2H) 耗时: 31.570990 ms
		[Memory] After CopyFromDevice (D2H):
		[After D2H] GPU memory: used=7510 MiB / total=12227 MiB (61.4%)
		[After D2H] CPU memory: allocated=11599 MiB, total_allocated=42734 MiB, sys=11961 MiB
		[Timing] INttOnDevice (restore canonical) 耗时: 173.507361 ms
		[Timing] toCosetLagrange 总耗时: 386.310747 ms (0.39 s)
		[Timing] MontConv(dev->nonMont) 耗时: 2.550875 ms
		[Timing] VecMulOnDevice 耗时: 2.999260 ms
		[Timing] MontConv(dev->Mont) 耗时: 2.392561 ms
		[Timing] NttOnDevice 耗时: 171.815537 ms
		[Memory] Before CopyFromDevice (D2H): poly size=8388608 coefficients, 268435456 bytes (256.00 MiB)
		[Memory] Before CopyFromDevice (D2H):
		[Before D2H] GPU memory: used=7510 MiB / total=12227 MiB (61.4%)
		[Before D2H] CPU memory: allocated=11599 MiB, total_allocated=42734 MiB, sys=11961 MiB
		[Timing] CopyFromDevice (D2H) 耗时: 36.863224 ms
		[Memory] After CopyFromDevice (D2H):
		[After D2H] GPU memory: used=7510 MiB / total=12227 MiB (61.4%)
		[After D2H] CPU memory: allocated=11599 MiB, total_allocated=42734 MiB, sys=11961 MiB
		[Timing] INttOnDevice (restore canonical) 耗时: 171.911582 ms
		[Timing] toCosetLagrange 总耗时: 389.356055 ms (0.39 s)
		[Timing] MontConv(dev->nonMont) 耗时: 2.554312 ms
		[Timing] VecMulOnDevice 耗时: 3.001018 ms
		[Timing] MontConv(dev->Mont) 耗时: 2.401880 ms
		[Timing] NttOnDevice 耗时: 171.754821 ms
		[Memory] Before CopyFromDevice (D2H): poly size=8388608 coefficients, 268435456 bytes (256.00 MiB)
		[Memory] Before CopyFromDevice (D2H):
		[Before D2H] GPU memory: used=7510 MiB / total=12227 MiB (61.4%)
		[Before D2H] CPU memory: allocated=11599 MiB, total_allocated=42734 MiB, sys=11961 MiB
		[Timing] CopyFromDevice (D2H) 耗时: 30.967142 ms
		[Memory] After CopyFromDevice (D2H):
		[After D2H] GPU memory: used=7510 MiB / total=12227 MiB (61.4%)
		[After D2H] CPU memory: allocated=11599 MiB, total_allocated=42734 MiB, sys=11961 MiB
		[Timing] INttOnDevice (restore canonical) 耗时: 171.484039 ms
		[Timing] toCosetLagrange 总耗时: 382.800147 ms (0.38 s)
		[Timing] MontConv(dev->nonMont) 耗时: 2.521456 ms
		[Timing] VecMulOnDevice 耗时: 2.858454 ms
		[Timing] MontConv(dev->Mont) 耗时: 2.370215 ms
		[Timing] NttOnDevice 耗时: 178.618926 ms
		[Memory] Before CopyFromDevice (D2H): poly size=8388608 coefficients, 268435456 bytes (256.00 MiB)
		[Memory] Before CopyFromDevice (D2H):
		[Before D2H] GPU memory: used=7510 MiB / total=12227 MiB (61.4%)
		[Before D2H] CPU memory: allocated=11599 MiB, total_allocated=42734 MiB, sys=11961 MiB
		[Timing] CopyFromDevice (D2H) 耗时: 30.573982 ms
		[Memory] After CopyFromDevice (D2H):
		[After D2H] GPU memory: used=7510 MiB / total=12227 MiB (61.4%)
		[After D2H] CPU memory: allocated=11599 MiB, total_allocated=42734 MiB, sys=11961 MiB
		[Timing] INttOnDevice (restore canonical) 耗时: 174.362463 ms
		[Timing] toCosetLagrange 总耗时: 392.024172 ms (0.39 s)
		computeNumerator() || batchApply 耗时: 5394.615892 ms
		[Memory] After batchApply (toCosetLagrange):
		[After batchApply] GPU memory: <unavailable> (err=10)
		[After batchApply] CPU memory: allocated=11599 MiB, total_allocated=42734 MiB, sys=11961 MiB
		[Memory] Processed 14 polynomials
	computeQuotient() || computeNumerator() 耗时: 34986.975727 ms
		[Memory] Before freeing uploaded polynomials:
		[Before Free] GPU memory: used=7510 MiB / total=12227 MiB (61.4%)
		[Before Free] CPU memory: allocated=11599 MiB, total_allocated=42735 MiB, sys=11961 MiB
		[Memory] Freeing 14 polynomial buffers
		[Memory] After freeing poly[0] (1/14):
		[After free poly[0]] GPU memory: used=7254 MiB / total=12227 MiB (59.3%)
		[After free poly[0]] CPU memory: allocated=11599 MiB, total_allocated=42735 MiB, sys=11961 MiB
		[Memory] After freeing poly[1] (2/14):
		[After free poly[1]] GPU memory: used=6998 MiB / total=12227 MiB (57.2%)
		[After free poly[1]] CPU memory: allocated=11599 MiB, total_allocated=42735 MiB, sys=11961 MiB
		[Memory] After freeing poly[2] (3/14):
		[After free poly[2]] GPU memory: used=6742 MiB / total=12227 MiB (55.1%)
		[After free poly[2]] CPU memory: allocated=11599 MiB, total_allocated=42735 MiB, sys=11961 MiB
		[Memory] After freeing poly[14] (14/14):
		[After free poly[14]] GPU memory: used=3926 MiB / total=12227 MiB (32.1%)
		[After free poly[14]] CPU memory: allocated=11599 MiB, total_allocated=42735 MiB, sys=11961 MiB
		[Memory] After freeing all uploaded polynomials:
		[After All Free] GPU memory: used=3926 MiB / total=12227 MiB (32.1%)
		[After All Free] CPU memory: allocated=11599 MiB, total_allocated=42735 MiB, sys=11961 MiB
		[Memory] Freed 14 polynomial buffers
		divideByZH() || parallelize divide 耗时: 602.396077 ms
		computeNumerator() || restore LRO 耗时: 6655.537389 ms
		divideByZH() || ToCanonical 耗时: 2640.004763 ms
	computeQuotient() || divideByZH() 耗时: 3242.537041 ms
		commitToQuotient() || commit h1 开始
		commitOnGPUOrCPU() || GPU 开始
		commitOnGPUOrCPU() || GPU 开始 commitMonomial
		OnDeviceCommit() || 输入验证: nScalars=8388610
		OnDeviceCommit() || host 开始
		OnDeviceCommit() || host 拷贝到 device 开始 (len=8388610)
		OnDeviceCommit() || host 拷贝到 device 成功
		OnDeviceCommit() || MSM 配置成功 (AreScalarsMontgomeryForm=true, AreBasesMontgomeryForm=false)
		[ICICLE] active device: type=CUDA id=0
		[ICICLE] memory: used=4184 MiB / total=12227 MiB (34.2%)
		[SMI] raw="Field "cuda_version" is not a valid field to query."
		[SMI] util=28% mem=6098/12227 MiB
		OnDeviceCommit() || MSM 运行开始 (scalars=8388610, 期望 bases>=8388610)
		OnDeviceCommit() || 调用 icicle_msm.Msm() 前 [08:42:11.554002]
		OnDeviceCommit() || scalarsDev 已分配，G1Device 已就绪，outHost 已分配
		OnDeviceCommit() || 开始调用 icicle_msm.Msm()，规模=8388610
		OnDeviceCommit() || 检查：当前是否在 RunOnDevice 闭包内？
		OnDeviceCommit() || 当前活动设备: type=CUDA id=0
		OnDeviceCommit() || icicle_msm.Msm() 调用返回
		OnDeviceCommit() || MSM 返回时间戳: [08:42:11.742511]
		OnDeviceCommit() || MSM 返回成功状态
		OnDeviceCommit() || 调用 icicle_msm.Msm() 后，状态=EIcicleError.Success，耗时=188.518975 ms [08:42:11.742521]
		OnDeviceCommit() || MSM 运行成功
		OnDeviceCommit() || 开始转换 Projective -> Affine
		OnDeviceCommit() || blsProjectiveToGnarkAffine 成功
		OnDeviceCommit() || 完成，返回结果
		commitOnGPUOrCPU() || GPU 成功
		commitToQuotient() || commit h1 耗时: 463.621340 ms
		commitOnGPUOrCPU() || GPU 开始
		commitOnGPUOrCPU() || GPU 开始 commitMonomial
		OnDeviceCommit() || 输入验证: nScalars=8388610
		OnDeviceCommit() || host 开始
		OnDeviceCommit() || host 拷贝到 device 开始 (len=8388610)
		OnDeviceCommit() || host 拷贝到 device 成功
		OnDeviceCommit() || MSM 配置成功 (AreScalarsMontgomeryForm=true, AreBasesMontgomeryForm=false)
		[ICICLE] active device: type=CUDA id=0
		[ICICLE] memory: used=4184 MiB / total=12227 MiB (34.2%)
		[SMI] raw="Field "cuda_version" is not a valid field to query."
		[SMI] util=61% mem=6098/12227 MiB
		OnDeviceCommit() || MSM 运行开始 (scalars=8388610, 期望 bases>=8388610)
		OnDeviceCommit() || 调用 icicle_msm.Msm() 前 [08:42:11.999559]
		OnDeviceCommit() || scalarsDev 已分配，G1Device 已就绪，outHost 已分配
		OnDeviceCommit() || 开始调用 icicle_msm.Msm()，规模=8388610
		OnDeviceCommit() || 检查：当前是否在 RunOnDevice 闭包内？
		OnDeviceCommit() || 当前活动设备: type=CUDA id=0
		OnDeviceCommit() || icicle_msm.Msm() 调用返回
		OnDeviceCommit() || MSM 返回时间戳: [08:42:12.178274]
		OnDeviceCommit() || MSM 返回成功状态
		OnDeviceCommit() || 调用 icicle_msm.Msm() 后，状态=EIcicleError.Success，耗时=178.722923 ms [08:42:12.178282]
		OnDeviceCommit() || MSM 运行成功
		OnDeviceCommit() || 开始转换 Projective -> Affine
		OnDeviceCommit() || blsProjectiveToGnarkAffine 成功
		OnDeviceCommit() || 完成，返回结果
		commitOnGPUOrCPU() || GPU 成功
		commitToQuotient() || commit h2 耗时: 435.486989 ms
		commitOnGPUOrCPU() || GPU 开始
		commitOnGPUOrCPU() || GPU 开始 commitMonomial
		OnDeviceCommit() || 输入验证: nScalars=8388610
		OnDeviceCommit() || host 开始
		OnDeviceCommit() || host 拷贝到 device 开始 (len=8388610)
		OnDeviceCommit() || host 拷贝到 device 成功
		OnDeviceCommit() || MSM 配置成功 (AreScalarsMontgomeryForm=true, AreBasesMontgomeryForm=false)
		[ICICLE] active device: type=CUDA id=0
		[ICICLE] memory: used=4184 MiB / total=12227 MiB (34.2%)
		[SMI] raw="Field "cuda_version" is not a valid field to query."
		[SMI] util=71% mem=6098/12227 MiB
		OnDeviceCommit() || MSM 运行开始 (scalars=8388610, 期望 bases>=8388610)
		OnDeviceCommit() || 调用 icicle_msm.Msm() 前 [08:42:12.412201]
		OnDeviceCommit() || scalarsDev 已分配，G1Device 已就绪，outHost 已分配
		OnDeviceCommit() || 开始调用 icicle_msm.Msm()，规模=8388610
		OnDeviceCommit() || 检查：当前是否在 RunOnDevice 闭包内？
		OnDeviceCommit() || 当前活动设备: type=CUDA id=0
		OnDeviceCommit() || icicle_msm.Msm() 调用返回
		OnDeviceCommit() || MSM 返回时间戳: [08:42:12.590770]
		OnDeviceCommit() || MSM 返回成功状态
		OnDeviceCommit() || 调用 icicle_msm.Msm() 后，状态=EIcicleError.Success，耗时=178.576376 ms [08:42:12.590777]
		OnDeviceCommit() || MSM 运行成功
		OnDeviceCommit() || 开始转换 Projective -> Affine
		OnDeviceCommit() || blsProjectiveToGnarkAffine 成功
		OnDeviceCommit() || 完成，返回结果
		commitOnGPUOrCPU() || GPU 成功
		commitToQuotient() || commit h3 耗时: 412.995676 ms
	computeQuotient() || commitToQuotient() 耗时: 1312.113669 ms
	computeQuotient() || deriveZeta() & clean up 耗时: 0.100732 ms
prove() -> computeQuotient 耗时: 46441.426812ms
		computeLinearizedPolynomial() || wait for H to be committed and zeta to be derived 耗时: 46441.198978ms
		openZ() || wait for H to be committed and zeta to be derived 耗时: 46447.772406ms
		openZ() || getBlindedCoefficients 耗时: 209.173519ms
		OnDeviceCommit() || 输入验证: nScalars=8388610
		OnDeviceCommit() || host 开始
		OnDeviceCommit() || host 拷贝到 device 开始 (len=8388610)
		OnDeviceCommit() || host 拷贝到 device 成功
		OnDeviceCommit() || MSM 配置成功 (AreScalarsMontgomeryForm=true, AreBasesMontgomeryForm=false)
		[ICICLE] active device: type=CUDA id=0
		[ICICLE] memory: used=4184 MiB / total=12227 MiB (34.2%)
		[SMI] raw="Field "cuda_version" is not a valid field to query."
		[SMI] util=10% mem=6093/12227 MiB
		OnDeviceCommit() || MSM 运行开始 (scalars=8388610, 期望 bases>=8388610)
		OnDeviceCommit() || 调用 icicle_msm.Msm() 前 [08:42:13.613388]
		OnDeviceCommit() || scalarsDev 已分配，G1Device 已就绪，outHost 已分配
		OnDeviceCommit() || 开始调用 icicle_msm.Msm()，规模=8388610
		OnDeviceCommit() || 检查：当前是否在 RunOnDevice 闭包内？
		OnDeviceCommit() || 当前活动设备: type=CUDA id=0
		OnDeviceCommit() || icicle_msm.Msm() 调用返回
		OnDeviceCommit() || MSM 返回时间戳: [08:42:13.790893]
		OnDeviceCommit() || MSM 返回成功状态
		OnDeviceCommit() || 调用 icicle_msm.Msm() 后，状态=EIcicleError.Success，耗时=177.511792 ms [08:42:13.790900]
		OnDeviceCommit() || MSM 运行成功
		OnDeviceCommit() || 开始转换 Projective -> Affine
		OnDeviceCommit() || blsProjectiveToGnarkAffine 成功
		OnDeviceCommit() || 完成，返回结果
		openZ() || Open 耗时: 983.739009ms
prove() -> openZ 耗时: 47640.734936ms
		computeLinearizedPolynomial() || innerComputeLinearizedPoly 耗时: 2076.844602ms
		commitOnGPUOrCPU() || GPU 开始
		commitOnGPUOrCPU() || GPU 开始 commitMonomial
		OnDeviceCommit() || 输入验证: nScalars=8388611
		OnDeviceCommit() || host 开始
		OnDeviceCommit() || host 拷贝到 device 开始 (len=8388611)
		OnDeviceCommit() || host 拷贝到 device 成功
		OnDeviceCommit() || MSM 配置成功 (AreScalarsMontgomeryForm=true, AreBasesMontgomeryForm=false)
		[ICICLE] active device: type=CUDA id=0
		[ICICLE] memory: used=4184 MiB / total=12227 MiB (34.2%)
		[SMI] raw="Field "cuda_version" is not a valid field to query."
		[SMI] util=10% mem=5974/12227 MiB
		OnDeviceCommit() || MSM 运行开始 (scalars=8388611, 期望 bases>=8388611)
		OnDeviceCommit() || 调用 icicle_msm.Msm() 前 [08:42:14.903643]
		OnDeviceCommit() || scalarsDev 已分配，G1Device 已就绪，outHost 已分配
		OnDeviceCommit() || 开始调用 icicle_msm.Msm()，规模=8388611
		OnDeviceCommit() || 检查：当前是否在 RunOnDevice 闭包内？
		OnDeviceCommit() || 当前活动设备: type=CUDA id=0
		OnDeviceCommit() || icicle_msm.Msm() 调用返回
		OnDeviceCommit() || MSM 返回时间戳: [08:42:15.085757]
		OnDeviceCommit() || MSM 返回成功状态
		OnDeviceCommit() || 调用 icicle_msm.Msm() 后，状态=EIcicleError.Success，耗时=182.119815 ms [08:42:15.085763]
		OnDeviceCommit() || MSM 运行成功
		OnDeviceCommit() || 开始转换 Projective -> Affine
		OnDeviceCommit() || blsProjectiveToGnarkAffine 成功
		OnDeviceCommit() || 完成，返回结果
		commitOnGPUOrCPU() || GPU 成功
		computeLinearizedPolynomial() || kzg.Commit 耗时: 417.648451 ms
prove() -> computeLinearizedPolynomial 耗时: 48935.731997ms
		batchOpening() || wait for linearizedPolynomial 耗时: 48935.993251ms
		batchOpening() || prepare polysToOpen and digestsToOpen 耗时: 0.019165ms
		commitOnGPUOrCPU() || GPU 开始
		commitOnGPUOrCPU() || GPU 开始 commitMonomial
		OnDeviceCommit() || 输入验证: nScalars=8388610
		OnDeviceCommit() || host 开始
		OnDeviceCommit() || host 拷贝到 device 开始 (len=8388610)
		OnDeviceCommit() || host 拷贝到 device 成功
		OnDeviceCommit() || MSM 配置成功 (AreScalarsMontgomeryForm=true, AreBasesMontgomeryForm=false)
		[ICICLE] active device: type=CUDA id=0
		[ICICLE] memory: used=4184 MiB / total=12227 MiB (34.2%)
		[SMI] raw="Field "cuda_version" is not a valid field to query."
		[SMI] util=11% mem=5974/12227 MiB
		OnDeviceCommit() || MSM 运行开始 (scalars=8388610, 期望 bases>=8388610)
		OnDeviceCommit() || 调用 icicle_msm.Msm() 前 [08:42:14.747381]
		OnDeviceCommit() || scalarsDev 已分配，G1Device 已就绪，outHost 已分配
		OnDeviceCommit() || 开始调用 icicle_msm.Msm()，规模=8388610
		OnDeviceCommit() || 检查：当前是否在 RunOnDevice 闭包内？
		OnDeviceCommit() || 当前活动设备: type=CUDA id=0
		OnDeviceCommit() || icicle_msm.Msm() 调用返回
		OnDeviceCommit() || MSM 返回时间戳: [08:42:14.923664]
		OnDeviceCommit() || MSM 返回成功状态
		OnDeviceCommit() || 调用 icicle_msm.Msm() 后，状态=EIcicleError.Success，耗时=176.290750 ms [08:42:14.923671]
		OnDeviceCommit() || MSM 运行成功
		OnDeviceCommit() || 开始转换 Projective -> Affine
		OnDeviceCommit() || blsProjectiveToGnarkAffine 成功
		OnDeviceCommit() || 完成，返回结果
		commitOnGPUOrCPU() || GPU 成功
		batchOpening() || BatchOpenSinglePoint 耗时: 1130.875293ms
prove() -> batchOpening 耗时: 50066.911532ms
prove() -> prove() 总耗时: 51949.210905ms
prove outer 耗时: 58010.612635 ms
verify outer 耗时: 2.902493 ms
outer circuit verified
GPU 0: General Metrics for NVIDIA GB20x (any frequency)
Collecting data...
Generating '/tmp/nsys-report-f474.qdstrm'
[1/8] [0%                          ] mimchasher_20251117_084031.nsys-rep[1/8] [0%                          ] mimchasher_20251117_084031.nsys-rep[1/8] [7%                          ] mimchasher_20251117_084031.nsys-rep[1/8] [6%                          ] mimchasher_20251117_084031.nsys-rep[1/8] [5%                          ] mimchasher_20251117_084031.nsys-rep[1/8] [8%                          ] mimchasher_20251117_084031.nsys-rep[1/8] [9%                          ] mimchasher_20251117_084031.nsys-rep[1/8] [12%                         ] mimchasher_20251117_084031.nsys-rep[1/8] [13%                         ] mimchasher_20251117_084031.nsys-rep[1/8] [=16%                        ] mimchasher_20251117_084031.nsys-rep[1/8] [==18%                       ] mimchasher_20251117_084031.nsys-rep[1/8] [==19%                       ] mimchasher_20251117_084031.nsys-rep[1/8] [==20%                       ] mimchasher_20251117_084031.nsys-rep[1/8] [==21%                       ] mimchasher_20251117_084031.nsys-rep[1/8] [===22%                      ] mimchasher_20251117_084031.nsys-rep[1/8] [===23%                      ] mimchasher_20251117_084031.nsys-rep[1/8] [===24%                      ] mimchasher_20251117_084031.nsys-rep[1/8] [====25%                     ] mimchasher_20251117_084031.nsys-rep[1/8] [====26%                     ] mimchasher_20251117_084031.nsys-rep[1/8] [====27%                     ] mimchasher_20251117_084031.nsys-rep[1/8] [====28%                     ] mimchasher_20251117_084031.nsys-rep[1/8] [=====29%                    ] mimchasher_20251117_084031.nsys-rep[1/8] [=====30%                    ] mimchasher_20251117_084031.nsys-rep[1/8] [=====31%                    ] mimchasher_20251117_084031.nsys-rep[1/8] [=====32%                    ] mimchasher_20251117_084031.nsys-rep[1/8] [======33%                   ] mimchasher_20251117_084031.nsys-rep[1/8] [======34%                   ] mimchasher_20251117_084031.nsys-rep[1/8] [======35%                   ] mimchasher_20251117_084031.nsys-rep[1/8] [=======36%                  ] mimchasher_20251117_084031.nsys-rep[1/8] [=======37%                  ] mimchasher_20251117_084031.nsys-rep[1/8] [=======38%                  ] mimchasher_20251117_084031.nsys-rep[1/8] [=======39%                  ] mimchasher_20251117_084031.nsys-rep[1/8] [========40%                 ] mimchasher_20251117_084031.nsys-rep[1/8] [========41%                 ] mimchasher_20251117_084031.nsys-rep[1/8] [========42%                 ] mimchasher_20251117_084031.nsys-rep[1/8] [=========43%                ] mimchasher_20251117_084031.nsys-rep[1/8] [=========44%                ] mimchasher_20251117_084031.nsys-rep[1/8] [=========45%                ] mimchasher_20251117_084031.nsys-rep[1/8] [=========46%                ] mimchasher_20251117_084031.nsys-rep[1/8] [==========47%               ] mimchasher_20251117_084031.nsys-rep[1/8] [==========48%               ] mimchasher_20251117_084031.nsys-rep[1/8] [==========49%               ] mimchasher_20251117_084031.nsys-rep[1/8] [===========50%              ] mimchasher_20251117_084031.nsys-rep[1/8] [===========51%              ] mimchasher_20251117_084031.nsys-rep[1/8] [===========52%              ] mimchasher_20251117_084031.nsys-rep[1/8] [===========53%              ] mimchasher_20251117_084031.nsys-rep[1/8] [============54%             ] mimchasher_20251117_084031.nsys-rep[1/8] [============55%             ] mimchasher_20251117_084031.nsys-rep[1/8] [============56%             ] mimchasher_20251117_084031.nsys-rep[1/8] [============57%             ] mimchasher_20251117_084031.nsys-rep[1/8] [=============58%            ] mimchasher_20251117_084031.nsys-rep[1/8] [=============59%            ] mimchasher_20251117_084031.nsys-rep[1/8] [=============60%            ] mimchasher_20251117_084031.nsys-rep[1/8] [==============61%           ] mimchasher_20251117_084031.nsys-rep[1/8] [==============62%           ] mimchasher_20251117_084031.nsys-rep[1/8] [==============63%           ] mimchasher_20251117_084031.nsys-rep[1/8] [==============64%           ] mimchasher_20251117_084031.nsys-rep[1/8] [===============65%          ] mimchasher_20251117_084031.nsys-rep[1/8] [===============66%          ] mimchasher_20251117_084031.nsys-rep[1/8] [===============67%          ] mimchasher_20251117_084031.nsys-rep[1/8] [================68%         ] mimchasher_20251117_084031.nsys-rep[1/8] [========================100%] mimchasher_20251117_084031.nsys-rep[1/8] [========================100%] mimchasher_20251117_084031.nsys-rep
[2/8] [0%                          ] mimchasher_20251117_084031.sqlite[2/8] [1%                          ] mimchasher_20251117_084031.sqlite[2/8] [2%                          ] mimchasher_20251117_084031.sqlite[2/8] [3%                          ] mimchasher_20251117_084031.sqlite[2/8] [4%                          ] mimchasher_20251117_084031.sqlite[2/8] [5%                          ] mimchasher_20251117_084031.sqlite[2/8] [6%                          ] mimchasher_20251117_084031.sqlite[2/8] [7%                          ] mimchasher_20251117_084031.sqlite[2/8] [8%                          ] mimchasher_20251117_084031.sqlite[2/8] [9%                          ] mimchasher_20251117_084031.sqlite[2/8] [10%                         ] mimchasher_20251117_084031.sqlite[2/8] [11%                         ] mimchasher_20251117_084031.sqlite[2/8] [12%                         ] mimchasher_20251117_084031.sqlite[2/8] [13%                         ] mimchasher_20251117_084031.sqlite[2/8] [14%                         ] mimchasher_20251117_084031.sqlite[2/8] [=15%                        ] mimchasher_20251117_084031.sqlite[2/8] [=16%                        ] mimchasher_20251117_084031.sqlite[2/8] [=17%                        ] mimchasher_20251117_084031.sqlite[2/8] [==18%                       ] mimchasher_20251117_084031.sqlite[2/8] [==19%                       ] mimchasher_20251117_084031.sqlite[2/8] [==20%                       ] mimchasher_20251117_084031.sqlite[2/8] [==21%                       ] mimchasher_20251117_084031.sqlite[2/8] [===22%                      ] mimchasher_20251117_084031.sqlite[2/8] [===23%                      ] mimchasher_20251117_084031.sqlite[2/8] [===24%                      ] mimchasher_20251117_084031.sqlite[2/8] [====25%                     ] mimchasher_20251117_084031.sqlite[2/8] [====26%                     ] mimchasher_20251117_084031.sqlite[2/8] [====27%                     ] mimchasher_20251117_084031.sqlite[2/8] [====28%                     ] mimchasher_20251117_084031.sqlite[2/8] [=====29%                    ] mimchasher_20251117_084031.sqlite[2/8] [=====30%                    ] mimchasher_20251117_084031.sqlite[2/8] [=====31%                    ] mimchasher_20251117_084031.sqlite[2/8] [=====32%                    ] mimchasher_20251117_084031.sqlite[2/8] [======33%                   ] mimchasher_20251117_084031.sqlite[2/8] [======34%                   ] mimchasher_20251117_084031.sqlite[2/8] [======35%                   ] mimchasher_20251117_084031.sqlite[2/8] [=======36%                  ] mimchasher_20251117_084031.sqlite[2/8] [=======37%                  ] mimchasher_20251117_084031.sqlite[2/8] [=======38%                  ] mimchasher_20251117_084031.sqlite[2/8] [=======39%                  ] mimchasher_20251117_084031.sqlite[2/8] [========40%                 ] mimchasher_20251117_084031.sqlite[2/8] [========41%                 ] mimchasher_20251117_084031.sqlite[2/8] [========42%                 ] mimchasher_20251117_084031.sqlite[2/8] [=========43%                ] mimchasher_20251117_084031.sqlite[2/8] [=========44%                ] mimchasher_20251117_084031.sqlite[2/8] [=========45%                ] mimchasher_20251117_084031.sqlite[2/8] [=========46%                ] mimchasher_20251117_084031.sqlite[2/8] [==========47%               ] mimchasher_20251117_084031.sqlite[2/8] [==========48%               ] mimchasher_20251117_084031.sqlite[2/8] [==========49%               ] mimchasher_20251117_084031.sqlite[2/8] [===========50%              ] mimchasher_20251117_084031.sqlite[2/8] [===========51%              ] mimchasher_20251117_084031.sqlite[2/8] [===========52%              ] mimchasher_20251117_084031.sqlite[2/8] [===========53%              ] mimchasher_20251117_084031.sqlite[2/8] [============54%             ] mimchasher_20251117_084031.sqlite[2/8] [============55%             ] mimchasher_20251117_084031.sqlite[2/8] [============56%             ] mimchasher_20251117_084031.sqlite[2/8] [============57%             ] mimchasher_20251117_084031.sqlite[2/8] [=============58%            ] mimchasher_20251117_084031.sqlite[2/8] [=============59%            ] mimchasher_20251117_084031.sqlite[2/8] [=============60%            ] mimchasher_20251117_084031.sqlite[2/8] [==============61%           ] mimchasher_20251117_084031.sqlite[2/8] [==============62%           ] mimchasher_20251117_084031.sqlite[2/8] [==============63%           ] mimchasher_20251117_084031.sqlite[2/8] [==============64%           ] mimchasher_20251117_084031.sqlite[2/8] [===============65%          ] mimchasher_20251117_084031.sqlite[2/8] [===============66%          ] mimchasher_20251117_084031.sqlite[2/8] [===============67%          ] mimchasher_20251117_084031.sqlite[2/8] [================68%         ] mimchasher_20251117_084031.sqlite[2/8] [================69%         ] mimchasher_20251117_084031.sqlite[2/8] [================70%         ] mimchasher_20251117_084031.sqlite[2/8] [================71%         ] mimchasher_20251117_084031.sqlite[2/8] [=================72%        ] mimchasher_20251117_084031.sqlite[2/8] [=================73%        ] mimchasher_20251117_084031.sqlite[2/8] [=================74%        ] mimchasher_20251117_084031.sqlite[2/8] [==================75%       ] mimchasher_20251117_084031.sqlite[2/8] [==================76%       ] mimchasher_20251117_084031.sqlite[2/8] [==================77%       ] mimchasher_20251117_084031.sqlite[2/8] [==================78%       ] mimchasher_20251117_084031.sqlite[2/8] [===================79%      ] mimchasher_20251117_084031.sqlite[2/8] [===================80%      ] mimchasher_20251117_084031.sqlite[2/8] [===================81%      ] mimchasher_20251117_084031.sqlite[2/8] [===================82%      ] mimchasher_20251117_084031.sqlite[2/8] [====================83%     ] mimchasher_20251117_084031.sqlite[2/8] [====================84%     ] mimchasher_20251117_084031.sqlite[2/8] [====================85%     ] mimchasher_20251117_084031.sqlite[2/8] [=====================86%    ] mimchasher_20251117_084031.sqlite[2/8] [=====================87%    ] mimchasher_20251117_084031.sqlite[2/8] [=====================88%    ] mimchasher_20251117_084031.sqlite[2/8] [=====================89%    ] mimchasher_20251117_084031.sqlite[2/8] [======================90%   ] mimchasher_20251117_084031.sqlite[2/8] [======================91%   ] mimchasher_20251117_084031.sqlite[2/8] [======================92%   ] mimchasher_20251117_084031.sqlite[2/8] [=======================93%  ] mimchasher_20251117_084031.sqlite[2/8] [=======================94%  ] mimchasher_20251117_084031.sqlite[2/8] [=======================95%  ] mimchasher_20251117_084031.sqlite[2/8] [=======================96%  ] mimchasher_20251117_084031.sqlite[2/8] [========================97% ] mimchasher_20251117_084031.sqlite[2/8] [========================98% ] mimchasher_20251117_084031.sqlite[2/8] [========================99% ] mimchasher_20251117_084031.sqlite[2/8] [========================100%] mimchasher_20251117_084031.sqlite[2/8] [========================100%] mimchasher_20251117_084031.sqlite
[3/8] Executing 'nvtx_sum' stats report

 Time (%)  Total Time (ns)  Instances    Avg (ns)       Med (ns)      Min (ns)     Max (ns)     StdDev (ns)    Style                                     Range                                  
 --------  ---------------  ---------  -------------  -------------  -----------  -----------  -------------  --------  ------------------------------------------------------------------------
      9.7     371256916372          4  92814229093.0  96294734786.5  82338013444  96329433355   6984165131.5  PushPop   :batchApply: toCosetLagrangeOnGPUorCPU_DEV (poly idx=7, 512 coeffs)     
      9.2     353823914108          4  88455978527.0  88919713285.0  79655079498  96329408040   9107859340.1  PushPop   :batchApply: toCosetLagrangeOnGPUorCPU_DEV (poly idx=0, 512 coeffs)     
      7.1     273799000239          4  68449750059.8  88729299041.5     10995385  96329406771  46182016652.4  PushPop   :batchApply: toCosetLagrangeOnGPUorCPU_DEV (poly idx=1, 512 coeffs)     
      7.1     273418195858          4  68354548964.5  88539256832.0     10276584  96329405610  46147888284.9  PushPop   :batchApply: toCosetLagrangeOnGPUorCPU_DEV (poly idx=2, 512 coeffs)     
      7.0     271108938118          4  67777234529.5  87384994155.5      9545329  96329404478  45955136604.6  PushPop   :batchApply: toCosetLagrangeOnGPUorCPU_DEV (poly idx=3, 512 coeffs)     
      6.3     241050786300          4  60262696575.0  72370216205.5      8826442  96301527447  41854110028.9  PushPop   :batchApply: toCosetLagrangeOnGPUorCPU_DEV (poly idx=5, 512 coeffs)     
      4.3     165070631719          4  41267657929.8  34380582983.0      7938980  96301526773  48569481179.8  PushPop   :batchApply: toCosetLagrangeOnGPUorCPU_DEV (poly idx=6, 512 coeffs)     
      4.3     163519270021          4  40879817505.3  33605388103.0      6986174  96301507641  48647850537.1  PushPop   :batchApply: toCosetLagrangeOnGPUorCPU_DEV (poly idx=12, 512 coeffs)    
      4.2     163102784376          4  40775696094.0  33397705827.5      5867382  96301505339  48587034039.0  PushPop   :batchApply: toCosetLagrangeOnGPUorCPU_DEV (poly idx=11, 512 coeffs)    
      3.9     149647117548          2  74823558774.0  74823558774.0  50697878714  98949238834  34118863942.3  PushPop   :prove: deriveGammaAndBeta                                              
      3.0     115407347874          4  28851836968.5  28845981073.0  18591251759  39124133969   8823233692.3  PushPop   :batchApply: toCosetLagrangeOnGPUorCPU_DEV (poly idx=7, 8388608 coeffs) 
      3.0     115407259303          4  28851814825.8  28845966559.0  18591211047  39124115138   8823241980.1  PushPop   :batchApply: toCosetLagrangeOnGPUorCPU_DEV (poly idx=0, 8388608 coeffs) 
      3.0     115407256082          4  28851814020.5  28845965212.5  18591212068  39124113589   8823240953.3  PushPop   :batchApply: toCosetLagrangeOnGPUorCPU_DEV (poly idx=1, 8388608 coeffs) 
      2.5      97555655874          4  24388913968.5    625509220.0      3121417  96301516017  47944921049.3  PushPop   :batchApply: toCosetLagrangeOnGPUorCPU_DEV (poly idx=8, 512 coeffs)     
      2.4      93893914740          4  23473478685.0    333333272.5      3711675  93223536520  46500992969.8  PushPop   :batchApply: toCosetLagrangeOnGPUorCPU_DEV (poly idx=10, 512 coeffs)    
      2.3      89698520912          4  22424630228.0  21147471589.0   8279467316  39124110418  13161149510.4  PushPop   :batchApply: toCosetLagrangeOnGPUorCPU_DEV (poly idx=3, 8388608 coeffs) 
      2.0      76683519391          4  19170879847.8  22032299223.0    400487290  32218433655  13694566462.0  PushPop   :batchApply: toCosetLagrangeOnGPUorCPU_DEV (poly idx=11, 8388608 coeffs)
      1.9      74419524358          4  18604881089.5  17067971412.0   1159469383  39124112151  17043154684.8  PushPop   :batchApply: toCosetLagrangeOnGPUorCPU_DEV (poly idx=2, 8388608 coeffs) 
      1.4      55478878779          4  13869719694.8  10481113467.5   2298115378  32218536466  14434851656.3  PushPop   :batchApply: toCosetLagrangeOnGPUorCPU_DEV (poly idx=10, 8388608 coeffs)
      1.4      54183122812          4  13545780703.0  12005272218.0   4699197303  25473381073  10198469067.4  PushPop   :batchApply: toCosetLagrangeOnGPUorCPU_DEV (poly idx=6, 8388608 coeffs) 
      1.4      53392303133          4  13348075783.3  11806230081.0   4306468038  25473374933  10417951382.8  PushPop   :batchApply: toCosetLagrangeOnGPUorCPU_DEV (poly idx=8, 8388608 coeffs) 
      1.4      53348714042          2  26674357021.0  26674357021.0   2650948970  50697765072  33974229480.1  PushPop   :prove: computeLinearizedPolynomial                                     
      1.4      53347973430          2  26673986715.0  26673986715.0   2650052160  50697921270  33974974069.2  PushPop   :prove: completeQk                                                      
      1.3      49917438025          4  12479359506.3  11253977776.5   1936118788  25473363684  11411673115.8  PushPop   :batchApply: toCosetLagrangeOnGPUorCPU_DEV (poly idx=9, 8388608 coeffs) 
      1.3      49141733708          4  12285433427.0  11059129694.5   1550118192  25473356127  11628144754.4  PushPop   :batchApply: toCosetLagrangeOnGPUorCPU_DEV (poly idx=12, 8388608 coeffs)
      1.0      40376565737          4  10094141434.3   6679466659.0   1544250103  25473382316  10581360674.1  PushPop   :batchApply: toCosetLagrangeOnGPUorCPU_DEV (poly idx=5, 8388608 coeffs) 
      0.9      33059014406          2  16529507203.0  16529507203.0   2652459526  30406554880  19625109030.5  PushPop   :prove: batchOpening                                                    
      0.8      32047658248          2  16023829124.0  16023829124.0   2024713829  30022944419  19797738711.4  PushPop   :prove: buildRatioCopyConstraint                                        
      0.8      31659802891          2  15829901445.5  15829901445.5   2024744533  29635058358  19523440136.3  PushPop   :prove: computeQuotient                                                 
      0.7      25372084914          4   6343021228.5   2807438073.5   1165990258  18591218509   8230627352.8  PushPop   :batchApply: toCosetLagrangeOnGPUorCPU_DEV (poly idx=13, 8388608 coeffs)
      0.6      21909210411          2  10954605205.5  10954605205.5   2651733372  19257477039  11742033953.6  PushPop   :prove: openZ                                                           
      0.6      21828179214         56    389788914.5    386304264.5    378158656    466617470     16223462.7  PushPop   :toCosetLagrange: poly[8388608] (GPU)                                   
      0.5      17366100091          2   8683050045.5   8683050045.5   2649173018  14716927073   8533190726.0  PushPop   :prove: solveConstraints                                                
      0.3       9841944692         56    175749012.4    173383572.5    170886571    223080256      7517584.9  PushPop   :NttOnDevice: poly[8388608 coeffs]                                      
      0.3       9812072456         56    175215579.6    172071856.0    170222728    234885720      9633606.5  PushPop   :INttOnDevice: poly[8388608 coeffs] (restore canonical)                 
      0.2       6806772243         20    340338612.1    283606324.5    189769514   1055842026    201828092.6  StartEnd  :kzg.Commit GPU                                                         
      0.2       6804672178         20    340233608.9    283497947.0    189736533   1055701671    201798749.2  StartEnd  :kzg.Commit::OnDevice                                                   
      0.2       6237229785          4   1559307446.3    388359520.0    382049135   5078461610   2346107791.5  PushPop   :batchApply: toCosetLagrangeOnGPUorCPU_DEV (poly idx=14, 8388608 coeffs)
      0.1       2047412064         38     53879264.8      6456060.5      4698357    270789107     79106304.6  PushPop   :BLS12-381: OnDeviceCommit.MSM                                          
      0.0       1668415023         56     29793125.4     28967772.5     25806032     36803111      2811571.6  PushPop   :CopyFromDevice: D2H (poly, 8388608 coeffs)                             
      0.0       1219251186          2    609625593.0    609625593.0     25169871   1194081315    826545208.7  PushPop   :NTT: InitDomain                                                        
      0.0       1030838038          4    257709509.5     20699929.0      1699235    987738945    486768710.4  PushPop   :batchApply: toCosetLagrangeOnGPUorCPU_DEV (poly idx=13, 512 coeffs)    
      0.0        274192285          2    137096142.5    137096142.5      1228306    272963979    192146137.1  PushPop   :CopyToDevice: G1                                                       
      0.0        189373636          2     94686818.0     94686818.0        91081    189282555    133778574.2  PushPop   :INttOnDevice: poly[3]                                                  
      0.0        188110827          2     94055413.5     94055413.5        94219    188016608    132881195.6  PushPop   :INttOnDevice: poly[7]                                                  
      0.0        185768514          2     92884257.0     92884257.0        76693    185691821    131249715.7  PushPop   :INttOnDevice: poly[10]                                                 
      0.0        185509059          2     92754529.5     92754529.5        81859    185427200    131058947.5  PushPop   :INttOnDevice: poly[6]                                                  
      0.0        184676395          2     92338197.5     92338197.5       139167    184537228    130389119.4  PushPop   :INttOnDevice: poly[2]                                                  
      0.0        184095984          2     92047992.0     92047992.0        76735    184019249    130066999.0  PushPop   :INttOnDevice: poly[13]                                                 
      0.0        182504889          2     91252444.5     91252444.5       134403    182370486    128860370.1  PushPop   :INttOnDevice: poly[14]                                                 
      0.0        181107544          2     90553772.0     90553772.0       103182    181004362    127916451.1  PushPop   :INttOnDevice: poly[9]                                                  
      0.0        180980496          2     90490248.0     90490248.0        77436    180903060    127863024.9  PushPop   :INttOnDevice: poly[5]                                                  
      0.0        180179939          2     90089969.5     90089969.5       409498    179770441    126827339.1  PushPop   :INttOnDevice: poly[0]                                                  
      0.0        179645427          2     89822713.5     89822713.5        60792    179584635    126942526.8  PushPop   :INttOnDevice: poly[8]                                                  
      0.0        177516053          2     88758026.5     88758026.5       182699    177333354    125264429.4  PushPop   :INttOnDevice: poly[12]                                                 
      0.0        173766401          2     86883200.5     86883200.5        89047    173677354    122745469.0  PushPop   :INttOnDevice: poly[11]                                                 
      0.0        173448219          2     86724109.5     86724109.5       163673    173284546    122414943.3  PushPop   :INttOnDevice: poly[1]                                                  
      0.0        164568519         56      2938723.6      2902945.0      2784204      3895072       164898.2  PushPop   :VecMulOnDevice: poly[8388608 coeffs]                                   
      0.0        149732387         56      2673792.6      2519564.0      2402403      8519210       826003.3  PushPop   :MontConv: dev->nonMont (poly[8388608 coeffs])                          
      0.0        141240795          2     70620397.5     70620397.5         3406    141237389     99867507.1  PushPop   :Free: poly[5]                                                          
      0.0        138389647         56      2471243.7      2439078.0      2327718      2829352       104628.8  PushPop   :MontConv: dev->Mont (poly[8388608 coeffs])                             
      0.0         89811350          2     44905675.0     44905675.0        34025     89777325     63458096.0  PushPop   :Free: poly[2]                                                          
      0.0         81188507          4     20297126.8     13775143.0      2437546     51200675     22158577.2  PushPop   :batchApply: toCosetLagrangeOnGPUorCPU_DEV (poly idx=9, 512 coeffs)     
      0.0         77500966          2     38750483.0     38750483.0        15363     77485603     54779732.0  PushPop   :CopyToDevice: poly[7]                                                  
      0.0         56958499          2     28479249.5     28479249.5         2070     56956429     40272813.5  PushPop   :Free: poly[11]                                                         
      0.0         51211822          2     25605911.0     25605911.0        17502     51194320     36187475.0  PushPop   :CopyToDevice: poly[5]                                                  
      0.0         49447711          2     24723855.5     24723855.5        67447     49380264     34869427.3  PushPop   :CopyToDevice: BigTwiddlesNRev                                          
      0.0         47829595         56       854099.9       735543.5       549335      1991398       318407.7  PushPop   :toCosetLagrange: poly[512] (GPU)                                       
      0.0         40722203          2     20361101.5     20361101.5        19540     40702663     28767312.2  PushPop   :CopyToDevice: poly[9]                                                  
      0.0         38848652          2     19424326.0     19424326.0        19607     38829045     27442416.8  PushPop   :CopyToDevice: poly[12]                                                 
      0.0         38786634          2     19393317.0     19393317.0        18113     38768521     27400676.3  PushPop   :CopyToDevice: poly[8]                                                  
      0.0         38328758          2     19164379.0     19164379.0        34223     38294535     27054126.1  PushPop   :CopyToDevice: poly[2]                                                  
      0.0         37616319          2     18808159.5     18808159.5        22319     37594000     26567190.4  PushPop   :CopyToDevice: poly[6]                                                  
      0.0         37177596          2     18588798.0     18588798.0        15730     37161866     26266284.7  PushPop   :CopyToDevice: poly[10]                                                 
      0.0         37030337          2     18515168.5     18515168.5        15079     37015258     26163077.5  PushPop   :CopyToDevice: poly[11]                                                 
      0.0         35142681          2     17571340.5     17571340.5        15307     35127374     24827980.7  PushPop   :CopyToDevice: poly[14]                                                 
      0.0         34933867          2     17466933.5     17466933.5        17524     34916343     24677191.6  PushPop   :CopyToDevice: poly[13]                                                 
      0.0         33705683          2     16852841.5     16852841.5        24074     33681609     23799471.2  PushPop   :CopyToDevice: poly[1]                                                  
      0.0         33566323          2     16783161.5     16783161.5        25210     33541113     23699322.3  PushPop   :CopyToDevice: poly[3]                                                  
      0.0         32917087          2     16458543.5     16458543.5        73802     32843285     23171523.6  PushPop   :CopyToDevice: cosetTableRev                                            
      0.0         32383722          2     16191861.0     16191861.0        78640     32305082     22787535.7  PushPop   :CopyToDevice: cosetTable                                               
      0.0         31927015          2     15963507.5     15963507.5        23322     31903693     22542826.5  PushPop   :CopyToDevice: BigTwiddlesN                                             
      0.0         31626830          2     15813415.0     15813415.0        47755     31579075     22296010.2  PushPop   :CopyToDevice: poly[0]                                                  
      0.0         13484401        147        91730.6        64575.0         7696       486403       102035.7  PushPop   CCCL:cub::DeviceRadixSort                                               
      0.0         10784035          2      5392017.5      5392017.5        13462     10770573      7606426.1  PushPop   :Free: poly[3]                                                          
      0.0          7784137          2      3892068.5      3892068.5         1806      7782331      5501662.0  PushPop   :Free: poly[12]                                                         
      0.0          7529448         56       134454.4       116560.0        71987       442244        65486.7  PushPop   :INttOnDevice: poly[512 coeffs] (restore canonical)                     
      0.0          5127251         56        91558.1        51134.0        38906       950710       139988.3  PushPop   :VecMulOnDevice: poly[512 coeffs]                                       
      0.0          4730994          4      1182748.5       948171.0       801493      2033159       571501.8  PushPop   :batchApply: toCosetLagrangeOnGPUorCPU_DEV (poly idx=14, 512 coeffs)    
      0.0          4531764         56        80924.4        68440.0        43974       413845        49025.6  PushPop   :CopyFromDevice: D2H (poly, 512 coeffs)                                 
      0.0          4505939         56        80463.2        68399.5        55452       222041        33055.8  PushPop   :NttOnDevice: poly[512 coeffs]                                          
      0.0          4272484          2      2136242.0      2136242.0         2468      4270016      3017612.1  PushPop   :Free: poly[6]                                                          
      0.0          4148808          2      2074404.0      2074404.0         3263      4145545      2929035.7  PushPop   :Free: poly[14]                                                         
      0.0          4103001          2      2051500.5      2051500.5         1859      4101142      2898630.8  PushPop   :Free: poly[10]                                                         
      0.0          3935957         56        70284.9        50987.0        33868       484551        64086.2  PushPop   :MontConv: dev->Mont (poly[512 coeffs])                                 
      0.0          3899453         56        69633.1        59112.0        42214       172089        27168.6  PushPop   :MontConv: dev->nonMont (poly[512 coeffs])                              
      0.0          3296514          2      1648257.0      1648257.0       584806      2711708      1503946.8  PushPop   :MontConv: cosetTable                                                   
      0.0          3239554          2      1619777.0      1619777.0        19314      3220240      2263396.5  PushPop   :Free: poly[1]                                                          
      0.0          2792056          2      1396028.0      1396028.0       104903      2687153      1825926.5  PushPop   :MontConv: BigTwiddlesN                                                 
      0.0          2548752          2      1274376.0      1274376.0         1893      2546859      1799562.7  PushPop   :Free: poly[9]                                                          
      0.0          2479105          2      1239552.5      1239552.5        69987      2409118      1654015.4  PushPop   :MontConv: BigTwiddlesNRev                                              
      0.0          2470197          2      1235098.5      1235098.5         1909      2468288      1743993.3  PushPop   :Free: poly[13]                                                         
      0.0          2443578          2      1221789.0      1221789.0        43361      2400217      1666548.9  PushPop   :MontConv: cosetTableRev                                                
      0.0          2396340          2      1198170.0      1198170.0         1786      2394554      1691942.5  PushPop   :Free: poly[8]                                                          
      0.0          2281490          2      1140745.0      1140745.0         2171      2279319      1610186.8  PushPop   :Free: poly[7]                                                          
      0.0          1962654         49        40054.2        25423.0        15161       181058        29642.7  PushPop   CCCL:cub::DeviceRunLengthEncode::Encode                                 
      0.0          1801035          2       900517.5       900517.5        20223      1780812      1244924.4  PushPop   :Free: poly[0]                                                          
      0.0          1351222         49        27576.0        22643.0        18426       157006        20827.9  PushPop   CCCL:cub::DeviceScan::ExclusiveSum                                      
      0.0           944902          2       472451.0       472451.0       135693       809209       476247.7  PushPop   :NTT: ReleaseDomain                                                     
      0.0           403273         13        31021.0        24303.0        19042        78376        16537.7  PushPop   CCCL:cub::DeviceScan::InclusiveSum                                      
      0.0           280055          2       140027.5       140027.5        83540       196515        79885.4  PushPop   :prove: initBlindingPolynomials                                         

[4/8] Executing 'osrt_sum' stats report

 Time (%)  Total Time (ns)  Num Calls    Avg (ns)     Med (ns)    Min (ns)   Max (ns)     StdDev (ns)            Name         
 --------  ---------------  ---------  ------------  -----------  --------  -----------  -------------  ----------------------
     81.8      49421206340         12  4118433861.7  204310009.5    358488  45995941731  13190146621.4  sem_wait              
      9.7       5874609795        117    50210340.1   32917254.0      1000    104636429     49857743.2  poll                  
      4.3       2599421523        124    20963076.8   27384205.5      1015     86265097     17993938.7  read                  
      1.8       1081853390         95    11387930.4    1189112.0   1079784    198375371     29903980.7  waitpid               
      1.3        756254220       5591      135262.8      40346.0      1002     14565693       767172.1  ioctl                 
      0.7        396157382         76     5212597.1    5208195.0   5071693      5377546        70879.9  nanosleep             
      0.2        108307868        574      188689.7       2408.0      1001      5111862       417531.3  stat                  
      0.1         57714563        281      205389.9       2295.0      1021     36595721      2214300.0  fread                 
      0.0         23917146         82      291672.5       1325.5      1003     23710183      2618072.7  open                  
      0.0         13278257         77      172444.9     162171.0    112927       455141        55341.3  posix_spawn           
      0.0         10532736         94      112050.4       1592.5      1002      4947329       626883.4  fwrite                
      0.0          9502268        966        9836.7       3127.5      1005       660378        36852.9  fopen                 
      0.0          9122917         75      121638.9     116379.0     71288       239372        31108.1  pthread_cond_wait     
      0.0          8571222         96       89283.6      79926.5     48691       312816        35394.5  pthread_create        
      0.0          3436287        638        5386.0       3822.0      1557       170239         8416.0  mprotect              
      0.0          3116568        279       11170.5       1697.0      1002       658701        43764.1  fclose                
      0.0          2126533        209       10174.8      10480.0      1006        55292         7752.7  mmap                  
      0.0          2106612         77       27358.6      25405.0     13845        64209         7737.8  fgets                 
      0.0          1579848        115       13737.8      13118.0      1026        38962         4088.8  fflush                
      0.0        SKIPPED: /home/jinjin/jinjin/code/eonark-gpu/scripts/../logs/gpu-5070/profiles//mimchasher_20251117_084031.sqlite does not contain CUDA kernel data.
SKIPPED: /home/jinjin/jinjin/code/eonark-gpu/scripts/../logs/gpu-5070/profiles//mimchasher_20251117_084031.sqlite does not contain GPU memory data.
SKIPPED: /home/jinjin/jinjin/code/eonark-gpu/scripts/../logs/gpu-5070/profiles//mimchasher_20251117_084031.sqlite does not contain GPU memory data.
  1238724         80       15484.0      14326.5      1109       102261        11124.1  pthread_cond_broadcast
      0.0          1008428        173        5829.1       5209.0      1072        62381         7757.1  pipe2                 
      0.0           745975        314        2375.7       1326.0      1006        43127         4501.3  fopen64               
      0.0           461246         43       10726.7       9821.0      1012        56457        10265.8  write                 
      0.0           454657          1      454657.0     454657.0    454657       454657            0.0  pthread_join          
      0.0           325562         76        4283.7       3928.0      2854        11858         1377.0  fwrite_unlocked       
      0.0           262564          2      131282.0     131282.0     29837       232727       143464.9  pthread_mutex_lock    
      0.0           232202          6       38700.3      33405.0     26257        57281        12031.7  munmap                
      0.0           180369         80        2254.6       1277.0      1001        66933         7336.8  fstat                 
      0.0           169912          3       56637.3      47422.0     41385        81105        21403.5  sem_timedwait         
      0.0            75132         55        1366.0       1205.0      1006         2741          375.5  fcntl                 
      0.0            25080          4        6270.0       4750.0      3999        11581         3586.0  getc                  
      0.0            23086          6        3847.7       3690.5      1344         6267         1640.9  lstat                 
      0.0            17591          1       17591.0      17591.0     17591        17591            0.0  fputs                 
      0.0             5537          4        1384.3       1352.0      1060         1773          295.5  signal                
      0.0             1685          1        1685.0       1685.0      1685         1685            0.0  putc                  

[5/8] Executing 'cuda_api_sum' stats report

 Time (%)  Total Time (ns)  Num Calls  Avg (ns)  Med (ns)  Min (ns)  Max (ns)  StdDev (ns)           Name         
 --------  ---------------  ---------  --------  --------  --------  --------  -----------  ----------------------
    100.0             1204          1    1204.0    1204.0      1204      1204          0.0  cuModuleGetLoadingMode

[6/8] Executing 'cuda_gpu_kern_sum' stats report
[7/8] Executing 'cuda_gpu_mem_time_sum' stats report
[8/8] Executing 'cuda_gpu_mem_size_sum' stats report
Generated:
    /home/jinjin/jinjin/code/eonark-gpu/scripts/../logs/gpu-5070/profiles//mimchasher_20251117_084031.nsys-rep
    /home/jinjin/jinjin/code/eonark-gpu/scripts/../logs/gpu-5070/profiles//mimchasher_20251117_084031.sqlite
