compile inner 耗时: 1925.736994 ms
[INFO] ICICLE backend loaded from $ICICLE_BACKEND_INSTALL_DIR=/usr/local/lib/backend
		[Memory] Before CopyToDevice G1:
		[Before] GPU memory: used=1326 MiB / total=12227 MiB (10.8%)
		[Before] CPU memory: allocated=1537 MiB, total_allocated=3076 MiB, sys=3095 MiB
		[Memory] G1 data size: 515 elements, 49440 bytes (0.05 MiB)
		[Memory] After CopyToDevice G1:
		[After G1] GPU memory: used=1328 MiB / total=12227 MiB (10.9%)
		[After G1] CPU memory: allocated=1537 MiB, total_allocated=3076 MiB, sys=3095 MiB
		[Memory] G1Lagrange data size: 512 elements, 49152 bytes (0.05 MiB)
		[Memory] After CopyToDevice G1Lagrange:
		[After G1Lagrange] GPU memory: used=1328 MiB / total=12227 MiB (10.9%)
		[After G1Lagrange] CPU memory: allocated=1537 MiB, total_allocated=3076 MiB, sys=3095 MiB
		[Memory] Before CopyToDevice tables:
		[Before Tables] GPU memory: used=1362 MiB / total=12227 MiB (11.1%)
		[Before Tables] CPU memory: allocated=1537 MiB, total_allocated=3076 MiB, sys=3095 MiB
		[Memory] cosetTable size: 512 elements, 16384 bytes (0.02 MiB)
		[Memory] After CopyToDevice cosetTable:
		[After cosetTable] GPU memory: used=1362 MiB / total=12227 MiB (11.1%)
		[After cosetTable] CPU memory: allocated=1537 MiB, total_allocated=3076 MiB, sys=3095 MiB
		[Memory] cosetTableRev size: 512 elements, 16384 bytes (0.02 MiB)
		[Memory] After CopyToDevice cosetTableRev:
		[After cosetTableRev] GPU memory: used=1362 MiB / total=12227 MiB (11.1%)
		[After cosetTableRev] CPU memory: allocated=1537 MiB, total_allocated=3076 MiB, sys=3095 MiB
		[Memory] BigTwiddlesN size: 512 elements, 16384 bytes (0.02 MiB)
		[Memory] After CopyToDevice BigTwiddlesN:
		[After BigTwiddlesN] GPU memory: used=1362 MiB / total=12227 MiB (11.1%)
		[After BigTwiddlesN] CPU memory: allocated=1537 MiB, total_allocated=3076 MiB, sys=3095 MiB
		[Memory] BigTwiddlesNRev size: 512 elements, 16384 bytes (0.02 MiB)
		[Memory] After CopyToDevice BigTwiddlesNRev:
		[After BigTwiddlesNRev] GPU memory: used=1362 MiB / total=12227 MiB (11.1%)
		[After BigTwiddlesNRev] CPU memory: allocated=1537 MiB, total_allocated=3076 MiB, sys=3095 MiB
		[Memory] After all CopyToDevice operations:
		[Final] GPU memory: used=1362 MiB / total=12227 MiB (11.1%)
		[Final] CPU memory: allocated=1537 MiB, total_allocated=3076 MiB, sys=3095 MiB
prove() -> icicle device setup 耗时: 637.670745ms
prove() -> initBlindingPolynomials 耗时: 0.015085ms
		commitOnGPUOrCPU() || GPU 开始
		commitOnGPUOrCPU() || GPU 开始 commitLagrange
		OnDeviceCommit() || 输入验证: nScalars=512
		OnDeviceCommit() || host 开始
		OnDeviceCommit() || host 拷贝到 device 开始 (len=512)
		OnDeviceCommit() || host 拷贝到 device 成功
		OnDeviceCommit() || MSM 配置成功 (AreScalarsMontgomeryForm=true, AreBasesMontgomeryForm=false)
		[ICICLE] active device: type=CUDA id=0
		[ICICLE] memory: used=1362 MiB / total=12227 MiB (11.1%)
		[SMI] raw="Field "cuda_version" is not a valid field to query."
		[SMI] util=1% mem=1789/12227 MiB
		OnDeviceCommit() || MSM 运行开始 (scalars=512, 期望 bases>=512)
		OnDeviceCommit() || 调用 icicle_msm.Msm() 前 [16:49:08.169892]
		OnDeviceCommit() || scalarsDev 已分配，G1Device 已就绪，outHost 已分配
		OnDeviceCommit() || 开始调用 icicle_msm.Msm()，规模=512
		OnDeviceCommit() || 检查：当前是否在 RunOnDevice 闭包内？
		OnDeviceCommit() || 当前活动设备: type=CUDA id=0
		OnDeviceCommit() || icicle_msm.Msm() 调用返回
		OnDeviceCommit() || MSM 返回时间戳: [16:49:08.181253]
		OnDeviceCommit() || MSM 返回成功状态
		OnDeviceCommit() || 调用 icicle_msm.Msm() 后，状态=EIcicleError.Success，耗时=11.367464 ms [16:49:08.181259]
		OnDeviceCommit() || MSM 运行成功
		OnDeviceCommit() || 开始转换 Projective -> Affine
		OnDeviceCommit() || blsProjectiveToGnarkAffine 成功
		OnDeviceCommit() || 完成，返回结果
		commitOnGPUOrCPU() || GPU 成功
	solveConstraints() || s.spr.Solve() (L, R, O) 耗时: 195.396943 ms
	solveConstraints() || sets x[id_L], x[id_R], x[id_O] 耗时: 0.007913 ms
		commitOnGPUOrCPU() || GPU 开始
		commitOnGPUOrCPU() || GPU 开始 commitLagrange
		OnDeviceCommit() || 输入验证: nScalars=512
		OnDeviceCommit() || host 开始
		OnDeviceCommit() || host 拷贝到 device 开始 (len=512)
		OnDeviceCommit() || host 拷贝到 device 成功
		OnDeviceCommit() || MSM 配置成功 (AreScalarsMontgomeryForm=true, AreBasesMontgomeryForm=false)
		[ICICLE] active device: type=CUDA id=0
		[ICICLE] memory: used=1362 MiB / total=12227 MiB (11.1%)
		[SMI] raw="Field "cuda_version" is not a valid field to query."
		[SMI] util=1% mem=1785/12227 MiB
		OnDeviceCommit() || MSM 运行开始 (scalars=512, 期望 bases>=512)
		OnDeviceCommit() || 调用 icicle_msm.Msm() 前 [16:49:08.359963]
		OnDeviceCommit() || scalarsDev 已分配，G1Device 已就绪，outHost 已分配
		OnDeviceCommit() || 开始调用 icicle_msm.Msm()，规模=512
		OnDeviceCommit() || 检查：当前是否在 RunOnDevice 闭包内？
		OnDeviceCommit() || 当前活动设备: type=CUDA id=0
		OnDeviceCommit() || icicle_msm.Msm() 调用返回
		OnDeviceCommit() || MSM 返回时间戳: [16:49:08.365900]
		OnDeviceCommit() || MSM 返回成功状态
		OnDeviceCommit() || 调用 icicle_msm.Msm() 后，状态=EIcicleError.Success，耗时=5.941576 ms [16:49:08.365905]
		OnDeviceCommit() || MSM 运行成功
		OnDeviceCommit() || 开始转换 Projective -> Affine
		OnDeviceCommit() || blsProjectiveToGnarkAffine 成功
		OnDeviceCommit() || 完成，返回结果
		commitOnGPUOrCPU() || GPU 成功
			commitToPolyAndBlinding() -> commit to p 耗时: 184.525351ms
		OnDeviceCommit() || 输入验证: nScalars=2
		OnDeviceCommit() || host 开始
		OnDeviceCommit() || host 拷贝到 device 开始 (len=2)
		OnDeviceCommit() || host 拷贝到 device 成功
		OnDeviceCommit() || MSM 配置成功 (AreScalarsMontgomeryForm=true, AreBasesMontgomeryForm=false)
		[ICICLE] active device: type=CUDA id=0
		[ICICLE] memory: used=1362 MiB / total=12227 MiB (11.1%)
		[SMI] raw="Field "cuda_version" is not a valid field to query."
		[SMI] util=5% mem=1781/12227 MiB
		OnDeviceCommit() || MSM 运行开始 (scalars=2, 期望 bases>=2)
		OnDeviceCommit() || 调用 icicle_msm.Msm() 前 [16:49:08.551915]
		OnDeviceCommit() || scalarsDev 已分配，G1Device 已就绪，outHost 已分配
		OnDeviceCommit() || 开始调用 icicle_msm.Msm()，规模=2
		OnDeviceCommit() || 检查：当前是否在 RunOnDevice 闭包内？
		OnDeviceCommit() || 当前活动设备: type=CUDA id=0
		OnDeviceCommit() || icicle_msm.Msm() 调用返回
		OnDeviceCommit() || MSM 返回时间戳: [16:49:08.556932]
		OnDeviceCommit() || MSM 返回成功状态
		OnDeviceCommit() || 调用 icicle_msm.Msm() 后，状态=EIcicleError.Success，耗时=5.020965 ms [16:49:08.556936]
		OnDeviceCommit() || MSM 运行成功
		OnDeviceCommit() || 开始转换 Projective -> Affine
		OnDeviceCommit() || blsProjectiveToGnarkAffine 成功
		OnDeviceCommit() || 完成，返回结果
		OnDeviceCommit() || 输入验证: nScalars=2
		OnDeviceCommit() || host 开始
		OnDeviceCommit() || host 拷贝到 device 开始 (len=2)
		OnDeviceCommit() || host 拷贝到 device 成功
		OnDeviceCommit() || MSM 配置成功 (AreScalarsMontgomeryForm=true, AreBasesMontgomeryForm=false)
		[ICICLE] active device: type=CUDA id=0
		[ICICLE] memory: used=1364 MiB / total=12227 MiB (11.2%)
		[SMI] raw="Field "cuda_version" is not a valid field to query."
		[SMI] util=3% mem=1783/12227 MiB
		OnDeviceCommit() || MSM 运行开始 (scalars=2, 期望 bases>=2)
		OnDeviceCommit() || 调用 icicle_msm.Msm() 前 [16:49:08.732955]
		OnDeviceCommit() || scalarsDev 已分配，G1Device 已就绪，outHost 已分配
		OnDeviceCommit() || 开始调用 icicle_msm.Msm()，规模=2
		OnDeviceCommit() || 检查：当前是否在 RunOnDevice 闭包内？
		OnDeviceCommit() || 当前活动设备: type=CUDA id=0
		OnDeviceCommit() || icicle_msm.Msm() 调用返回
		OnDeviceCommit() || MSM 返回时间戳: [16:49:08.737798]
		OnDeviceCommit() || MSM 返回成功状态
		OnDeviceCommit() || 调用 icicle_msm.Msm() 后，状态=EIcicleError.Success，耗时=4.848067 ms [16:49:08.737803]
		OnDeviceCommit() || MSM 运行成功
		OnDeviceCommit() || 开始转换 Projective -> Affine
		OnDeviceCommit() || blsProjectiveToGnarkAffine 成功
		OnDeviceCommit() || 完成，返回结果
			commitToPolyAndBlinding() -> commit to b 耗时: 371.887925ms
			commitToPolyAndBlinding() -> commit_p + commit_b 耗时: 0.004075ms
		commitToLRO() || commitToPolyAndBlinding(s.x[id_L], s.bp[id_Bl]) LRO[0] 耗时: 556.428840ms
		commitOnGPUOrCPU() || GPU 开始
		commitOnGPUOrCPU() || GPU 开始 commitLagrange
		OnDeviceCommit() || 输入验证: nScalars=512
		OnDeviceCommit() || host 开始
		OnDeviceCommit() || host 拷贝到 device 开始 (len=512)
		OnDeviceCommit() || host 拷贝到 device 成功
		OnDeviceCommit() || MSM 配置成功 (AreScalarsMontgomeryForm=true, AreBasesMontgomeryForm=false)
		[ICICLE] active device: type=CUDA id=0
		[ICICLE] memory: used=1364 MiB / total=12227 MiB (11.2%)
		[SMI] raw="Field "cuda_version" is not a valid field to query."
		[SMI] util=3% mem=1783/12227 MiB
		OnDeviceCommit() || MSM 运行开始 (scalars=512, 期望 bases>=512)
		OnDeviceCommit() || 调用 icicle_msm.Msm() 前 [16:49:08.915286]
		OnDeviceCommit() || scalarsDev 已分配，G1Device 已就绪，outHost 已分配
		OnDeviceCommit() || 开始调用 icicle_msm.Msm()，规模=512
		OnDeviceCommit() || 检查：当前是否在 RunOnDevice 闭包内？
		OnDeviceCommit() || 当前活动设备: type=CUDA id=0
		OnDeviceCommit() || icicle_msm.Msm() 调用返回
		OnDeviceCommit() || MSM 返回时间戳: [16:49:08.921920]
		OnDeviceCommit() || MSM 返回成功状态
		OnDeviceCommit() || 调用 icicle_msm.Msm() 后，状态=EIcicleError.Success，耗时=6.639395 ms [16:49:08.921926]
		OnDeviceCommit() || MSM 运行成功
		OnDeviceCommit() || 开始转换 Projective -> Affine
		OnDeviceCommit() || blsProjectiveToGnarkAffine 成功
		OnDeviceCommit() || 完成，返回结果
		commitOnGPUOrCPU() || GPU 成功
			commitToPolyAndBlinding() -> commit to p 耗时: 184.105507ms
		OnDeviceCommit() || 输入验证: nScalars=2
		OnDeviceCommit() || host 开始
		OnDeviceCommit() || host 拷贝到 device 开始 (len=2)
		OnDeviceCommit() || host 拷贝到 device 成功
		OnDeviceCommit() || MSM 配置成功 (AreScalarsMontgomeryForm=true, AreBasesMontgomeryForm=false)
		[ICICLE] active device: type=CUDA id=0
		[ICICLE] memory: used=1364 MiB / total=12227 MiB (11.2%)
		[SMI] raw="Field "cuda_version" is not a valid field to query."
		[SMI] util=3% mem=1783/12227 MiB
		OnDeviceCommit() || MSM 运行开始 (scalars=2, 期望 bases>=2)
		OnDeviceCommit() || 调用 icicle_msm.Msm() 前 [16:49:09.100090]
		OnDeviceCommit() || scalarsDev 已分配，G1Device 已就绪，outHost 已分配
		OnDeviceCommit() || 开始调用 icicle_msm.Msm()，规模=2
		OnDeviceCommit() || 检查：当前是否在 RunOnDevice 闭包内？
		OnDeviceCommit() || 当前活动设备: type=CUDA id=0
		OnDeviceCommit() || icicle_msm.Msm() 调用返回
		OnDeviceCommit() || MSM 返回时间戳: [16:49:09.104801]
		OnDeviceCommit() || MSM 返回成功状态
		OnDeviceCommit() || 调用 icicle_msm.Msm() 后，状态=EIcicleError.Success，耗时=4.715143 ms [16:49:09.104805]
		OnDeviceCommit() || MSM 运行成功
		OnDeviceCommit() || 开始转换 Projective -> Affine
		OnDeviceCommit() || blsProjectiveToGnarkAffine 成功
		OnDeviceCommit() || 完成，返回结果
		OnDeviceCommit() || 输入验证: nScalars=2
		OnDeviceCommit() || host 开始
		OnDeviceCommit() || host 拷贝到 device 开始 (len=2)
		OnDeviceCommit() || host 拷贝到 device 成功
		OnDeviceCommit() || MSM 配置成功 (AreScalarsMontgomeryForm=true, AreBasesMontgomeryForm=false)
		[ICICLE] active device: type=CUDA id=0
		[ICICLE] memory: used=1364 MiB / total=12227 MiB (11.2%)
		[SMI] raw="Field "cuda_version" is not a valid field to query."
		[SMI] util=3% mem=1783/12227 MiB
		OnDeviceCommit() || MSM 运行开始 (scalars=2, 期望 bases>=2)
		OnDeviceCommit() || 调用 icicle_msm.Msm() 前 [16:49:09.301467]
		OnDeviceCommit() || scalarsDev 已分配，G1Device 已就绪，outHost 已分配
		OnDeviceCommit() || 开始调用 icicle_msm.Msm()，规模=2
		OnDeviceCommit() || 检查：当前是否在 RunOnDevice 闭包内？
		OnDeviceCommit() || 当前活动设备: type=CUDA id=0
		OnDeviceCommit() || icicle_msm.Msm() 调用返回
		OnDeviceCommit() || MSM 返回时间戳: [16:49:09.306263]
		OnDeviceCommit() || MSM 返回成功状态
		OnDeviceCommit() || 调用 icicle_msm.Msm() 后，状态=EIcicleError.Success，耗时=4.800208 ms [16:49:09.306267]
		OnDeviceCommit() || MSM 运行成功
		OnDeviceCommit() || 开始转换 Projective -> Affine
		OnDeviceCommit() || blsProjectiveToGnarkAffine 成功
		OnDeviceCommit() || 完成，返回结果
			commitToPolyAndBlinding() -> commit to b 耗时: 384.342995ms
			commitToPolyAndBlinding() -> commit_p + commit_b 耗时: 0.004289ms
		commitToLRO() || commitToPolyAndBlinding(s.x[id_R], s.bp[id_Br]) LRO[1] 耗时: 568.464076ms
		commitOnGPUOrCPU() || GPU 开始
		commitOnGPUOrCPU() || GPU 开始 commitLagrange
		OnDeviceCommit() || 输入验证: nScalars=512
		OnDeviceCommit() || host 开始
		OnDeviceCommit() || host 拷贝到 device 开始 (len=512)
		OnDeviceCommit() || host 拷贝到 device 成功
		OnDeviceCommit() || MSM 配置成功 (AreScalarsMontgomeryForm=true, AreBasesMontgomeryForm=false)
		[ICICLE] active device: type=CUDA id=0
		[ICICLE] memory: used=1364 MiB / total=12227 MiB (11.2%)
		[SMI] raw="Field "cuda_version" is not a valid field to query."
		[SMI] util=2% mem=1783/12227 MiB
		OnDeviceCommit() || MSM 运行开始 (scalars=512, 期望 bases>=512)
		OnDeviceCommit() || 调用 icicle_msm.Msm() 前 [16:49:09.492874]
		OnDeviceCommit() || scalarsDev 已分配，G1Device 已就绪，outHost 已分配
		OnDeviceCommit() || 开始调用 icicle_msm.Msm()，规模=512
		OnDeviceCommit() || 检查：当前是否在 RunOnDevice 闭包内？
		OnDeviceCommit() || 当前活动设备: type=CUDA id=0
		OnDeviceCommit() || icicle_msm.Msm() 调用返回
		OnDeviceCommit() || MSM 返回时间戳: [16:49:09.498557]
		OnDeviceCommit() || MSM 返回成功状态
		OnDeviceCommit() || 调用 icicle_msm.Msm() 后，状态=EIcicleError.Success，耗时=5.687119 ms [16:49:09.498561]
		OnDeviceCommit() || MSM 运行成功
		OnDeviceCommit() || 开始转换 Projective -> Affine
		OnDeviceCommit() || blsProjectiveToGnarkAffine 成功
		OnDeviceCommit() || 完成，返回结果
		commitOnGPUOrCPU() || GPU 成功
			commitToPolyAndBlinding() -> commit to p 耗时: 192.280657ms
		OnDeviceCommit() || 输入验证: nScalars=2
		OnDeviceCommit() || host 开始
		OnDeviceCommit() || host 拷贝到 device 开始 (len=2)
		OnDeviceCommit() || host 拷贝到 device 成功
		OnDeviceCommit() || MSM 配置成功 (AreScalarsMontgomeryForm=true, AreBasesMontgomeryForm=false)
		[ICICLE] active device: type=CUDA id=0
		[ICICLE] memory: used=1364 MiB / total=12227 MiB (11.2%)
		[SMI] raw="Field "cuda_version" is not a valid field to query."
		[SMI] util=3% mem=1783/12227 MiB
		OnDeviceCommit() || MSM 运行开始 (scalars=2, 期望 bases>=2)
		OnDeviceCommit() || 调用 icicle_msm.Msm() 前 [16:49:09.675096]
		OnDeviceCommit() || scalarsDev 已分配，G1Device 已就绪，outHost 已分配
		OnDeviceCommit() || 开始调用 icicle_msm.Msm()，规模=2
		OnDeviceCommit() || 检查：当前是否在 RunOnDevice 闭包内？
		OnDeviceCommit() || 当前活动设备: type=CUDA id=0
		OnDeviceCommit() || icicle_msm.Msm() 调用返回
		OnDeviceCommit() || MSM 返回时间戳: [16:49:09.679687]
		OnDeviceCommit() || MSM 返回成功状态
		OnDeviceCommit() || 调用 icicle_msm.Msm() 后，状态=EIcicleError.Success，耗时=4.594753 ms [16:49:09.679691]
		OnDeviceCommit() || MSM 运行成功
		OnDeviceCommit() || 开始转换 Projective -> Affine
		OnDeviceCommit() || blsProjectiveToGnarkAffine 成功
		OnDeviceCommit() || 完成，返回结果
		OnDeviceCommit() || 输入验证: nScalars=2
		OnDeviceCommit() || host 开始
		OnDeviceCommit() || host 拷贝到 device 开始 (len=2)
		OnDeviceCommit() || host 拷贝到 device 成功
		OnDeviceCommit() || MSM 配置成功 (AreScalarsMontgomeryForm=true, AreBasesMontgomeryForm=false)
		[ICICLE] active device: type=CUDA id=0
		[ICICLE] memory: used=1364 MiB / total=12227 MiB (11.2%)
		[SMI] raw="Field "cuda_version" is not a valid field to query."
		[SMI] util=3% mem=1783/12227 MiB
		OnDeviceCommit() || MSM 运行开始 (scalars=2, 期望 bases>=2)
		OnDeviceCommit() || 调用 icicle_msm.Msm() 前 [16:49:09.852541]
		OnDeviceCommit() || scalarsDev 已分配，G1Device 已就绪，outHost 已分配
		OnDeviceCommit() || 开始调用 icicle_msm.Msm()，规模=2
		OnDeviceCommit() || 检查：当前是否在 RunOnDevice 闭包内？
		OnDeviceCommit() || 当前活动设备: type=CUDA id=0
		OnDeviceCommit() || icicle_msm.Msm() 调用返回
		OnDeviceCommit() || MSM 返回时间戳: [16:49:09.857440]
		OnDeviceCommit() || MSM 返回成功状态
		OnDeviceCommit() || 调用 icicle_msm.Msm() 后，状态=EIcicleError.Success，耗时=4.903540 ms [16:49:09.857444]
		OnDeviceCommit() || MSM 运行成功
		OnDeviceCommit() || 开始转换 Projective -> Affine
		OnDeviceCommit() || blsProjectiveToGnarkAffine 成功
		OnDeviceCommit() || 完成，返回结果
			commitToPolyAndBlinding() -> commit to b 耗时: 358.895279ms
			commitToPolyAndBlinding() -> commit_p + commit_b 耗时: 0.004190ms
		commitToLRO() || commitToPolyAndBlinding(s.x[id_O], s.bp[id_Bo]) LRO[2] 耗时: 551.184354ms
	solveConstraints() || commitToLRO() 耗时: 1676.080927 ms
prove() -> solveConstraints 耗时: 1871.498651ms
		completeQk() || wait for solver to be done 耗时: 1871.503755ms
prove() -> completeQk 耗时: 1871.522530ms
		deriveGammaAndBeta() || wait for LRO to be committed 耗时: 1871.003563ms
		computeQuotient() || wait for solver to be done 耗时: 1871.521403ms
prove() -> deriveGammaAndBeta 耗时: 1871.390972ms
		buildRatioCopyConstraint() || wait for gamma and beta to be derived 耗时: 1871.703856ms
		buildRatioCopyConstraint() || iop.BuildRatioCopyConstraint 耗时: 0.270667ms
		commitOnGPUOrCPU() || GPU 开始
		commitOnGPUOrCPU() || GPU 开始 commitLagrange
		OnDeviceCommit() || 输入验证: nScalars=512
		OnDeviceCommit() || host 开始
		OnDeviceCommit() || host 拷贝到 device 开始 (len=512)
		OnDeviceCommit() || host 拷贝到 device 成功
		OnDeviceCommit() || MSM 配置成功 (AreScalarsMontgomeryForm=true, AreBasesMontgomeryForm=false)
		[ICICLE] active device: type=CUDA id=0
		[ICICLE] memory: used=1364 MiB / total=12227 MiB (11.2%)
		[SMI] raw="Field "cuda_version" is not a valid field to query."
		[SMI] util=2% mem=1783/12227 MiB
		OnDeviceCommit() || MSM 运行开始 (scalars=512, 期望 bases>=512)
		OnDeviceCommit() || 调用 icicle_msm.Msm() 前 [16:49:10.035793]
		OnDeviceCommit() || scalarsDev 已分配，G1Device 已就绪，outHost 已分配
		OnDeviceCommit() || 开始调用 icicle_msm.Msm()，规模=512
		OnDeviceCommit() || 检查：当前是否在 RunOnDevice 闭包内？
		OnDeviceCommit() || 当前活动设备: type=CUDA id=0
		OnDeviceCommit() || icicle_msm.Msm() 调用返回
		OnDeviceCommit() || MSM 返回时间戳: [16:49:10.041545]
		OnDeviceCommit() || MSM 返回成功状态
		OnDeviceCommit() || 调用 icicle_msm.Msm() 后，状态=EIcicleError.Success，耗时=5.755845 ms [16:49:10.041549]
		OnDeviceCommit() || MSM 运行成功
		OnDeviceCommit() || 开始转换 Projective -> Affine
		OnDeviceCommit() || blsProjectiveToGnarkAffine 成功
		OnDeviceCommit() || 完成，返回结果
		commitOnGPUOrCPU() || GPU 成功
			commitToPolyAndBlinding() -> commit to p 耗时: 183.848003ms
		OnDeviceCommit() || 输入验证: nScalars=3
		OnDeviceCommit() || host 开始
		OnDeviceCommit() || host 拷贝到 device 开始 (len=3)
		OnDeviceCommit() || host 拷贝到 device 成功
		OnDeviceCommit() || MSM 配置成功 (AreScalarsMontgomeryForm=true, AreBasesMontgomeryForm=false)
		[ICICLE] active device: type=CUDA id=0
		[ICICLE] memory: used=1364 MiB / total=12227 MiB (11.2%)
		[SMI] raw="Field "cuda_version" is not a valid field to query."
		[SMI] util=3% mem=1783/12227 MiB
		OnDeviceCommit() || MSM 运行开始 (scalars=3, 期望 bases>=3)
		OnDeviceCommit() || 调用 icicle_msm.Msm() 前 [16:49:10.219031]
		OnDeviceCommit() || scalarsDev 已分配，G1Device 已就绪，outHost 已分配
		OnDeviceCommit() || 开始调用 icicle_msm.Msm()，规模=3
		OnDeviceCommit() || 检查：当前是否在 RunOnDevice 闭包内？
		OnDeviceCommit() || 当前活动设备: type=CUDA id=0
		OnDeviceCommit() || icicle_msm.Msm() 调用返回
		OnDeviceCommit() || MSM 返回时间戳: [16:49:10.223969]
		OnDeviceCommit() || MSM 返回成功状态
		OnDeviceCommit() || 调用 icicle_msm.Msm() 后，状态=EIcicleError.Success，耗时=4.942041 ms [16:49:10.223973]
		OnDeviceCommit() || MSM 运行成功
		OnDeviceCommit() || 开始转换 Projective -> Affine
		OnDeviceCommit() || blsProjectiveToGnarkAffine 成功
		OnDeviceCommit() || 完成，返回结果
		OnDeviceCommit() || 输入验证: nScalars=3
		OnDeviceCommit() || host 开始
		OnDeviceCommit() || host 拷贝到 device 开始 (len=3)
		OnDeviceCommit() || host 拷贝到 device 成功
		OnDeviceCommit() || MSM 配置成功 (AreScalarsMontgomeryForm=true, AreBasesMontgomeryForm=false)
		[ICICLE] active device: type=CUDA id=0
		[ICICLE] memory: used=1364 MiB / total=12227 MiB (11.2%)
		[SMI] raw="Field "cuda_version" is not a valid field to query."
		[SMI] util=3% mem=1783/12227 MiB
		OnDeviceCommit() || MSM 运行开始 (scalars=3, 期望 bases>=3)
		OnDeviceCommit() || 调用 icicle_msm.Msm() 前 [16:49:10.399971]
		OnDeviceCommit() || scalarsDev 已分配，G1Device 已就绪，outHost 已分配
		OnDeviceCommit() || 开始调用 icicle_msm.Msm()，规模=3
		OnDeviceCommit() || 检查：当前是否在 RunOnDevice 闭包内？
		OnDeviceCommit() || 当前活动设备: type=CUDA id=0
		OnDeviceCommit() || icicle_msm.Msm() 调用返回
		OnDeviceCommit() || MSM 返回时间戳: [16:49:10.404687]
		OnDeviceCommit() || MSM 返回成功状态
		OnDeviceCommit() || 调用 icicle_msm.Msm() 后，状态=EIcicleError.Success，耗时=4.720355 ms [16:49:10.404692]
		OnDeviceCommit() || MSM 运行成功
		OnDeviceCommit() || 开始转换 Projective -> Affine
		OnDeviceCommit() || blsProjectiveToGnarkAffine 成功
		OnDeviceCommit() || 完成，返回结果
			commitToPolyAndBlinding() -> commit to b 耗时: 362.855395ms
			commitToPolyAndBlinding() -> commit_p + commit_b 耗时: 0.004033ms
		buildRatioCopyConstraint() || commitToPolyAndBlinding(s.x[id_Z], s.bp[id_Bz]) 耗时: 546.729546ms
prove() -> buildRatioCopyConstraint 耗时: 2418.721158ms
		computeQuotient() || wait for Z to be committed 耗时: 547.200527ms
	computeQuotient() || prepare to compute & derive alpha): 2418.825266 ms
		[Memory] Before uploading polynomials to device:
		[Before Upload] GPU memory: used=1364 MiB / total=12227 MiB (11.2%)
		[Before Upload] CPU memory: allocated=1539 MiB, total_allocated=3077 MiB, sys=3095 MiB
		[Memory] Total polynomials to upload: 14 (out of 15)
		[Memory] Uploading poly[0]: 512 coefficients, 16384 bytes (0.02 MiB), basis=2
		[Memory] After uploading poly[0]:
		[After poly[0]] GPU memory: used=1364 MiB / total=12227 MiB (11.2%)
		[After poly[0]] CPU memory: allocated=1539 MiB, total_allocated=3077 MiB, sys=3095 MiB
		[Memory] Uploading poly[1]: 512 coefficients, 16384 bytes (0.02 MiB), basis=2
		[Memory] After uploading poly[1]:
		[After poly[1]] GPU memory: used=1364 MiB / total=12227 MiB (11.2%)
		[After poly[1]] CPU memory: allocated=1539 MiB, total_allocated=3077 MiB, sys=3095 MiB
		[Memory] Uploading poly[2]: 512 coefficients, 16384 bytes (0.02 MiB), basis=2
		[Memory] After uploading poly[2]:
		[After poly[2]] GPU memory: used=1364 MiB / total=12227 MiB (11.2%)
		[After poly[2]] CPU memory: allocated=1539 MiB, total_allocated=3077 MiB, sys=3095 MiB
		[Memory] Uploading poly[3]: 512 coefficients, 16384 bytes (0.02 MiB), basis=2
		[Memory] Uploading poly[5]: 512 coefficients, 16384 bytes (0.02 MiB), basis=2
		[Memory] Uploading poly[6]: 512 coefficients, 16384 bytes (0.02 MiB), basis=2
		[Memory] Uploading poly[7]: 512 coefficients, 16384 bytes (0.02 MiB), basis=2
		[Memory] Uploading poly[8]: 512 coefficients, 16384 bytes (0.02 MiB), basis=2
		[Memory] Uploading poly[9]: 512 coefficients, 16384 bytes (0.02 MiB), basis=2
		[Memory] Uploading poly[10]: 512 coefficients, 16384 bytes (0.02 MiB), basis=2
		[Memory] Uploading poly[11]: 512 coefficients, 16384 bytes (0.02 MiB), basis=2
		[Memory] Uploading poly[12]: 512 coefficients, 16384 bytes (0.02 MiB), basis=2
		[Memory] Uploading poly[13]: 512 coefficients, 16384 bytes (0.02 MiB), basis=2
		[Memory] Uploading poly[14]: 512 coefficients, 16384 bytes (0.02 MiB), basis=2
		[Memory] After uploading poly[14]:
		[After poly[14]] GPU memory: used=1364 MiB / total=12227 MiB (11.2%)
		[After poly[14]] CPU memory: allocated=1539 MiB, total_allocated=3077 MiB, sys=3095 MiB
		[Memory] After uploading all polynomials:
		[After All Uploads] GPU memory: used=1364 MiB / total=12227 MiB (11.2%)
		[After All Uploads] CPU memory: allocated=1539 MiB, total_allocated=3077 MiB, sys=3095 MiB
		[Memory] Summary: uploaded 14 polynomials, 7168 total coefficients, 229376 bytes (0.22 MiB)
		[Memory] Processing 14 polynomials in batchApply
		[Memory] Processing poly[0] (GPU): 512 coefficients, 16384 bytes (0.02 MiB)
		[Memory] Processing poly[1] (GPU): 512 coefficients, 16384 bytes (0.02 MiB)
		[Memory] Processing poly[2] (GPU): 512 coefficients, 16384 bytes (0.02 MiB)
		[Memory] Processing poly[3] (GPU): 512 coefficients, 16384 bytes (0.02 MiB)
		[Memory] Processing poly[5] (GPU): 512 coefficients, 16384 bytes (0.02 MiB)
		[Memory] Processing poly[6] (GPU): 512 coefficients, 16384 bytes (0.02 MiB)
		[Memory] Processing poly[7] (GPU): 512 coefficients, 16384 bytes (0.02 MiB)
		[Memory] Processing poly[8] (GPU): 512 coefficients, 16384 bytes (0.02 MiB)
		[Memory] Processing poly[9] (GPU): 512 coefficients, 16384 bytes (0.02 MiB)
		[Memory] Processing poly[10] (GPU): 512 coefficients, 16384 bytes (0.02 MiB)
		[Memory] Processing poly[11] (GPU): 512 coefficients, 16384 bytes (0.02 MiB)
		[Memory] Processing poly[12] (GPU): 512 coefficients, 16384 bytes (0.02 MiB)
		[Memory] Processing poly[13] (GPU): 512 coefficients, 16384 bytes (0.02 MiB)
		[Memory] Processing poly[14] (GPU): 512 coefficients, 16384 bytes (0.02 MiB)
		[Memory] Before batchApply (toCosetLagrange):
		[Before batchApply] GPU memory: <unavailable> (err=10)
		[Before batchApply] CPU memory: allocated=1539 MiB, total_allocated=3077 MiB, sys=3095 MiB
		[Timing] MontConv(dev->nonMont) 耗时: 0.164038 ms
		[Timing] VecMulOnDevice 耗时: 0.498704 ms
		[Timing] MontConv(dev->Mont) 耗时: 0.662714 ms
		[Timing] NttOnDevice 耗时: 0.104486 ms
		[Memory] Before CopyFromDevice (D2H): poly size=512 coefficients, 16384 bytes (0.02 MiB)
		[Memory] Before CopyFromDevice (D2H):
		[Before D2H] GPU memory: used=1364 MiB / total=12227 MiB (11.2%)
		[Before D2H] CPU memory: allocated=1539 MiB, total_allocated=3077 MiB, sys=3095 MiB
		[Timing] CopyFromDevice (D2H) 耗时: 0.111174 ms
		[Memory] After CopyFromDevice (D2H):
		[After D2H] GPU memory: used=1364 MiB / total=12227 MiB (11.2%)
		[After D2H] CPU memory: allocated=1539 MiB, total_allocated=3077 MiB, sys=3095 MiB
		[Timing] INttOnDevice (restore canonical) 耗时: 0.111796 ms
		[Timing] toCosetLagrange 总耗时: 1.951734 ms (0.00 s)
		[Timing] MontConv(dev->nonMont) 耗时: 0.081396 ms
		[Timing] VecMulOnDevice 耗时: 0.052876 ms
		[Timing] MontConv(dev->Mont) 耗时: 0.053190 ms
		[Timing] NttOnDevice 耗时: 0.091961 ms
		[Memory] Before CopyFromDevice (D2H): poly size=512 coefficients, 16384 bytes (0.02 MiB)
		[Memory] Before CopyFromDevice (D2H):
		[Before D2H] GPU memory: used=1364 MiB / total=12227 MiB (11.2%)
		[Before D2H] CPU memory: allocated=1539 MiB, total_allocated=3077 MiB, sys=3095 MiB
		[Timing] CopyFromDevice (D2H) 耗时: 0.148192 ms
		[Memory] After CopyFromDevice (D2H):
		[After D2H] GPU memory: used=1364 MiB / total=12227 MiB (11.2%)
		[After D2H] CPU memory: allocated=1539 MiB, total_allocated=3077 MiB, sys=3095 MiB
		[Timing] INttOnDevice (restore canonical) 耗时: 0.160275 ms
		[Timing] toCosetLagrange 总耗时: 0.942837 ms (0.00 s)
		[Timing] MontConv(dev->nonMont) 耗时: 0.371853 ms
		[Timing] VecMulOnDevice 耗时: 0.216719 ms
		[Timing] MontConv(dev->Mont) 耗时: 0.113326 ms
		[Timing] NttOnDevice 耗时: 0.108673 ms
		[Memory] Before CopyFromDevice (D2H): poly size=512 coefficients, 16384 bytes (0.02 MiB)
		[Memory] Before CopyFromDevice (D2H):
		[Before D2H] GPU memory: used=1364 MiB / total=12227 MiB (11.2%)
		[Before D2H] CPU memory: allocated=1539 MiB, total_allocated=3077 MiB, sys=3095 MiB
		[Timing] CopyFromDevice (D2H) 耗时: 0.072083 ms
		[Memory] After CopyFromDevice (D2H):
		[After D2H] GPU memory: used=1364 MiB / total=12227 MiB (11.2%)
		[After D2H] CPU memory: allocated=1539 MiB, total_allocated=3077 MiB, sys=3095 MiB
		[Timing] INttOnDevice (restore canonical) 耗时: 0.429816 ms
		[Timing] toCosetLagrange 总耗时: 2.196381 ms (0.00 s)
		[Timing] MontConv(dev->nonMont) 耗时: 0.065156 ms
		[Timing] VecMulOnDevice 耗时: 0.133429 ms
		[Timing] MontConv(dev->Mont) 耗时: 0.068000 ms
		[Timing] NttOnDevice 耗时: 0.079334 ms
		[Memory] Before CopyFromDevice (D2H): poly size=512 coefficients, 16384 bytes (0.02 MiB)
		[Memory] Before CopyFromDevice (D2H):
		[Before D2H] GPU memory: used=1364 MiB / total=12227 MiB (11.2%)
		[Before D2H] CPU memory: allocated=1539 MiB, total_allocated=3077 MiB, sys=3095 MiB
		[Timing] CopyFromDevice (D2H) 耗时: 0.062583 ms
		[Memory] After CopyFromDevice (D2H):
		[After D2H] GPU memory: used=1364 MiB / total=12227 MiB (11.2%)
		[After D2H] CPU memory: allocated=1539 MiB, total_allocated=3077 MiB, sys=3095 MiB
		[Timing] INttOnDevice (restore canonical) 耗时: 0.187533 ms
		[Timing] toCosetLagrange 总耗时: 0.905058 ms (0.00 s)
		[Timing] MontConv(dev->nonMont) 耗时: 0.051039 ms
		[Timing] VecMulOnDevice 耗时: 0.057728 ms
		[Timing] MontConv(dev->Mont) 耗时: 0.060605 ms
		[Timing] NttOnDevice 耗时: 0.071075 ms
		[Memory] Before CopyFromDevice (D2H): poly size=512 coefficients, 16384 bytes (0.02 MiB)
		[Memory] Before CopyFromDevice (D2H):
		[Before D2H] GPU memory: used=1364 MiB / total=12227 MiB (11.2%)
		[Before D2H] CPU memory: allocated=1539 MiB, total_allocated=3077 MiB, sys=3095 MiB
		[Timing] CopyFromDevice (D2H) 耗时: 0.051950 ms
		[Memory] After CopyFromDevice (D2H):
		[After D2H] GPU memory: used=1364 MiB / total=12227 MiB (11.2%)
		[After D2H] CPU memory: allocated=1539 MiB, total_allocated=3077 MiB, sys=3095 MiB
		[Timing] INttOnDevice (restore canonical) 耗时: 0.082819 ms
		[Timing] toCosetLagrange 总耗时: 0.619406 ms (0.00 s)
		[Timing] MontConv(dev->nonMont) 耗时: 0.042881 ms
		[Timing] VecMulOnDevice 耗时: 0.063372 ms
		[Timing] MontConv(dev->Mont) 耗时: 0.071751 ms
		[Timing] NttOnDevice 耗时: 0.064590 ms
		[Memory] Before CopyFromDevice (D2H): poly size=512 coefficients, 16384 bytes (0.02 MiB)
		[Memory] Before CopyFromDevice (D2H):
		[Before D2H] GPU memory: used=1364 MiB / total=12227 MiB (11.2%)
		[Before D2H] CPU memory: allocated=1539 MiB, total_allocated=3077 MiB, sys=3095 MiB
		[Timing] CopyFromDevice (D2H) 耗时: 0.051880 ms
		[Memory] After CopyFromDevice (D2H):
		[After D2H] GPU memory: used=1364 MiB / total=12227 MiB (11.2%)
		[After D2H] CPU memory: allocated=1539 MiB, total_allocated=3077 MiB, sys=3095 MiB
		[Timing] INttOnDevice (restore canonical) 耗时: 0.090223 ms
		[Timing] toCosetLagrange 总耗时: 0.604501 ms (0.00 s)
		[Timing] MontConv(dev->nonMont) 耗时: 0.042714 ms
		[Timing] VecMulOnDevice 耗时: 0.041088 ms
		[Timing] MontConv(dev->Mont) 耗时: 0.038023 ms
		[Timing] NttOnDevice 耗时: 0.056083 ms
		[Memory] Before CopyFromDevice (D2H): poly size=512 coefficients, 16384 bytes (0.02 MiB)
		[Memory] Before CopyFromDevice (D2H):
		[Before D2H] GPU memory: used=1364 MiB / total=12227 MiB (11.2%)
		[Before D2H] CPU memory: allocated=1539 MiB, total_allocated=3077 MiB, sys=3095 MiB
		[Timing] CopyFromDevice (D2H) 耗时: 0.055809 ms
		[Memory] After CopyFromDevice (D2H):
		[After D2H] GPU memory: used=1364 MiB / total=12227 MiB (11.2%)
		[After D2H] CPU memory: allocated=1539 MiB, total_allocated=3077 MiB, sys=3095 MiB
		[Timing] INttOnDevice (restore canonical) 耗时: 0.088610 ms
		[Timing] toCosetLagrange 总耗时: 0.610028 ms (0.00 s)
		[Timing] MontConv(dev->nonMont) 耗时: 0.057500 ms
		[Timing] VecMulOnDevice 耗时: 0.040313 ms
		[Timing] MontConv(dev->Mont) 耗时: 0.035239 ms
		[Timing] NttOnDevice 耗时: 0.056925 ms
		[Memory] Before CopyFromDevice (D2H): poly size=512 coefficients, 16384 bytes (0.02 MiB)
		[Memory] Before CopyFromDevice (D2H):
		[Before D2H] GPU memory: used=1364 MiB / total=12227 MiB (11.2%)
		[Before D2H] CPU memory: allocated=1539 MiB, total_allocated=3077 MiB, sys=3095 MiB
		[Timing] CopyFromDevice (D2H) 耗时: 0.058135 ms
		[Memory] After CopyFromDevice (D2H):
		[After D2H] GPU memory: used=1364 MiB / total=12227 MiB (11.2%)
		[After D2H] CPU memory: allocated=1539 MiB, total_allocated=3077 MiB, sys=3095 MiB
		[Timing] INttOnDevice (restore canonical) 耗时: 0.101253 ms
		[Timing] toCosetLagrange 总耗时: 0.970271 ms (0.00 s)
		[Timing] MontConv(dev->nonMont) 耗时: 0.044568 ms
		[Timing] VecMulOnDevice 耗时: 0.037780 ms
		[Timing] MontConv(dev->Mont) 耗时: 0.036916 ms
		[Timing] NttOnDevice 耗时: 0.082340 ms
		[Memory] Before CopyFromDevice (D2H): poly size=512 coefficients, 16384 bytes (0.02 MiB)
		[Memory] Before CopyFromDevice (D2H):
		[Before D2H] GPU memory: used=1364 MiB / total=12227 MiB (11.2%)
		[Before D2H] CPU memory: allocated=1539 MiB, total_allocated=3077 MiB, sys=3095 MiB
		[Timing] CopyFromDevice (D2H) 耗时: 0.052125 ms
		[Memory] After CopyFromDevice (D2H):
		[After D2H] GPU memory: used=1364 MiB / total=12227 MiB (11.2%)
		[After D2H] CPU memory: allocated=1539 MiB, total_allocated=3077 MiB, sys=3095 MiB
		[Timing] INttOnDevice (restore canonical) 耗时: 0.099948 ms
		[Timing] toCosetLagrange 总耗时: 0.645574 ms (0.00 s)
		[Timing] MontConv(dev->nonMont) 耗时: 0.039695 ms
		[Timing] VecMulOnDevice 耗时: 0.039879 ms
		[Timing] MontConv(dev->Mont) 耗时: 0.036341 ms
		[Timing] NttOnDevice 耗时: 0.052745 ms
		[Memory] Before CopyFromDevice (D2H): poly size=512 coefficients, 16384 bytes (0.02 MiB)
		[Memory] Before CopyFromDevice (D2H):
		[Before D2H] GPU memory: used=1364 MiB / total=12227 MiB (11.2%)
		[Before D2H] CPU memory: allocated=1539 MiB, total_allocated=3077 MiB, sys=3095 MiB
		[Timing] CopyFromDevice (D2H) 耗时: 0.107261 ms
		[Memory] After CopyFromDevice (D2H):
		[After D2H] GPU memory: used=1364 MiB / total=12227 MiB (11.2%)
		[After D2H] CPU memory: allocated=1539 MiB, total_allocated=3077 MiB, sys=3095 MiB
		[Timing] INttOnDevice (restore canonical) 耗时: 0.110332 ms
		[Timing] toCosetLagrange 总耗时: 0.710838 ms (0.00 s)
		[Timing] MontConv(dev->nonMont) 耗时: 0.087452 ms
		[Timing] VecMulOnDevice 耗时: 0.106230 ms
		[Timing] MontConv(dev->Mont) 耗时: 0.051969 ms
		[Timing] NttOnDevice 耗时: 0.192506 ms
		[Memory] Before CopyFromDevice (D2H): poly size=512 coefficients, 16384 bytes (0.02 MiB)
		[Memory] Before CopyFromDevice (D2H):
		[Before D2H] GPU memory: used=1364 MiB / total=12227 MiB (11.2%)
		[Before D2H] CPU memory: allocated=1539 MiB, total_allocated=3077 MiB, sys=3095 MiB
		[Timing] CopyFromDevice (D2H) 耗时: 0.091792 ms
		[Memory] After CopyFromDevice (D2H):
		[After D2H] GPU memory: used=1364 MiB / total=12227 MiB (11.2%)
		[After D2H] CPU memory: allocated=1539 MiB, total_allocated=3077 MiB, sys=3095 MiB
		[Timing] INttOnDevice (restore canonical) 耗时: 0.107107 ms
		[Timing] toCosetLagrange 总耗时: 1.002131 ms (0.00 s)
		[Timing] MontConv(dev->nonMont) 耗时: 0.043095 ms
		[Timing] VecMulOnDevice 耗时: 0.108063 ms
		[Timing] MontConv(dev->Mont) 耗时: 0.043610 ms
		[Timing] NttOnDevice 耗时: 0.054935 ms
		[Memory] Before CopyFromDevice (D2H): poly size=512 coefficients, 16384 bytes (0.02 MiB)
		[Memory] Before CopyFromDevice (D2H):
		[Before D2H] GPU memory: used=1364 MiB / total=12227 MiB (11.2%)
		[Before D2H] CPU memory: allocated=1539 MiB, total_allocated=3077 MiB, sys=3095 MiB
		[Timing] CopyFromDevice (D2H) 耗时: 0.118825 ms
		[Memory] After CopyFromDevice (D2H):
		[After D2H] GPU memory: used=1364 MiB / total=12227 MiB (11.2%)
		[After D2H] CPU memory: allocated=1539 MiB, total_allocated=3077 MiB, sys=3095 MiB
		[Timing] INttOnDevice (restore canonical) 耗时: 0.156867 ms
		[Timing] toCosetLagrange 总耗时: 0.790368 ms (0.00 s)
		[Timing] MontConv(dev->nonMont) 耗时: 0.072204 ms
		[Timing] VecMulOnDevice 耗时: 0.062380 ms
		[Timing] MontConv(dev->Mont) 耗时: 0.143580 ms
		[Timing] NttOnDevice 耗时: 0.065791 ms
		[Memory] Before CopyFromDevice (D2H): poly size=512 coefficients, 16384 bytes (0.02 MiB)
		[Memory] Before CopyFromDevice (D2H):
		[Before D2H] GPU memory: used=1364 MiB / total=12227 MiB (11.2%)
		[Before D2H] CPU memory: allocated=1539 MiB, total_allocated=3077 MiB, sys=3095 MiB
		[Timing] CopyFromDevice (D2H) 耗时: 0.106442 ms
		[Memory] After CopyFromDevice (D2H):
		[After D2H] GPU memory: used=1364 MiB / total=12227 MiB (11.2%)
		[After D2H] CPU memory: allocated=1539 MiB, total_allocated=3077 MiB, sys=3095 MiB
		[Timing] INttOnDevice (restore canonical) 耗时: 0.136668 ms
		[Timing] toCosetLagrange 总耗时: 0.863224 ms (0.00 s)
		[Timing] MontConv(dev->nonMont) 耗时: 0.082656 ms
		[Timing] VecMulOnDevice 耗时: 0.086731 ms
		[Timing] MontConv(dev->Mont) 耗时: 0.083682 ms
		[Timing] NttOnDevice 耗时: 0.093080 ms
		[Memory] Before CopyFromDevice (D2H): poly size=512 coefficients, 16384 bytes (0.02 MiB)
		[Memory] Before CopyFromDevice (D2H):
		[Before D2H] GPU memory: used=1364 MiB / total=12227 MiB (11.2%)
		[Before D2H] CPU memory: allocated=1539 MiB, total_allocated=3077 MiB, sys=3095 MiB
		[Timing] CopyFromDevice (D2H) 耗时: 0.082547 ms
		[Memory] After CopyFromDevice (D2H):
		[After D2H] GPU memory: used=1364 MiB / total=12227 MiB (11.2%)
		[After D2H] CPU memory: allocated=1539 MiB, total_allocated=3077 MiB, sys=3095 MiB
		[Timing] INttOnDevice (restore canonical) 耗时: 0.160621 ms
		[Timing] toCosetLagrange 总耗时: 0.889385 ms (0.00 s)
		computeNumerator() || batchApply 耗时: 13.835110 ms
		[Memory] After batchApply (toCosetLagrange):
		[After batchApply] GPU memory: <unavailable> (err=10)
		[After batchApply] CPU memory: allocated=1539 MiB, total_allocated=3077 MiB, sys=3095 MiB
		[Memory] Processed 14 polynomials
		[Memory] Processing 14 polynomials in batchApply
		[Memory] Processing poly[0] (GPU): 512 coefficients, 16384 bytes (0.02 MiB)
		[Memory] Processing poly[1] (GPU): 512 coefficients, 16384 bytes (0.02 MiB)
		[Memory] Processing poly[2] (GPU): 512 coefficients, 16384 bytes (0.02 MiB)
		[Memory] Processing poly[3] (GPU): 512 coefficients, 16384 bytes (0.02 MiB)
		[Memory] Processing poly[5] (GPU): 512 coefficients, 16384 bytes (0.02 MiB)
		[Memory] Processing poly[6] (GPU): 512 coefficients, 16384 bytes (0.02 MiB)
		[Memory] Processing poly[7] (GPU): 512 coefficients, 16384 bytes (0.02 MiB)
		[Memory] Processing poly[8] (GPU): 512 coefficients, 16384 bytes (0.02 MiB)
		[Memory] Processing poly[9] (GPU): 512 coefficients, 16384 bytes (0.02 MiB)
		[Memory] Processing poly[10] (GPU): 512 coefficients, 16384 bytes (0.02 MiB)
		[Memory] Processing poly[11] (GPU): 512 coefficients, 16384 bytes (0.02 MiB)
		[Memory] Processing poly[12] (GPU): 512 coefficients, 16384 bytes (0.02 MiB)
		[Memory] Processing poly[13] (GPU): 512 coefficients, 16384 bytes (0.02 MiB)
		[Memory] Processing poly[14] (GPU): 512 coefficients, 16384 bytes (0.02 MiB)
		[Memory] Before batchApply (toCosetLagrange):
		[Before batchApply] GPU memory: <unavailable> (err=10)
		[Before batchApply] CPU memory: allocated=1539 MiB, total_allocated=3077 MiB, sys=3095 MiB
		[Timing] MontConv(dev->nonMont) 耗时: 0.195295 ms
		[Timing] VecMulOnDevice 耗时: 0.076194 ms
		[Timing] MontConv(dev->Mont) 耗时: 0.043044 ms
		[Timing] NttOnDevice 耗时: 0.063035 ms
		[Memory] Before CopyFromDevice (D2H): poly size=512 coefficients, 16384 bytes (0.02 MiB)
		[Memory] Before CopyFromDevice (D2H):
		[Before D2H] GPU memory: used=1364 MiB / total=12227 MiB (11.2%)
		[Before D2H] CPU memory: allocated=1539 MiB, total_allocated=3077 MiB, sys=3095 MiB
		[Timing] CopyFromDevice (D2H) 耗时: 0.062912 ms
		[Memory] After CopyFromDevice (D2H):
		[After D2H] GPU memory: used=1364 MiB / total=12227 MiB (11.2%)
		[After D2H] CPU memory: allocated=1539 MiB, total_allocated=3077 MiB, sys=3095 MiB
		[Timing] INttOnDevice (restore canonical) 耗时: 0.088382 ms
		[Timing] toCosetLagrange 总耗时: 0.788645 ms (0.00 s)
		[Timing] MontConv(dev->nonMont) 耗时: 0.042910 ms
		[Timing] VecMulOnDevice 耗时: 0.039151 ms
		[Timing] MontConv(dev->Mont) 耗时: 0.038006 ms
		[Timing] NttOnDevice 耗时: 0.053883 ms
		[Memory] Before CopyFromDevice (D2H): poly size=512 coefficients, 16384 bytes (0.02 MiB)
		[Memory] Before CopyFromDevice (D2H):
		[Before D2H] GPU memory: used=1364 MiB / total=12227 MiB (11.2%)
		[Before D2H] CPU memory: allocated=1539 MiB, total_allocated=3077 MiB, sys=3095 MiB
		[Timing] CopyFromDevice (D2H) 耗时: 0.107398 ms
		[Memory] After CopyFromDevice (D2H):
		[After D2H] GPU memory: used=1364 MiB / total=12227 MiB (11.2%)
		[After D2H] CPU memory: allocated=1539 MiB, total_allocated=3077 MiB, sys=3095 MiB
		[Timing] INttOnDevice (restore canonical) 耗时: 0.179053 ms
		[Timing] toCosetLagrange 总耗时: 0.688291 ms (0.00 s)
		[Timing] MontConv(dev->nonMont) 耗时: 0.049740 ms
		[Timing] VecMulOnDevice 耗时: 0.042045 ms
		[Timing] MontConv(dev->Mont) 耗时: 0.039499 ms
		[Timing] NttOnDevice 耗时: 0.058946 ms
		[Memory] Before CopyFromDevice (D2H): poly size=512 coefficients, 16384 bytes (0.02 MiB)
		[Memory] Before CopyFromDevice (D2H):
		[Before D2H] GPU memory: used=1364 MiB / total=12227 MiB (11.2%)
		[Before D2H] CPU memory: allocated=1539 MiB, total_allocated=3077 MiB, sys=3095 MiB
		[Timing] CopyFromDevice (D2H) 耗时: 0.068569 ms
		[Memory] After CopyFromDevice (D2H):
		[After D2H] GPU memory: used=1364 MiB / total=12227 MiB (11.2%)
		[After D2H] CPU memory: allocated=1539 MiB, total_allocated=3077 MiB, sys=3095 MiB
		[Timing] INttOnDevice (restore canonical) 耗时: 0.124082 ms
		[Timing] toCosetLagrange 总耗时: 0.689956 ms (0.00 s)
		[Timing] MontConv(dev->nonMont) 耗时: 0.046189 ms
		[Timing] VecMulOnDevice 耗时: 0.100201 ms
		[Timing] MontConv(dev->Mont) 耗时: 0.042591 ms
		[Timing] NttOnDevice 耗时: 0.065101 ms
		[Memory] Before CopyFromDevice (D2H): poly size=512 coefficients, 16384 bytes (0.02 MiB)
		[Memory] Before CopyFromDevice (D2H):
		[Before D2H] GPU memory: used=1364 MiB / total=12227 MiB (11.2%)
		[Before D2H] CPU memory: allocated=1539 MiB, total_allocated=3077 MiB, sys=3095 MiB
		[Timing] CopyFromDevice (D2H) 耗时: 0.094178 ms
		[Memory] After CopyFromDevice (D2H):
		[After D2H] GPU memory: used=1364 MiB / total=12227 MiB (11.2%)
		[After D2H] CPU memory: allocated=1539 MiB, total_allocated=3077 MiB, sys=3095 MiB
		[Timing] INttOnDevice (restore canonical) 耗时: 0.120174 ms
		[Timing] toCosetLagrange 总耗时: 0.762460 ms (0.00 s)
		[Timing] MontConv(dev->nonMont) 耗时: 0.050607 ms
		[Timing] VecMulOnDevice 耗时: 0.042103 ms
		[Timing] MontConv(dev->Mont) 耗时: 0.049812 ms
		[Timing] NttOnDevice 耗时: 0.061342 ms
		[Memory] Before CopyFromDevice (D2H): poly size=512 coefficients, 16384 bytes (0.02 MiB)
		[Memory] Before CopyFromDevice (D2H):
		[Before D2H] GPU memory: used=1364 MiB / total=12227 MiB (11.2%)
		[Before D2H] CPU memory: allocated=1539 MiB, total_allocated=3077 MiB, sys=3095 MiB
		[Timing] CopyFromDevice (D2H) 耗时: 0.113352 ms
		[Memory] After CopyFromDevice (D2H):
		[After D2H] GPU memory: used=1364 MiB / total=12227 MiB (11.2%)
		[After D2H] CPU memory: allocated=1539 MiB, total_allocated=3077 MiB, sys=3095 MiB
		[Timing] INttOnDevice (restore canonical) 耗时: 0.158460 ms
		[Timing] toCosetLagrange 总耗时: 0.768225 ms (0.00 s)
		[Timing] MontConv(dev->nonMont) 耗时: 0.227351 ms
		[Timing] VecMulOnDevice 耗时: 0.066383 ms
		[Timing] MontConv(dev->Mont) 耗时: 0.044793 ms
		[Timing] NttOnDevice 耗时: 0.063144 ms
		[Memory] Before CopyFromDevice (D2H): poly size=512 coefficients, 16384 bytes (0.02 MiB)
		[Memory] Before CopyFromDevice (D2H):
		[Before D2H] GPU memory: used=1364 MiB / total=12227 MiB (11.2%)
		[Before D2H] CPU memory: allocated=1539 MiB, total_allocated=3077 MiB, sys=3095 MiB
		[Timing] CopyFromDevice (D2H) 耗时: 0.166136 ms
		[Memory] After CopyFromDevice (D2H):
		[After D2H] GPU memory: used=1364 MiB / total=12227 MiB (11.2%)
		[After D2H] CPU memory: allocated=1539 MiB, total_allocated=3077 MiB, sys=3095 MiB
		[Timing] INttOnDevice (restore canonical) 耗时: 0.108794 ms
		[Timing] toCosetLagrange 总耗时: 0.985132 ms (0.00 s)
		[Timing] MontConv(dev->nonMont) 耗时: 0.050878 ms
		[Timing] VecMulOnDevice 耗时: 0.043196 ms
		[Timing] MontConv(dev->Mont) 耗时: 0.041510 ms
		[Timing] NttOnDevice 耗时: 0.059233 ms
		[Memory] Before CopyFromDevice (D2H): poly size=512 coefficients, 16384 bytes (0.02 MiB)
		[Memory] Before CopyFromDevice (D2H):
		[Before D2H] GPU memory: used=1364 MiB / total=12227 MiB (11.2%)
		[Before D2H] CPU memory: allocated=1539 MiB, total_allocated=3077 MiB, sys=3095 MiB
		[Timing] CopyFromDevice (D2H) 耗时: 0.111668 ms
		[Memory] After CopyFromDevice (D2H):
		[After D2H] GPU memory: used=1364 MiB / total=12227 MiB (11.2%)
		[After D2H] CPU memory: allocated=1539 MiB, total_allocated=3077 MiB, sys=3095 MiB
		[Timing] INttOnDevice (restore canonical) 耗时: 0.114505 ms
		[Timing] toCosetLagrange 总耗时: 0.781621 ms (0.00 s)
		[Timing] MontConv(dev->nonMont) 耗时: 0.047679 ms
		[Timing] VecMulOnDevice 耗时: 0.050686 ms
		[Timing] MontConv(dev->Mont) 耗时: 0.041764 ms
		[Timing] NttOnDevice 耗时: 0.060492 ms
		[Memory] Before CopyFromDevice (D2H): poly size=512 coefficients, 16384 bytes (0.02 MiB)
		[Memory] Before CopyFromDevice (D2H):
		[Before D2H] GPU memory: used=1364 MiB / total=12227 MiB (11.2%)
		[Before D2H] CPU memory: allocated=1539 MiB, total_allocated=3077 MiB, sys=3095 MiB
		[Timing] CopyFromDevice (D2H) 耗时: 0.087885 ms
		[Memory] After CopyFromDevice (D2H):
		[After D2H] GPU memory: used=1364 MiB / total=12227 MiB (11.2%)
		[After D2H] CPU memory: allocated=1539 MiB, total_allocated=3077 MiB, sys=3095 MiB
		[Timing] INttOnDevice (restore canonical) 耗时: 0.098465 ms
		[Timing] toCosetLagrange 总耗时: 0.677894 ms (0.00 s)
		[Timing] MontConv(dev->nonMont) 耗时: 0.085723 ms
		[Timing] VecMulOnDevice 耗时: 0.063303 ms
		[Timing] MontConv(dev->Mont) 耗时: 0.050924 ms
		[Timing] NttOnDevice 耗时: 0.060142 ms
		[Memory] Before CopyFromDevice (D2H): poly size=512 coefficients, 16384 bytes (0.02 MiB)
		[Memory] Before CopyFromDevice (D2H):
		[Before D2H] GPU memory: used=1364 MiB / total=12227 MiB (11.2%)
		[Before D2H] CPU memory: allocated=1539 MiB, total_allocated=3077 MiB, sys=3095 MiB
		[Timing] CopyFromDevice (D2H) 耗时: 0.058732 ms
		[Memory] After CopyFromDevice (D2H):
		[After D2H] GPU memory: used=1364 MiB / total=12227 MiB (11.2%)
		[After D2H] CPU memory: allocated=1539 MiB, total_allocated=3077 MiB, sys=3095 MiB
		[Timing] INttOnDevice (restore canonical) 耗时: 0.117737 ms
		[Timing] toCosetLagrange 总耗时: 0.739910 ms (0.00 s)
		[Timing] MontConv(dev->nonMont) 耗时: 0.081163 ms
		[Timing] VecMulOnDevice 耗时: 0.078596 ms
		[Timing] MontConv(dev->Mont) 耗时: 0.070319 ms
		[Timing] NttOnDevice 耗时: 0.078737 ms
		[Memory] Before CopyFromDevice (D2H): poly size=512 coefficients, 16384 bytes (0.02 MiB)
		[Memory] Before CopyFromDevice (D2H):
		[Before D2H] GPU memory: used=1364 MiB / total=12227 MiB (11.2%)
		[Before D2H] CPU memory: allocated=1539 MiB, total_allocated=3077 MiB, sys=3095 MiB
		[Timing] CopyFromDevice (D2H) 耗时: 0.058894 ms
		[Memory] After CopyFromDevice (D2H):
		[After D2H] GPU memory: used=1364 MiB / total=12227 MiB (11.2%)
		[After D2H] CPU memory: allocated=1539 MiB, total_allocated=3077 MiB, sys=3095 MiB
		[Timing] INttOnDevice (restore canonical) 耗时: 0.102332 ms
		[Timing] toCosetLagrange 总耗时: 0.799427 ms (0.00 s)
		[Timing] MontConv(dev->nonMont) 耗时: 0.050317 ms
		[Timing] VecMulOnDevice 耗时: 0.040462 ms
		[Timing] MontConv(dev->Mont) 耗时: 0.044116 ms
		[Timing] NttOnDevice 耗时: 0.067261 ms
		[Memory] Before CopyFromDevice (D2H): poly size=512 coefficients, 16384 bytes (0.02 MiB)
		[Memory] Before CopyFromDevice (D2H):
		[Before D2H] GPU memory: used=1364 MiB / total=12227 MiB (11.2%)
		[Before D2H] CPU memory: allocated=1539 MiB, total_allocated=3077 MiB, sys=3095 MiB
		[Timing] CopyFromDevice (D2H) 耗时: 0.058394 ms
		[Memory] After CopyFromDevice (D2H):
		[After D2H] GPU memory: used=1364 MiB / total=12227 MiB (11.2%)
		[After D2H] CPU memory: allocated=1539 MiB, total_allocated=3077 MiB, sys=3095 MiB
		[Timing] INttOnDevice (restore canonical) 耗时: 0.081000 ms
		[Timing] toCosetLagrange 总耗时: 0.609175 ms (0.00 s)
		[Timing] MontConv(dev->nonMont) 耗时: 0.043242 ms
		[Timing] VecMulOnDevice 耗时: 0.042638 ms
		[Timing] MontConv(dev->Mont) 耗时: 0.041964 ms
		[Timing] NttOnDevice 耗时: 0.059454 ms
		[Memory] Before CopyFromDevice (D2H): poly size=512 coefficients, 16384 bytes (0.02 MiB)
		[Memory] Before CopyFromDevice (D2H):
		[Before D2H] GPU memory: used=1364 MiB / total=12227 MiB (11.2%)
		[Before D2H] CPU memory: allocated=1539 MiB, total_allocated=3077 MiB, sys=3095 MiB
		[Timing] CopyFromDevice (D2H) 耗时: 0.066344 ms
		[Memory] After CopyFromDevice (D2H):
		[After D2H] GPU memory: used=1364 MiB / total=12227 MiB (11.2%)
		[After D2H] CPU memory: allocated=1539 MiB, total_allocated=3077 MiB, sys=3095 MiB
		[Timing] INttOnDevice (restore canonical) 耗时: 0.095681 ms
		[Timing] toCosetLagrange 总耗时: 0.660041 ms (0.00 s)
		[Timing] MontConv(dev->nonMont) 耗时: 0.045188 ms
		[Timing] VecMulOnDevice 耗时: 0.042845 ms
		[Timing] MontConv(dev->Mont) 耗时: 0.040383 ms
		[Timing] NttOnDevice 耗时: 0.058078 ms
		[Memory] Before CopyFromDevice (D2H): poly size=512 coefficients, 16384 bytes (0.02 MiB)
		[Memory] Before CopyFromDevice (D2H):
		[Before D2H] GPU memory: used=1364 MiB / total=12227 MiB (11.2%)
		[Before D2H] CPU memory: allocated=1539 MiB, total_allocated=3077 MiB, sys=3095 MiB
		[Timing] CopyFromDevice (D2H) 耗时: 0.049576 ms
		[Memory] After CopyFromDevice (D2H):
		[After D2H] GPU memory: used=1364 MiB / total=12227 MiB (11.2%)
		[After D2H] CPU memory: allocated=1539 MiB, total_allocated=3077 MiB, sys=3095 MiB
		[Timing] INttOnDevice (restore canonical) 耗时: 0.171819 ms
		[Timing] toCosetLagrange 总耗时: 0.695037 ms (0.00 s)
		[Timing] MontConv(dev->nonMont) 耗时: 0.085254 ms
		[Timing] VecMulOnDevice 耗时: 0.079645 ms
		[Timing] MontConv(dev->Mont) 耗时: 0.075628 ms
		[Timing] NttOnDevice 耗时: 0.092423 ms
		[Memory] Before CopyFromDevice (D2H): poly size=512 coefficients, 16384 bytes (0.02 MiB)
		[Memory] Before CopyFromDevice (D2H):
		[Before D2H] GPU memory: used=1364 MiB / total=12227 MiB (11.2%)
		[Before D2H] CPU memory: allocated=1539 MiB, total_allocated=3077 MiB, sys=3095 MiB
		[Timing] CopyFromDevice (D2H) 耗时: 0.096153 ms
		[Memory] After CopyFromDevice (D2H):
		[After D2H] GPU memory: used=1364 MiB / total=12227 MiB (11.2%)
		[After D2H] CPU memory: allocated=1539 MiB, total_allocated=3077 MiB, sys=3095 MiB
		[Timing] INttOnDevice (restore canonical) 耗时: 0.099156 ms
		[Timing] toCosetLagrange 总耗时: 0.848210 ms (0.00 s)
		computeNumerator() || batchApply 耗时: 10.702387 ms
		[Memory] After batchApply (toCosetLagrange):
		[After batchApply] GPU memory: <unavailable> (err=10)
		[After batchApply] CPU memory: allocated=1539 MiB, total_allocated=3077 MiB, sys=3095 MiB
		[Memory] Processed 14 polynomials
		[Memory] Processing 14 polynomials in batchApply
		[Memory] Processing poly[0] (GPU): 512 coefficients, 16384 bytes (0.02 MiB)
		[Memory] Processing poly[1] (GPU): 512 coefficients, 16384 bytes (0.02 MiB)
		[Memory] Processing poly[2] (GPU): 512 coefficients, 16384 bytes (0.02 MiB)
		[Memory] Processing poly[3] (GPU): 512 coefficients, 16384 bytes (0.02 MiB)
		[Memory] Processing poly[5] (GPU): 512 coefficients, 16384 bytes (0.02 MiB)
		[Memory] Processing poly[6] (GPU): 512 coefficients, 16384 bytes (0.02 MiB)
		[Memory] Processing poly[7] (GPU): 512 coefficients, 16384 bytes (0.02 MiB)
		[Memory] Processing poly[8] (GPU): 512 coefficients, 16384 bytes (0.02 MiB)
		[Memory] Processing poly[9] (GPU): 512 coefficients, 16384 bytes (0.02 MiB)
		[Memory] Processing poly[10] (GPU): 512 coefficients, 16384 bytes (0.02 MiB)
		[Memory] Processing poly[11] (GPU): 512 coefficients, 16384 bytes (0.02 MiB)
		[Memory] Processing poly[12] (GPU): 512 coefficients, 16384 bytes (0.02 MiB)
		[Memory] Processing poly[13] (GPU): 512 coefficients, 16384 bytes (0.02 MiB)
		[Memory] Processing poly[14] (GPU): 512 coefficients, 16384 bytes (0.02 MiB)
		[Memory] Before batchApply (toCosetLagrange):
		[Before batchApply] GPU memory: <unavailable> (err=10)
		[Before batchApply] CPU memory: allocated=1539 MiB, total_allocated=3077 MiB, sys=3095 MiB
		[Timing] MontConv(dev->nonMont) 耗时: 0.166219 ms
		[Timing] VecMulOnDevice 耗时: 0.113595 ms
		[Timing] MontConv(dev->Mont) 耗时: 0.078187 ms
		[Timing] NttOnDevice 耗时: 0.087277 ms
		[Memory] Before CopyFromDevice (D2H): poly size=512 coefficients, 16384 bytes (0.02 MiB)
		[Memory] Before CopyFromDevice (D2H):
		[Before D2H] GPU memory: used=1364 MiB / total=12227 MiB (11.2%)
		[Before D2H] CPU memory: allocated=1539 MiB, total_allocated=3077 MiB, sys=3095 MiB
		[Timing] CopyFromDevice (D2H) 耗时: 0.067319 ms
		[Memory] After CopyFromDevice (D2H):
		[After D2H] GPU memory: used=1364 MiB / total=12227 MiB (11.2%)
		[After D2H] CPU memory: allocated=1539 MiB, total_allocated=3077 MiB, sys=3095 MiB
		[Timing] INttOnDevice (restore canonical) 耗时: 0.086598 ms
		[Timing] toCosetLagrange 总耗时: 0.870701 ms (0.00 s)
		[Timing] MontConv(dev->nonMont) 耗时: 0.052462 ms
		[Timing] VecMulOnDevice 耗时: 0.044377 ms
		[Timing] MontConv(dev->Mont) 耗时: 0.039556 ms
		[Timing] NttOnDevice 耗时: 0.089317 ms
		[Memory] Before CopyFromDevice (D2H): poly size=512 coefficients, 16384 bytes (0.02 MiB)
		[Memory] Before CopyFromDevice (D2H):
		[Before D2H] GPU memory: used=1364 MiB / total=12227 MiB (11.2%)
		[Before D2H] CPU memory: allocated=1539 MiB, total_allocated=3077 MiB, sys=3095 MiB
		[Timing] CopyFromDevice (D2H) 耗时: 0.068944 ms
		[Memory] After CopyFromDevice (D2H):
		[After D2H] GPU memory: used=1364 MiB / total=12227 MiB (11.2%)
		[After D2H] CPU memory: allocated=1539 MiB, total_allocated=3077 MiB, sys=3095 MiB
		[Timing] INttOnDevice (restore canonical) 耗时: 0.170626 ms
		[Timing] toCosetLagrange 总耗时: 0.744042 ms (0.00 s)
		[Timing] MontConv(dev->nonMont) 耗时: 0.062624 ms
		[Timing] VecMulOnDevice 耗时: 0.076671 ms
		[Timing] MontConv(dev->Mont) 耗时: 0.041589 ms
		[Timing] NttOnDevice 耗时: 0.058845 ms
		[Memory] Before CopyFromDevice (D2H): poly size=512 coefficients, 16384 bytes (0.02 MiB)
		[Memory] Before CopyFromDevice (D2H):
		[Before D2H] GPU memory: used=1364 MiB / total=12227 MiB (11.2%)
		[Before D2H] CPU memory: allocated=1539 MiB, total_allocated=3077 MiB, sys=3095 MiB
		[Timing] CopyFromDevice (D2H) 耗时: 0.049860 ms
		[Memory] After CopyFromDevice (D2H):
		[After D2H] GPU memory: used=1364 MiB / total=12227 MiB (11.2%)
		[After D2H] CPU memory: allocated=1539 MiB, total_allocated=3077 MiB, sys=3095 MiB
		[Timing] INttOnDevice (restore canonical) 耗时: 0.086707 ms
		[Timing] toCosetLagrange 总耗时: 0.614849 ms (0.00 s)
		[Timing] MontConv(dev->nonMont) 耗时: 0.052238 ms
		[Timing] VecMulOnDevice 耗时: 0.050406 ms
		[Timing] MontConv(dev->Mont) 耗时: 0.045300 ms
		[Timing] NttOnDevice 耗时: 0.058289 ms
		[Memory] Before CopyFromDevice (D2H): poly size=512 coefficients, 16384 bytes (0.02 MiB)
		[Memory] Before CopyFromDevice (D2H):
		[Before D2H] GPU memory: used=1364 MiB / total=12227 MiB (11.2%)
		[Before D2H] CPU memory: allocated=1539 MiB, total_allocated=3077 MiB, sys=3095 MiB
		[Timing] CopyFromDevice (D2H) 耗时: 0.063806 ms
		[Memory] After CopyFromDevice (D2H):
		[After D2H] GPU memory: used=1364 MiB / total=12227 MiB (11.2%)
		[After D2H] CPU memory: allocated=1539 MiB, total_allocated=3077 MiB, sys=3095 MiB
		[Timing] INttOnDevice (restore canonical) 耗时: 0.092712 ms
		[Timing] toCosetLagrange 总耗时: 0.632414 ms (0.00 s)
		[Timing] MontConv(dev->nonMont) 耗时: 0.068725 ms
		[Timing] VecMulOnDevice 耗时: 0.058256 ms
		[Timing] MontConv(dev->Mont) 耗时: 0.067334 ms
		[Timing] NttOnDevice 耗时: 0.073688 ms
		[Memory] Before CopyFromDevice (D2H): poly size=512 coefficients, 16384 bytes (0.02 MiB)
		[Memory] Before CopyFromDevice (D2H):
		[Before D2H] GPU memory: used=1364 MiB / total=12227 MiB (11.2%)
		[Before D2H] CPU memory: allocated=1539 MiB, total_allocated=3077 MiB, sys=3095 MiB
		[Timing] CopyFromDevice (D2H) 耗时: 0.089031 ms
		[Memory] After CopyFromDevice (D2H):
		[After D2H] GPU memory: used=1364 MiB / total=12227 MiB (11.2%)
		[After D2H] CPU memory: allocated=1539 MiB, total_allocated=3077 MiB, sys=3095 MiB
		[Timing] INttOnDevice (restore canonical) 耗时: 0.102774 ms
		[Timing] toCosetLagrange 总耗时: 0.749331 ms (0.00 s)
		[Timing] MontConv(dev->nonMont) 耗时: 0.047895 ms
		[Timing] VecMulOnDevice 耗时: 0.055336 ms
		[Timing] MontConv(dev->Mont) 耗时: 0.051077 ms
		[Timing] NttOnDevice 耗时: 0.077766 ms
		[Memory] Before CopyFromDevice (D2H): poly size=512 coefficients, 16384 bytes (0.02 MiB)
		[Memory] Before CopyFromDevice (D2H):
		[Before D2H] GPU memory: used=1364 MiB / total=12227 MiB (11.2%)
		[Before D2H] CPU memory: allocated=1539 MiB, total_allocated=3077 MiB, sys=3095 MiB
		[Timing] CopyFromDevice (D2H) 耗时: 0.070324 ms
		[Memory] After CopyFromDevice (D2H):
		[After D2H] GPU memory: used=1364 MiB / total=12227 MiB (11.2%)
		[After D2H] CPU memory: allocated=1539 MiB, total_allocated=3077 MiB, sys=3095 MiB
		[Timing] INttOnDevice (restore canonical) 耗时: 0.103201 ms
		[Timing] toCosetLagrange 总耗时: 0.666192 ms (0.00 s)
		[Timing] MontConv(dev->nonMont) 耗时: 0.047572 ms
		[Timing] VecMulOnDevice 耗时: 0.040928 ms
		[Timing] MontConv(dev->Mont) 耗时: 0.037212 ms
		[Timing] NttOnDevice 耗时: 0.079998 ms
		[Memory] Before CopyFromDevice (D2H): poly size=512 coefficients, 16384 bytes (0.02 MiB)
		[Memory] Before CopyFromDevice (D2H):
		[Before D2H] GPU memory: used=1364 MiB / total=12227 MiB (11.2%)
		[Before D2H] CPU memory: allocated=1539 MiB, total_allocated=3077 MiB, sys=3095 MiB
		[Timing] CopyFromDevice (D2H) 耗时: 0.066098 ms
		[Memory] After CopyFromDevice (D2H):
		[After D2H] GPU memory: used=1364 MiB / total=12227 MiB (11.2%)
		[After D2H] CPU memory: allocated=1539 MiB, total_allocated=3077 MiB, sys=3095 MiB
		[Timing] INttOnDevice (restore canonical) 耗时: 0.086154 ms
		[Timing] toCosetLagrange 总耗时: 0.638642 ms (0.00 s)
		[Timing] MontConv(dev->nonMont) 耗时: 0.042643 ms
		[Timing] VecMulOnDevice 耗时: 0.174719 ms
		[Timing] MontConv(dev->Mont) 耗时: 0.088661 ms
		[Timing] NttOnDevice 耗时: 0.112950 ms
		[Memory] Before CopyFromDevice (D2H): poly size=512 coefficients, 16384 bytes (0.02 MiB)
		[Memory] Before CopyFromDevice (D2H):
		[Before D2H] GPU memory: used=1364 MiB / total=12227 MiB (11.2%)
		[Before D2H] CPU memory: allocated=1539 MiB, total_allocated=3077 MiB, sys=3095 MiB
		[Timing] CopyFromDevice (D2H) 耗时: 0.080403 ms
		[Memory] After CopyFromDevice (D2H):
		[After D2H] GPU memory: used=1364 MiB / total=12227 MiB (11.2%)
		[After D2H] CPU memory: allocated=1539 MiB, total_allocated=3077 MiB, sys=3095 MiB
		[Timing] INttOnDevice (restore canonical) 耗时: 0.197212 ms
		[Timing] toCosetLagrange 总耗时: 1.102276 ms (0.00 s)
		[Timing] MontConv(dev->nonMont) 耗时: 0.079517 ms
		[Timing] VecMulOnDevice 耗时: 0.104561 ms
		[Timing] MontConv(dev->Mont) 耗时: 0.115067 ms
		[Timing] NttOnDevice 耗时: 0.100930 ms
		[Memory] Before CopyFromDevice (D2H): poly size=512 coefficients, 16384 bytes (0.02 MiB)
		[Memory] Before CopyFromDevice (D2H):
		[Before D2H] GPU memory: used=1364 MiB / total=12227 MiB (11.2%)
		[Before D2H] CPU memory: allocated=1539 MiB, total_allocated=3077 MiB, sys=3095 MiB
		[Timing] CopyFromDevice (D2H) 耗时: 0.142038 ms
		[Memory] After CopyFromDevice (D2H):
		[After D2H] GPU memory: used=1364 MiB / total=12227 MiB (11.2%)
		[After D2H] CPU memory: allocated=1539 MiB, total_allocated=3077 MiB, sys=3095 MiB
		[Timing] INttOnDevice (restore canonical) 耗时: 0.160305 ms
		[Timing] toCosetLagrange 总耗时: 1.112312 ms (0.00 s)
		[Timing] MontConv(dev->nonMont) 耗时: 0.357035 ms
		[Timing] VecMulOnDevice 耗时: 0.079461 ms
		[Timing] MontConv(dev->Mont) 耗时: 0.070730 ms
		[Timing] NttOnDevice 耗时: 0.097891 ms
		[Memory] Before CopyFromDevice (D2H): poly size=512 coefficients, 16384 bytes (0.02 MiB)
		[Memory] Before CopyFromDevice (D2H):
		[Before D2H] GPU memory: used=1364 MiB / total=12227 MiB (11.2%)
		[Before D2H] CPU memory: allocated=1539 MiB, total_allocated=3077 MiB, sys=3095 MiB
		[Timing] CopyFromDevice (D2H) 耗时: 0.061527 ms
		[Memory] After CopyFromDevice (D2H):
		[After D2H] GPU memory: used=1364 MiB / total=12227 MiB (11.2%)
		[After D2H] CPU memory: allocated=1539 MiB, total_allocated=3077 MiB, sys=3095 MiB
		[Timing] INttOnDevice (restore canonical) 耗时: 0.149826 ms
		[Timing] toCosetLagrange 总耗时: 1.083978 ms (0.00 s)
		[Timing] MontConv(dev->nonMont) 耗时: 0.044689 ms
		[Timing] VecMulOnDevice 耗时: 0.054519 ms
		[Timing] MontConv(dev->Mont) 耗时: 0.041625 ms
		[Timing] NttOnDevice 耗时: 0.086095 ms
		[Memory] Before CopyFromDevice (D2H): poly size=512 coefficients, 16384 bytes (0.02 MiB)
		[Memory] Before CopyFromDevice (D2H):
		[Before D2H] GPU memory: used=1364 MiB / total=12227 MiB (11.2%)
		[Before D2H] CPU memory: allocated=1539 MiB, total_allocated=3077 MiB, sys=3095 MiB
		[Timing] CopyFromDevice (D2H) 耗时: 0.076302 ms
		[Memory] After CopyFromDevice (D2H):
		[After D2H] GPU memory: used=1364 MiB / total=12227 MiB (11.2%)
		[After D2H] CPU memory: allocated=1539 MiB, total_allocated=3077 MiB, sys=3095 MiB
		[Timing] INttOnDevice (restore canonical) 耗时: 0.080552 ms
		[Timing] toCosetLagrange 总耗时: 0.618216 ms (0.00 s)
		[Timing] MontConv(dev->nonMont) 耗时: 0.054335 ms
		[Timing] VecMulOnDevice 耗时: 0.046389 ms
		[Timing] MontConv(dev->Mont) 耗时: 0.077770 ms
		[Timing] NttOnDevice 耗时: 0.060863 ms
		[Memory] Before CopyFromDevice (D2H): poly size=512 coefficients, 16384 bytes (0.02 MiB)
		[Memory] Before CopyFromDevice (D2H):
		[Before D2H] GPU memory: used=1364 MiB / total=12227 MiB (11.2%)
		[Before D2H] CPU memory: allocated=1539 MiB, total_allocated=3077 MiB, sys=3095 MiB
		[Timing] CopyFromDevice (D2H) 耗时: 0.065466 ms
		[Memory] After CopyFromDevice (D2H):
		[After D2H] GPU memory: used=1364 MiB / total=12227 MiB (11.2%)
		[After D2H] CPU memory: allocated=1539 MiB, total_allocated=3077 MiB, sys=3095 MiB
		[Timing] INttOnDevice (restore canonical) 耗时: 0.096625 ms
		[Timing] toCosetLagrange 总耗时: 0.638138 ms (0.00 s)
		[Timing] MontConv(dev->nonMont) 耗时: 0.053904 ms
		[Timing] VecMulOnDevice 耗时: 0.045945 ms
		[Timing] MontConv(dev->Mont) 耗时: 0.055175 ms
		[Timing] NttOnDevice 耗时: 0.061925 ms
		[Memory] Before CopyFromDevice (D2H): poly size=512 coefficients, 16384 bytes (0.02 MiB)
		[Memory] Before CopyFromDevice (D2H):
		[Before D2H] GPU memory: used=1364 MiB / total=12227 MiB (11.2%)
		[Before D2H] CPU memory: allocated=1539 MiB, total_allocated=3077 MiB, sys=3095 MiB
		[Timing] CopyFromDevice (D2H) 耗时: 0.066442 ms
		[Memory] After CopyFromDevice (D2H):
		[After D2H] GPU memory: used=1364 MiB / total=12227 MiB (11.2%)
		[After D2H] CPU memory: allocated=1539 MiB, total_allocated=3077 MiB, sys=3095 MiB
		[Timing] INttOnDevice (restore canonical) 耗时: 0.126287 ms
		[Timing] toCosetLagrange 总耗时: 0.661274 ms (0.00 s)
		[Timing] MontConv(dev->nonMont) 耗时: 0.058206 ms
		[Timing] VecMulOnDevice 耗时: 0.043812 ms
		[Timing] MontConv(dev->Mont) 耗时: 0.042433 ms
		[Timing] NttOnDevice 耗时: 0.064763 ms
		[Memory] Before CopyFromDevice (D2H): poly size=512 coefficients, 16384 bytes (0.02 MiB)
		[Memory] Before CopyFromDevice (D2H):
		[Before D2H] GPU memory: used=1364 MiB / total=12227 MiB (11.2%)
		[Before D2H] CPU memory: allocated=1539 MiB, total_allocated=3077 MiB, sys=3095 MiB
		[Timing] CopyFromDevice (D2H) 耗时: 0.059806 ms
		[Memory] After CopyFromDevice (D2H):
		[After D2H] GPU memory: used=1364 MiB / total=12227 MiB (11.2%)
		[After D2H] CPU memory: allocated=1539 MiB, total_allocated=3077 MiB, sys=3095 MiB
		[Timing] INttOnDevice (restore canonical) 耗时: 0.098194 ms
		[Timing] toCosetLagrange 总耗时: 0.652103 ms (0.00 s)
		computeNumerator() || batchApply 耗时: 11.164348 ms
		[Memory] After batchApply (toCosetLagrange):
		[After batchApply] GPU memory: <unavailable> (err=10)
		[After batchApply] CPU memory: allocated=1539 MiB, total_allocated=3077 MiB, sys=3095 MiB
		[Memory] Processed 14 polynomials
		[Memory] Processing 14 polynomials in batchApply
		[Memory] Processing poly[0] (GPU): 512 coefficients, 16384 bytes (0.02 MiB)
		[Memory] Processing poly[1] (GPU): 512 coefficients, 16384 bytes (0.02 MiB)
		[Memory] Processing poly[2] (GPU): 512 coefficients, 16384 bytes (0.02 MiB)
		[Memory] Processing poly[3] (GPU): 512 coefficients, 16384 bytes (0.02 MiB)
		[Memory] Processing poly[5] (GPU): 512 coefficients, 16384 bytes (0.02 MiB)
		[Memory] Processing poly[6] (GPU): 512 coefficients, 16384 bytes (0.02 MiB)
		[Memory] Processing poly[7] (GPU): 512 coefficients, 16384 bytes (0.02 MiB)
		[Memory] Processing poly[8] (GPU): 512 coefficients, 16384 bytes (0.02 MiB)
		[Memory] Processing poly[9] (GPU): 512 coefficients, 16384 bytes (0.02 MiB)
		[Memory] Processing poly[10] (GPU): 512 coefficients, 16384 bytes (0.02 MiB)
		[Memory] Processing poly[11] (GPU): 512 coefficients, 16384 bytes (0.02 MiB)
		[Memory] Processing poly[12] (GPU): 512 coefficients, 16384 bytes (0.02 MiB)
		[Memory] Processing poly[13] (GPU): 512 coefficients, 16384 bytes (0.02 MiB)
		[Memory] Processing poly[14] (GPU): 512 coefficients, 16384 bytes (0.02 MiB)
		[Memory] Before batchApply (toCosetLagrange):
		[Before batchApply] GPU memory: <unavailable> (err=10)
		[Before batchApply] CPU memory: allocated=1539 MiB, total_allocated=3077 MiB, sys=3095 MiB
		[Timing] MontConv(dev->nonMont) 耗时: 0.129669 ms
		[Timing] VecMulOnDevice 耗时: 0.053217 ms
		[Timing] MontConv(dev->Mont) 耗时: 0.048128 ms
		[Timing] NttOnDevice 耗时: 0.089266 ms
		[Memory] Before CopyFromDevice (D2H): poly size=512 coefficients, 16384 bytes (0.02 MiB)
		[Memory] Before CopyFromDevice (D2H):
		[Before D2H] GPU memory: used=1364 MiB / total=12227 MiB (11.2%)
		[Before D2H] CPU memory: allocated=1539 MiB, total_allocated=3077 MiB, sys=3095 MiB
		[Timing] CopyFromDevice (D2H) 耗时: 0.100967 ms
		[Memory] After CopyFromDevice (D2H):
		[After D2H] GPU memory: used=1364 MiB / total=12227 MiB (11.2%)
		[After D2H] CPU memory: allocated=1539 MiB, total_allocated=3077 MiB, sys=3095 MiB
		[Timing] INttOnDevice (restore canonical) 耗时: 0.163456 ms
		[Timing] toCosetLagrange 总耗时: 0.880161 ms (0.00 s)
		[Timing] MontConv(dev->nonMont) 耗时: 0.088510 ms
		[Timing] VecMulOnDevice 耗时: 0.076680 ms
		[Timing] MontConv(dev->Mont) 耗时: 0.067788 ms
		[Timing] NttOnDevice 耗时: 0.076218 ms
		[Memory] Before CopyFromDevice (D2H): poly size=512 coefficients, 16384 bytes (0.02 MiB)
		[Memory] Before CopyFromDevice (D2H):
		[Before D2H] GPU memory: used=1364 MiB / total=12227 MiB (11.2%)
		[Before D2H] CPU memory: allocated=1539 MiB, total_allocated=3077 MiB, sys=3095 MiB
		[Timing] CopyFromDevice (D2H) 耗时: 0.157639 ms
		[Memory] After CopyFromDevice (D2H):
		[After D2H] GPU memory: used=1364 MiB / total=12227 MiB (11.2%)
		[After D2H] CPU memory: allocated=1539 MiB, total_allocated=3077 MiB, sys=3095 MiB
		[Timing] INttOnDevice (restore canonical) 耗时: 0.090072 ms
		[Timing] toCosetLagrange 总耗时: 0.841942 ms (0.00 s)
		[Timing] MontConv(dev->nonMont) 耗时: 0.044175 ms
		[Timing] VecMulOnDevice 耗时: 0.040289 ms
		[Timing] MontConv(dev->Mont) 耗时: 0.045355 ms
		[Timing] NttOnDevice 耗时: 0.061094 ms
		[Memory] Before CopyFromDevice (D2H): poly size=512 coefficients, 16384 bytes (0.02 MiB)
		[Memory] Before CopyFromDevice (D2H):
		[Before D2H] GPU memory: used=1364 MiB / total=12227 MiB (11.2%)
		[Before D2H] CPU memory: allocated=1539 MiB, total_allocated=3077 MiB, sys=3095 MiB
		[Timing] CopyFromDevice (D2H) 耗时: 0.073156 ms
		[Memory] After CopyFromDevice (D2H):
		[After D2H] GPU memory: used=1364 MiB / total=12227 MiB (11.2%)
		[After D2H] CPU memory: allocated=1539 MiB, total_allocated=3077 MiB, sys=3095 MiB
		[Timing] INttOnDevice (restore canonical) 耗时: 0.080700 ms
		[Timing] toCosetLagrange 总耗时: 0.617614 ms (0.00 s)
		[Timing] MontConv(dev->nonMont) 耗时: 0.050185 ms
		[Timing] VecMulOnDevice 耗时: 0.040820 ms
		[Timing] MontConv(dev->Mont) 耗时: 0.038119 ms
		[Timing] NttOnDevice 耗时: 0.065461 ms
		[Memory] Before CopyFromDevice (D2H): poly size=512 coefficients, 16384 bytes (0.02 MiB)
		[Memory] Before CopyFromDevice (D2H):
		[Before D2H] GPU memory: used=1364 MiB / total=12227 MiB (11.2%)
		[Before D2H] CPU memory: allocated=1539 MiB, total_allocated=3077 MiB, sys=3095 MiB
		[Timing] CopyFromDevice (D2H) 耗时: 0.050624 ms
		[Memory] After CopyFromDevice (D2H):
		[After D2H] GPU memory: used=1364 MiB / total=12227 MiB (11.2%)
		[After D2H] CPU memory: allocated=1539 MiB, total_allocated=3077 MiB, sys=3095 MiB
		[Timing] INttOnDevice (restore canonical) 耗时: 0.092099 ms
		[Timing] toCosetLagrange 总耗时: 0.605493 ms (0.00 s)
		[Timing] MontConv(dev->nonMont) 耗时: 0.047824 ms
		[Timing] VecMulOnDevice 耗时: 0.042094 ms
		[Timing] MontConv(dev->Mont) 耗时: 0.040710 ms
		[Timing] NttOnDevice 耗时: 0.067405 ms
		[Memory] Before CopyFromDevice (D2H): poly size=512 coefficients, 16384 bytes (0.02 MiB)
		[Memory] Before CopyFromDevice (D2H):
		[Before D2H] GPU memory: used=1364 MiB / total=12227 MiB (11.2%)
		[Before D2H] CPU memory: allocated=1539 MiB, total_allocated=3077 MiB, sys=3095 MiB
		[Timing] CopyFromDevice (D2H) 耗时: 0.059680 ms
		[Memory] After CopyFromDevice (D2H):
		[After D2H] GPU memory: used=1364 MiB / total=12227 MiB (11.2%)
		[After D2H] CPU memory: allocated=1539 MiB, total_allocated=3077 MiB, sys=3095 MiB
		[Timing] INttOnDevice (restore canonical) 耗时: 0.090285 ms
		[Timing] toCosetLagrange 总耗时: 0.602478 ms (0.00 s)
		[Timing] MontConv(dev->nonMont) 耗时: 0.058466 ms
		[Timing] VecMulOnDevice 耗时: 0.104279 ms
		[Timing] MontConv(dev->Mont) 耗时: 0.068910 ms
		[Timing] NttOnDevice 耗时: 0.064742 ms
		[Memory] Before CopyFromDevice (D2H): poly size=512 coefficients, 16384 bytes (0.02 MiB)
		[Memory] Before CopyFromDevice (D2H):
		[Before D2H] GPU memory: used=1364 MiB / total=12227 MiB (11.2%)
		[Before D2H] CPU memory: allocated=1539 MiB, total_allocated=3077 MiB, sys=3095 MiB
		[Timing] CopyFromDevice (D2H) 耗时: 0.076852 ms
		[Memory] After CopyFromDevice (D2H):
		[After D2H] GPU memory: used=1364 MiB / total=12227 MiB (11.2%)
		[After D2H] CPU memory: allocated=1539 MiB, total_allocated=3077 MiB, sys=3095 MiB
		[Timing] INttOnDevice (restore canonical) 耗时: 0.158696 ms
		[Timing] toCosetLagrange 总耗时: 0.823731 ms (0.00 s)
		[Timing] MontConv(dev->nonMont) 耗时: 0.048491 ms
		[Timing] VecMulOnDevice 耗时: 0.063015 ms
		[Timing] MontConv(dev->Mont) 耗时: 0.045660 ms
		[Timing] NttOnDevice 耗时: 0.056788 ms
		[Memory] Before CopyFromDevice (D2H): poly size=512 coefficients, 16384 bytes (0.02 MiB)
		[Memory] Before CopyFromDevice (D2H):
		[Before D2H] GPU memory: used=1364 MiB / total=12227 MiB (11.2%)
		[Before D2H] CPU memory: allocated=1539 MiB, total_allocated=3077 MiB, sys=3095 MiB
		[Timing] CopyFromDevice (D2H) 耗时: 0.060912 ms
		[Memory] After CopyFromDevice (D2H):
		[After D2H] GPU memory: used=1364 MiB / total=12227 MiB (11.2%)
		[After D2H] CPU memory: allocated=1539 MiB, total_allocated=3077 MiB, sys=3095 MiB
		[Timing] INttOnDevice (restore canonical) 耗时: 0.181496 ms
		[Timing] toCosetLagrange 总耗时: 0.742341 ms (0.00 s)
		[Timing] MontConv(dev->nonMont) 耗时: 0.089938 ms
		[Timing] VecMulOnDevice 耗时: 0.076048 ms
		[Timing] MontConv(dev->Mont) 耗时: 0.071042 ms
		[Timing] NttOnDevice 耗时: 0.077444 ms
		[Memory] Before CopyFromDevice (D2H): poly size=512 coefficients, 16384 bytes (0.02 MiB)
		[Memory] Before CopyFromDevice (D2H):
		[Before D2H] GPU memory: used=1364 MiB / total=12227 MiB (11.2%)
		[Before D2H] CPU memory: allocated=1539 MiB, total_allocated=3077 MiB, sys=3095 MiB
		[Timing] CopyFromDevice (D2H) 耗时: 0.066303 ms
		[Memory] After CopyFromDevice (D2H):
		[After D2H] GPU memory: used=1364 MiB / total=12227 MiB (11.2%)
		[After D2H] CPU memory: allocated=1539 MiB, total_allocated=3077 MiB, sys=3095 MiB
		[Timing] INttOnDevice (restore canonical) 耗时: 0.102540 ms
		[Timing] toCosetLagrange 总耗时: 0.782614 ms (0.00 s)
		[Timing] MontConv(dev->nonMont) 耗时: 0.046981 ms
		[Timing] VecMulOnDevice 耗时: 0.040810 ms
		[Timing] MontConv(dev->Mont) 耗时: 0.045475 ms
		[Timing] NttOnDevice 耗时: 0.061547 ms
		[Memory] Before CopyFromDevice (D2H): poly size=512 coefficients, 16384 bytes (0.02 MiB)
		[Memory] Before CopyFromDevice (D2H):
		[Before D2H] GPU memory: used=1364 MiB / total=12227 MiB (11.2%)
		[Before D2H] CPU memory: allocated=1539 MiB, total_allocated=3077 MiB, sys=3095 MiB
		[Timing] CopyFromDevice (D2H) 耗时: 0.059635 ms
		[Memory] After CopyFromDevice (D2H):
		[After D2H] GPU memory: used=1364 MiB / total=12227 MiB (11.2%)
		[After D2H] CPU memory: allocated=1539 MiB, total_allocated=3077 MiB, sys=3095 MiB
		[Timing] INttOnDevice (restore canonical) 耗时: 0.092710 ms
		[Timing] toCosetLagrange 总耗时: 0.601777 ms (0.00 s)
		[Timing] MontConv(dev->nonMont) 耗时: 0.067477 ms
		[Timing] VecMulOnDevice 耗时: 0.047643 ms
		[Timing] MontConv(dev->Mont) 耗时: 0.044734 ms
		[Timing] NttOnDevice 耗时: 0.061794 ms
		[Memory] Before CopyFromDevice (D2H): poly size=512 coefficients, 16384 bytes (0.02 MiB)
		[Memory] Before CopyFromDevice (D2H):
		[Before D2H] GPU memory: used=1364 MiB / total=12227 MiB (11.2%)
		[Before D2H] CPU memory: allocated=1539 MiB, total_allocated=3077 MiB, sys=3095 MiB
		[Timing] CopyFromDevice (D2H) 耗时: 0.057025 ms
		[Memory] After CopyFromDevice (D2H):
		[After D2H] GPU memory: used=1364 MiB / total=12227 MiB (11.2%)
		[After D2H] CPU memory: allocated=1539 MiB, total_allocated=3077 MiB, sys=3095 MiB
		[Timing] INttOnDevice (restore canonical) 耗时: 0.096512 ms
		[Timing] toCosetLagrange 总耗时: 0.609811 ms (0.00 s)
		[Timing] MontConv(dev->nonMont) 耗时: 0.061476 ms
		[Timing] VecMulOnDevice 耗时: 0.043086 ms
		[Timing] MontConv(dev->Mont) 耗时: 0.044535 ms
		[Timing] NttOnDevice 耗时: 0.066170 ms
		[Memory] Before CopyFromDevice (D2H): poly size=512 coefficients, 16384 bytes (0.02 MiB)
		[Memory] Before CopyFromDevice (D2H):
		[Before D2H] GPU memory: used=1364 MiB / total=12227 MiB (11.2%)
		[Before D2H] CPU memory: allocated=1539 MiB, total_allocated=3077 MiB, sys=3095 MiB
		[Timing] CopyFromDevice (D2H) 耗时: 0.060610 ms
		[Memory] After CopyFromDevice (D2H):
		[After D2H] GPU memory: used=1364 MiB / total=12227 MiB (11.2%)
		[After D2H] CPU memory: allocated=1539 MiB, total_allocated=3077 MiB, sys=3095 MiB
		[Timing] INttOnDevice (restore canonical) 耗时: 0.098907 ms
		[Timing] toCosetLagrange 总耗时: 0.656230 ms (0.00 s)
		[Timing] MontConv(dev->nonMont) 耗时: 0.053230 ms
		[Timing] VecMulOnDevice 耗时: 0.049616 ms
		[Timing] MontConv(dev->Mont) 耗时: 0.039191 ms
		[Timing] NttOnDevice 耗时: 0.061794 ms
		[Memory] Before CopyFromDevice (D2H): poly size=512 coefficients, 16384 bytes (0.02 MiB)
		[Memory] Before CopyFromDevice (D2H):
		[Before D2H] GPU memory: used=1364 MiB / total=12227 MiB (11.2%)
		[Before D2H] CPU memory: allocated=1539 MiB, total_allocated=3077 MiB, sys=3095 MiB
		[Timing] CopyFromDevice (D2H) 耗时: 0.050125 ms
		[Memory] After CopyFromDevice (D2H):
		[After D2H] GPU memory: used=1364 MiB / total=12227 MiB (11.2%)
		[After D2H] CPU memory: allocated=1539 MiB, total_allocated=3077 MiB, sys=3095 MiB
		[Timing] INttOnDevice (restore canonical) 耗时: 0.078604 ms
		[Timing] toCosetLagrange 总耗时: 0.532334 ms (0.00 s)
		[Timing] MontConv(dev->nonMont) 耗时: 0.040750 ms
		[Timing] VecMulOnDevice 耗时: 0.046175 ms
		[Timing] MontConv(dev->Mont) 耗时: 0.041018 ms
		[Timing] NttOnDevice 耗时: 0.058257 ms
		[Memory] Before CopyFromDevice (D2H): poly size=512 coefficients, 16384 bytes (0.02 MiB)
		[Memory] Before CopyFromDevice (D2H):
		[Before D2H] GPU memory: used=1364 MiB / total=12227 MiB (11.2%)
		[Before D2H] CPU memory: allocated=1539 MiB, total_allocated=3077 MiB, sys=3095 MiB
		[Timing] CopyFromDevice (D2H) 耗时: 0.054265 ms
		[Memory] After CopyFromDevice (D2H):
		[After D2H] GPU memory: used=1364 MiB / total=12227 MiB (11.2%)
		[After D2H] CPU memory: allocated=1539 MiB, total_allocated=3077 MiB, sys=3095 MiB
		[Timing] INttOnDevice (restore canonical) 耗时: 0.107102 ms
		[Timing] toCosetLagrange 总耗时: 0.559232 ms (0.00 s)
		[Timing] MontConv(dev->nonMont) 耗时: 0.050929 ms
		[Timing] VecMulOnDevice 耗时: 0.060786 ms
		[Timing] MontConv(dev->Mont) 耗时: 0.043052 ms
		[Timing] NttOnDevice 耗时: 0.066593 ms
		[Memory] Before CopyFromDevice (D2H): poly size=512 coefficients, 16384 bytes (0.02 MiB)
		[Memory] Before CopyFromDevice (D2H):
		[Before D2H] GPU memory: used=1364 MiB / total=12227 MiB (11.2%)
		[Before D2H] CPU memory: allocated=1539 MiB, total_allocated=3077 MiB, sys=3095 MiB
		[Timing] CopyFromDevice (D2H) 耗时: 0.052034 ms
		[Memory] After CopyFromDevice (D2H):
		[After D2H] GPU memory: used=1364 MiB / total=12227 MiB (11.2%)
		[After D2H] CPU memory: allocated=1539 MiB, total_allocated=3077 MiB, sys=3095 MiB
		[Timing] INttOnDevice (restore canonical) 耗时: 0.085907 ms
		[Timing] toCosetLagrange 总耗时: 0.594634 ms (0.00 s)
		computeNumerator() || batchApply 耗时: 9.577234 ms
		[Memory] After batchApply (toCosetLagrange):
		[After batchApply] GPU memory: <unavailable> (err=10)
		[After batchApply] CPU memory: allocated=1539 MiB, total_allocated=3077 MiB, sys=3095 MiB
		[Memory] Processed 14 polynomials
	computeQuotient() || computeNumerator() 耗时: 49.605034 ms
		divideByZH() || parallelize divide 耗时: 0.066129 ms
		divideByZH() || ToCanonical 耗时: 0.499130 ms
	computeQuotient() || divideByZH() 耗时: 0.608936 ms
		commitToQuotient() || commit h1 开始
		commitOnGPUOrCPU() || GPU 开始
		commitOnGPUOrCPU() || GPU 开始 commitMonomial
		OnDeviceCommit() || 输入验证: nScalars=514
		OnDeviceCommit() || host 开始
		OnDeviceCommit() || host 拷贝到 device 开始 (len=514)
		OnDeviceCommit() || host 拷贝到 device 成功
		OnDeviceCommit() || MSM 配置成功 (AreScalarsMontgomeryForm=true, AreBasesMontgomeryForm=false)
		[ICICLE] active device: type=CUDA id=0
		[ICICLE] memory: used=1364 MiB / total=12227 MiB (11.2%)
		[SMI] raw="Field "cuda_version" is not a valid field to query."
		[SMI] util=3% mem=1783/12227 MiB
		OnDeviceCommit() || MSM 运行开始 (scalars=514, 期望 bases>=514)
		OnDeviceCommit() || 调用 icicle_msm.Msm() 前 [16:49:10.629504]
		OnDeviceCommit() || scalarsDev 已分配，G1Device 已就绪，outHost 已分配
		OnDeviceCommit() || 开始调用 icicle_msm.Msm()，规模=514
		OnDeviceCommit() || 检查：当前是否在 RunOnDevice 闭包内？
		OnDeviceCommit() || 当前活动设备: type=CUDA id=0
		OnDeviceCommit() || icicle_msm.Msm() 调用返回
		OnDeviceCommit() || MSM 返回时间戳: [16:49:10.636230]
		OnDeviceCommit() || MSM 返回成功状态
		OnDeviceCommit() || 调用 icicle_msm.Msm() 后，状态=EIcicleError.Success，耗时=6.730755 ms [16:49:10.636235]
		OnDeviceCommit() || MSM 运行成功
		OnDeviceCommit() || 开始转换 Projective -> Affine
		OnDeviceCommit() || blsProjectiveToGnarkAffine 成功
		OnDeviceCommit() || 完成，返回结果
		commitOnGPUOrCPU() || GPU 成功
		commitToQuotient() || commit h1 耗时: 181.710555 ms
		commitOnGPUOrCPU() || GPU 开始
		commitOnGPUOrCPU() || GPU 开始 commitMonomial
		OnDeviceCommit() || 输入验证: nScalars=514
		OnDeviceCommit() || host 开始
		OnDeviceCommit() || host 拷贝到 device 开始 (len=514)
		OnDeviceCommit() || host 拷贝到 device 成功
		OnDeviceCommit() || MSM 配置成功 (AreScalarsMontgomeryForm=true, AreBasesMontgomeryForm=false)
		[ICICLE] active device: type=CUDA id=0
		[ICICLE] memory: used=1364 MiB / total=12227 MiB (11.2%)
		[SMI] raw="Field "cuda_version" is not a valid field to query."
		[SMI] util=3% mem=1782/12227 MiB
		OnDeviceCommit() || MSM 运行开始 (scalars=514, 期望 bases>=514)
		OnDeviceCommit() || 调用 icicle_msm.Msm() 前 [16:49:10.818128]
		OnDeviceCommit() || scalarsDev 已分配，G1Device 已就绪，outHost 已分配
		OnDeviceCommit() || 开始调用 icicle_msm.Msm()，规模=514
		OnDeviceCommit() || 检查：当前是否在 RunOnDevice 闭包内？
		OnDeviceCommit() || 当前活动设备: type=CUDA id=0
		OnDeviceCommit() || icicle_msm.Msm() 调用返回
		OnDeviceCommit() || MSM 返回时间戳: [16:49:10.823786]
		OnDeviceCommit() || MSM 返回成功状态
		OnDeviceCommit() || 调用 icicle_msm.Msm() 后，状态=EIcicleError.Success，耗时=5.661586 ms [16:49:10.823790]
		OnDeviceCommit() || MSM 运行成功
		OnDeviceCommit() || 开始转换 Projective -> Affine
		OnDeviceCommit() || blsProjectiveToGnarkAffine 成功
		OnDeviceCommit() || 完成，返回结果
		commitOnGPUOrCPU() || GPU 成功
		commitToQuotient() || commit h2 耗时: 187.035448 ms
		commitOnGPUOrCPU() || GPU 开始
		commitOnGPUOrCPU() || GPU 开始 commitMonomial
		OnDeviceCommit() || 输入验证: nScalars=514
		OnDeviceCommit() || host 开始
		OnDeviceCommit() || host 拷贝到 device 开始 (len=514)
		OnDeviceCommit() || host 拷贝到 device 成功
		OnDeviceCommit() || MSM 配置成功 (AreScalarsMontgomeryForm=true, AreBasesMontgomeryForm=false)
		[ICICLE] active device: type=CUDA id=0
		[ICICLE] memory: used=1364 MiB / total=12227 MiB (11.2%)
		[SMI] raw="Field "cuda_version" is not a valid field to query."
		[SMI] util=3% mem=1782/12227 MiB
		OnDeviceCommit() || MSM 运行开始 (scalars=514, 期望 bases>=514)
		OnDeviceCommit() || 调用 icicle_msm.Msm() 前 [16:49:10.999483]
		OnDeviceCommit() || scalarsDev 已分配，G1Device 已就绪，outHost 已分配
		OnDeviceCommit() || 开始调用 icicle_msm.Msm()，规模=514
		OnDeviceCommit() || 检查：当前是否在 RunOnDevice 闭包内？
		OnDeviceCommit() || 当前活动设备: type=CUDA id=0
		OnDeviceCommit() || icicle_msm.Msm() 调用返回
		OnDeviceCommit() || MSM 返回时间戳: [16:49:11.006515]
		OnDeviceCommit() || MSM 返回成功状态
		OnDeviceCommit() || 调用 icicle_msm.Msm() 后，状态=EIcicleError.Success，耗时=7.036471 ms [16:49:11.006520]
		OnDeviceCommit() || MSM 运行成功
		OnDeviceCommit() || 开始转换 Projective -> Affine
		OnDeviceCommit() || blsProjectiveToGnarkAffine 成功
		OnDeviceCommit() || 完成，返回结果
		commitOnGPUOrCPU() || GPU 成功
		commitToQuotient() || commit h3 耗时: 182.720780 ms
	computeQuotient() || commitToQuotient() 耗时: 551.472269 ms
	computeQuotient() || deriveZeta() & clean up 耗时: 0.083510 ms
prove() -> computeQuotient 耗时: 3020.646636ms
		openZ() || wait for H to be committed and zeta to be derived 耗时: 3020.655363ms
		openZ() || getBlindedCoefficients 耗时: 0.005171ms
		OnDeviceCommit() || 输入验证: nScalars=514
		OnDeviceCommit() || host 开始
		OnDeviceCommit() || host 拷贝到 device 开始 (len=514)
		OnDeviceCommit() || host 拷贝到 device 成功
		OnDeviceCommit() || MSM 配置成功 (AreScalarsMontgomeryForm=true, AreBasesMontgomeryForm=false)
		[ICICLE] active device: type=CUDA id=0
		computeLinearizedPolynomial() || wait for H to be committed and zeta to be derived 耗时: 3021.014022ms
		[ICICLE] memory: used=1364 MiB / total=12227 MiB (11.2%)
		[SMI] raw="Field "cuda_version" is not a valid field to query."
		[SMI] util=5% mem=1778/12227 MiB
		OnDeviceCommit() || MSM 运行开始 (scalars=514, 期望 bases>=514)
		OnDeviceCommit() || 调用 icicle_msm.Msm() 前 [16:49:11.178050]
		OnDeviceCommit() || scalarsDev 已分配，G1Device 已就绪，outHost 已分配
		OnDeviceCommit() || 开始调用 icicle_msm.Msm()，规模=514
		OnDeviceCommit() || 检查：当前是否在 RunOnDevice 闭包内？
		OnDeviceCommit() || 当前活动设备: type=CUDA id=0
		OnDeviceCommit() || icicle_msm.Msm() 调用返回
		OnDeviceCommit() || MSM 返回时间戳: [16:49:11.184101]
		OnDeviceCommit() || MSM 返回成功状态
		OnDeviceCommit() || 调用 icicle_msm.Msm() 后，状态=EIcicleError.Success，耗时=6.056987 ms [16:49:11.184107]
		OnDeviceCommit() || MSM 运行成功
		OnDeviceCommit() || 开始转换 Projective -> Affine
		OnDeviceCommit() || blsProjectiveToGnarkAffine 成功
		OnDeviceCommit() || 完成，返回结果
		openZ() || Open 耗时: 177.484639ms
prove() -> openZ 耗时: 3198.156684ms
		computeLinearizedPolynomial() || innerComputeLinearizedPoly 耗时: 177.414097ms
		commitOnGPUOrCPU() || GPU 开始
		commitOnGPUOrCPU() || GPU 开始 commitMonomial
		OnDeviceCommit() || 输入验证: nScalars=515
		OnDeviceCommit() || host 开始
		OnDeviceCommit() || host 拷贝到 device 开始 (len=515)
		OnDeviceCommit() || host 拷贝到 device 成功
		OnDeviceCommit() || MSM 配置成功 (AreScalarsMontgomeryForm=true, AreBasesMontgomeryForm=false)
		[ICICLE] active device: type=CUDA id=0
		[ICICLE] memory: used=1364 MiB / total=12227 MiB (11.2%)
		[SMI] raw="Field "cuda_version" is not a valid field to query."
		[SMI] util=3% mem=1778/12227 MiB
		OnDeviceCommit() || MSM 运行开始 (scalars=515, 期望 bases>=515)
		OnDeviceCommit() || 调用 icicle_msm.Msm() 前 [16:49:11.357767]
		OnDeviceCommit() || scalarsDev 已分配，G1Device 已就绪，outHost 已分配
		OnDeviceCommit() || 开始调用 icicle_msm.Msm()，规模=515
		OnDeviceCommit() || 检查：当前是否在 RunOnDevice 闭包内？
		OnDeviceCommit() || 当前活动设备: type=CUDA id=0
		OnDeviceCommit() || icicle_msm.Msm() 调用返回
		OnDeviceCommit() || MSM 返回时间戳: [16:49:11.364147]
		OnDeviceCommit() || MSM 返回成功状态
		OnDeviceCommit() || 调用 icicle_msm.Msm() 后，状态=EIcicleError.Success，耗时=6.383948 ms [16:49:11.364151]
		OnDeviceCommit() || MSM 运行成功
		OnDeviceCommit() || 开始转换 Projective -> Affine
		OnDeviceCommit() || blsProjectiveToGnarkAffine 成功
		OnDeviceCommit() || 完成，返回结果
		commitOnGPUOrCPU() || GPU 成功
		computeLinearizedPolynomial() || kzg.Commit 耗时: 179.904312 ms
prove() -> computeLinearizedPolynomial 耗时: 3378.375199ms
		batchOpening() || wait for linearizedPolynomial 耗时: 3378.391892ms
		batchOpening() || prepare polysToOpen and digestsToOpen 耗时: 0.005784ms
		commitOnGPUOrCPU() || GPU 开始
		commitOnGPUOrCPU() || GPU 开始 commitMonomial
		OnDeviceCommit() || 输入验证: nScalars=514
		OnDeviceCommit() || host 开始
		OnDeviceCommit() || host 拷贝到 device 开始 (len=514)
		OnDeviceCommit() || host 拷贝到 device 成功
		OnDeviceCommit() || MSM 配置成功 (AreScalarsMontgomeryForm=true, AreBasesMontgomeryForm=false)
		[ICICLE] active device: type=CUDA id=0
		[ICICLE] memory: used=1364 MiB / total=12227 MiB (11.2%)
		[SMI] raw="Field "cuda_version" is not a valid field to query."
		[SMI] util=3% mem=1778/12227 MiB
		OnDeviceCommit() || MSM 运行开始 (scalars=514, 期望 bases>=514)
		OnDeviceCommit() || 调用 icicle_msm.Msm() 前 [16:49:11.543366]
		OnDeviceCommit() || scalarsDev 已分配，G1Device 已就绪，outHost 已分配
		OnDeviceCommit() || 开始调用 icicle_msm.Msm()，规模=514
		OnDeviceCommit() || 检查：当前是否在 RunOnDevice 闭包内？
		OnDeviceCommit() || 当前活动设备: type=CUDA id=0
		OnDeviceCommit() || icicle_msm.Msm() 调用返回
		OnDeviceCommit() || MSM 返回时间戳: [16:49:11.549298]
		OnDeviceCommit() || MSM 返回成功状态
		OnDeviceCommit() || 调用 icicle_msm.Msm() 后，状态=EIcicleError.Success，耗时=5.935954 ms [16:49:11.549302]
		OnDeviceCommit() || MSM 运行成功
		OnDeviceCommit() || 开始转换 Projective -> Affine
		OnDeviceCommit() || blsProjectiveToGnarkAffine 成功
		OnDeviceCommit() || 完成，返回结果
		commitOnGPUOrCPU() || GPU 成功
		batchOpening() || BatchOpenSinglePoint 耗时: 185.229049ms
prove() -> batchOpening 耗时: 3563.640379ms
prove() -> prove() 总耗时: 3563.976032ms
prove inner 耗时: 6147.125952 ms
verify inner 耗时: 3.339833 ms
assemble Poseidon2-FS inputs 耗时: 0.997425 ms
compile outer(frontend.Compile) 耗时: 3308.773131 ms
[outer] nbConstraints=6312221 nbPublic=4 nbSecret=168
solve outer 耗时: 2097.658871ms
outer circuit solved
compile outer(pkOuter.Compile) 耗时: 28217.902506 ms
[INFO] ICICLE backend loaded from $ICICLE_BACKEND_INSTALL_DIR=/usr/local/lib/backend
		[Memory] Before CopyToDevice G1:
		[Before] GPU memory: used=1364 MiB / total=12227 MiB (11.2%)
		[Before] CPU memory: allocated=3841 MiB, total_allocated=31085 MiB, sys=10242 MiB
		[Memory] G1 data size: 8388611 elements, 805306656 bytes (768.00 MiB)
		[Memory] After CopyToDevice G1:
		[After G1] GPU memory: used=2134 MiB / total=12227 MiB (17.5%)
		[After G1] CPU memory: allocated=3841 MiB, total_allocated=31085 MiB, sys=10242 MiB
		[Memory] G1Lagrange data size: 8388608 elements, 805306368 bytes (768.00 MiB)
		[Memory] After CopyToDevice G1Lagrange:
		[After G1Lagrange] GPU memory: used=2902 MiB / total=12227 MiB (23.7%)
		[After G1Lagrange] CPU memory: allocated=3841 MiB, total_allocated=31085 MiB, sys=10242 MiB
		[Memory] Before CopyToDevice tables:
		[Before Tables] GPU memory: used=2902 MiB / total=12227 MiB (23.7%)
		[Before Tables] CPU memory: allocated=3089 MiB, total_allocated=32125 MiB, sys=10242 MiB
		[Memory] cosetTable size: 8388608 elements, 268435456 bytes (256.00 MiB)
		[Memory] After CopyToDevice cosetTable:
		[After cosetTable] GPU memory: used=3158 MiB / total=12227 MiB (25.8%)
		[After cosetTable] CPU memory: allocated=3089 MiB, total_allocated=32125 MiB, sys=10242 MiB
		[Memory] cosetTableRev size: 8388608 elements, 268435456 bytes (256.00 MiB)
		[Memory] After CopyToDevice cosetTableRev:
		[After cosetTableRev] GPU memory: used=3414 MiB / total=12227 MiB (27.9%)
		[After cosetTableRev] CPU memory: allocated=3089 MiB, total_allocated=32125 MiB, sys=10242 MiB
		[Memory] BigTwiddlesN size: 8388608 elements, 268435456 bytes (256.00 MiB)
		[Memory] After CopyToDevice BigTwiddlesN:
		[After BigTwiddlesN] GPU memory: used=3670 MiB / total=12227 MiB (30.0%)
		[After BigTwiddlesN] CPU memory: allocated=3089 MiB, total_allocated=32125 MiB, sys=10242 MiB
		[Memory] BigTwiddlesNRev size: 8388608 elements, 268435456 bytes (256.00 MiB)
		[Memory] After CopyToDevice BigTwiddlesNRev:
		[After BigTwiddlesNRev] GPU memory: used=3926 MiB / total=12227 MiB (32.1%)
		[After BigTwiddlesNRev] CPU memory: allocated=3089 MiB, total_allocated=32125 MiB, sys=10242 MiB
		[Memory] After all CopyToDevice operations:
		[Final] GPU memory: used=3926 MiB / total=12227 MiB (32.1%)
		[Final] CPU memory: allocated=3089 MiB, total_allocated=32125 MiB, sys=10242 MiB
prove() -> icicle device setup 耗时: 2189.143142ms
prove() -> initBlindingPolynomials 耗时: 0.017009ms
		commitOnGPUOrCPU() || GPU 开始
		commitOnGPUOrCPU() || GPU 开始 commitLagrange
		OnDeviceCommit() || 输入验证: nScalars=8388608
		OnDeviceCommit() || host 开始
		OnDeviceCommit() || host 拷贝到 device 开始 (len=8388608)
		OnDeviceCommit() || host 拷贝到 device 成功
		OnDeviceCommit() || MSM 配置成功 (AreScalarsMontgomeryForm=true, AreBasesMontgomeryForm=false)
		[ICICLE] active device: type=CUDA id=0
		[ICICLE] memory: used=4182 MiB / total=12227 MiB (34.2%)
		[SMI] raw="Field "cuda_version" is not a valid field to query."
		[SMI] util=8% mem=4586/12227 MiB
		OnDeviceCommit() || MSM 运行开始 (scalars=8388608, 期望 bases>=8388608)
		OnDeviceCommit() || 调用 icicle_msm.Msm() 前 [16:49:51.622185]
		OnDeviceCommit() || scalarsDev 已分配，G1Device 已就绪，outHost 已分配
		OnDeviceCommit() || 开始调用 icicle_msm.Msm()，规模=8388608
		OnDeviceCommit() || 检查：当前是否在 RunOnDevice 闭包内？
		OnDeviceCommit() || 当前活动设备: type=CUDA id=0
		OnDeviceCommit() || icicle_msm.Msm() 调用返回
		OnDeviceCommit() || MSM 返回时间戳: [16:49:51.707670]
		OnDeviceCommit() || MSM 返回成功状态
		OnDeviceCommit() || 调用 icicle_msm.Msm() 后，状态=EIcicleError.Success，耗时=85.638565 ms [16:49:51.707824]
		OnDeviceCommit() || MSM 运行成功
		OnDeviceCommit() || 开始转换 Projective -> Affine
		OnDeviceCommit() || blsProjectiveToGnarkAffine 成功
		OnDeviceCommit() || 完成，返回结果
		commitOnGPUOrCPU() || GPU 成功
	solveConstraints() || s.spr.Solve() (L, R, O) 耗时: 2223.503845 ms
	solveConstraints() || sets x[id_L], x[id_R], x[id_O] 耗时: 0.050438 ms
		commitOnGPUOrCPU() || GPU 开始
		commitOnGPUOrCPU() || GPU 开始 commitLagrange
		OnDeviceCommit() || 输入验证: nScalars=8388608
		OnDeviceCommit() || host 开始
		OnDeviceCommit() || host 拷贝到 device 开始 (len=8388608)
		OnDeviceCommit() || host 拷贝到 device 成功
		OnDeviceCommit() || MSM 配置成功 (AreScalarsMontgomeryForm=true, AreBasesMontgomeryForm=false)
		[ICICLE] active device: type=CUDA id=0
		[ICICLE] memory: used=4182 MiB / total=12227 MiB (34.2%)
		[SMI] raw="Field "cuda_version" is not a valid field to query."
		[SMI] util=8% mem=4586/12227 MiB
		OnDeviceCommit() || MSM 运行开始 (scalars=8388608, 期望 bases>=8388608)
		OnDeviceCommit() || 调用 icicle_msm.Msm() 前 [16:49:52.867330]
		OnDeviceCommit() || scalarsDev 已分配，G1Device 已就绪，outHost 已分配
		OnDeviceCommit() || 开始调用 icicle_msm.Msm()，规模=8388608
		OnDeviceCommit() || 检查：当前是否在 RunOnDevice 闭包内？
		OnDeviceCommit() || 当前活动设备: type=CUDA id=0
		OnDeviceCommit() || icicle_msm.Msm() 调用返回
		OnDeviceCommit() || MSM 返回时间戳: [16:49:52.970002]
		OnDeviceCommit() || MSM 返回成功状态
		OnDeviceCommit() || 调用 icicle_msm.Msm() 后，状态=EIcicleError.Success，耗时=102.679628 ms [16:49:52.970009]
		OnDeviceCommit() || MSM 运行成功
		OnDeviceCommit() || 开始转换 Projective -> Affine
		OnDeviceCommit() || blsProjectiveToGnarkAffine 成功
		OnDeviceCommit() || 完成，返回结果
		commitOnGPUOrCPU() || GPU 成功
			commitToPolyAndBlinding() -> commit to p 耗时: 342.129718ms
		OnDeviceCommit() || 输入验证: nScalars=2
		OnDeviceCommit() || host 开始
		OnDeviceCommit() || host 拷贝到 device 开始 (len=2)
		OnDeviceCommit() || host 拷贝到 device 成功
		OnDeviceCommit() || MSM 配置成功 (AreScalarsMontgomeryForm=true, AreBasesMontgomeryForm=false)
		[ICICLE] active device: type=CUDA id=0
		[ICICLE] memory: used=3926 MiB / total=12227 MiB (32.1%)
		[SMI] raw="Field "cuda_version" is not a valid field to query."
		[SMI] util=41% mem=4330/12227 MiB
		OnDeviceCommit() || MSM 运行开始 (scalars=2, 期望 bases>=2)
		OnDeviceCommit() || 调用 icicle_msm.Msm() 前 [16:49:53.151495]
		OnDeviceCommit() || scalarsDev 已分配，G1Device 已就绪，outHost 已分配
		OnDeviceCommit() || 开始调用 icicle_msm.Msm()，规模=2
		OnDeviceCommit() || 检查：当前是否在 RunOnDevice 闭包内？
		OnDeviceCommit() || 当前活动设备: type=CUDA id=0
		OnDeviceCommit() || icicle_msm.Msm() 调用返回
		OnDeviceCommit() || MSM 返回时间戳: [16:49:53.157437]
		OnDeviceCommit() || MSM 返回成功状态
		OnDeviceCommit() || 调用 icicle_msm.Msm() 后，状态=EIcicleError.Success，耗时=5.945488 ms [16:49:53.157441]
		OnDeviceCommit() || MSM 运行成功
		OnDeviceCommit() || 开始转换 Projective -> Affine
		OnDeviceCommit() || blsProjectiveToGnarkAffine 成功
		OnDeviceCommit() || 完成，返回结果
		OnDeviceCommit() || 输入验证: nScalars=2
		OnDeviceCommit() || host 开始
		OnDeviceCommit() || host 拷贝到 device 开始 (len=2)
		OnDeviceCommit() || host 拷贝到 device 成功
		OnDeviceCommit() || MSM 配置成功 (AreScalarsMontgomeryForm=true, AreBasesMontgomeryForm=false)
		[ICICLE] active device: type=CUDA id=0
		[ICICLE] memory: used=3926 MiB / total=12227 MiB (32.1%)
		[SMI] raw="Field "cuda_version" is not a valid field to query."
		[SMI] util=3% mem=4333/12227 MiB
		OnDeviceCommit() || MSM 运行开始 (scalars=2, 期望 bases>=2)
		OnDeviceCommit() || 调用 icicle_msm.Msm() 前 [16:49:53.341480]
		OnDeviceCommit() || scalarsDev 已分配，G1Device 已就绪，outHost 已分配
		OnDeviceCommit() || 开始调用 icicle_msm.Msm()，规模=2
		OnDeviceCommit() || 检查：当前是否在 RunOnDevice 闭包内？
		OnDeviceCommit() || 当前活动设备: type=CUDA id=0
		OnDeviceCommit() || icicle_msm.Msm() 调用返回
		OnDeviceCommit() || MSM 返回时间戳: [16:49:53.347713]
		OnDeviceCommit() || MSM 返回成功状态
		OnDeviceCommit() || 调用 icicle_msm.Msm() 后，状态=EIcicleError.Success，耗时=6.238118 ms [16:49:53.347718]
		OnDeviceCommit() || MSM 运行成功
		OnDeviceCommit() || 开始转换 Projective -> Affine
		OnDeviceCommit() || blsProjectiveToGnarkAffine 成功
		OnDeviceCommit() || 完成，返回结果
			commitToPolyAndBlinding() -> commit to b 耗时: 376.260037ms
			commitToPolyAndBlinding() -> commit_p + commit_b 耗时: 0.003974ms
		commitToLRO() || commitToPolyAndBlinding(s.x[id_L], s.bp[id_Bl]) LRO[0] 耗时: 718.399318ms
		commitOnGPUOrCPU() || GPU 开始
		commitOnGPUOrCPU() || GPU 开始 commitLagrange
		OnDeviceCommit() || 输入验证: nScalars=8388608
		OnDeviceCommit() || host 开始
		OnDeviceCommit() || host 拷贝到 device 开始 (len=8388608)
		OnDeviceCommit() || host 拷贝到 device 成功
		OnDeviceCommit() || MSM 配置成功 (AreScalarsMontgomeryForm=true, AreBasesMontgomeryForm=false)
		[ICICLE] active device: type=CUDA id=0
		[ICICLE] memory: used=4182 MiB / total=12227 MiB (34.2%)
		[SMI] raw="Field "cuda_version" is not a valid field to query."
		[SMI] util=10% mem=4589/12227 MiB
		OnDeviceCommit() || MSM 运行开始 (scalars=8388608, 期望 bases>=8388608)
		OnDeviceCommit() || 调用 icicle_msm.Msm() 前 [16:49:53.563904]
		OnDeviceCommit() || scalarsDev 已分配，G1Device 已就绪，outHost 已分配
		OnDeviceCommit() || 开始调用 icicle_msm.Msm()，规模=8388608
		OnDeviceCommit() || 检查：当前是否在 RunOnDevice 闭包内？
		OnDeviceCommit() || 当前活动设备: type=CUDA id=0
		OnDeviceCommit() || icicle_msm.Msm() 调用返回
		OnDeviceCommit() || MSM 返回时间戳: [16:49:53.678497]
		OnDeviceCommit() || MSM 返回成功状态
		OnDeviceCommit() || 调用 icicle_msm.Msm() 后，状态=EIcicleError.Success，耗时=114.599604 ms [16:49:53.678504]
		OnDeviceCommit() || MSM 运行成功
		OnDeviceCommit() || 开始转换 Projective -> Affine
		OnDeviceCommit() || blsProjectiveToGnarkAffine 成功
		OnDeviceCommit() || 完成，返回结果
		commitOnGPUOrCPU() || GPU 成功
			commitToPolyAndBlinding() -> commit to p 耗时: 332.116677ms
		OnDeviceCommit() || 输入验证: nScalars=2
		OnDeviceCommit() || host 开始
		OnDeviceCommit() || host 拷贝到 device 开始 (len=2)
		OnDeviceCommit() || host 拷贝到 device 成功
		OnDeviceCommit() || MSM 配置成功 (AreScalarsMontgomeryForm=true, AreBasesMontgomeryForm=false)
		[ICICLE] active device: type=CUDA id=0
		[ICICLE] memory: used=3926 MiB / total=12227 MiB (32.1%)
		[SMI] raw="Field "cuda_version" is not a valid field to query."
		[SMI] util=31% mem=4330/12227 MiB
		OnDeviceCommit() || MSM 运行开始 (scalars=2, 期望 bases>=2)
		OnDeviceCommit() || 调用 icicle_msm.Msm() 前 [16:49:53.862177]
		OnDeviceCommit() || scalarsDev 已分配，G1Device 已就绪，outHost 已分配
		OnDeviceCommit() || 开始调用 icicle_msm.Msm()，规模=2
		OnDeviceCommit() || 检查：当前是否在 RunOnDevice 闭包内？
		OnDeviceCommit() || 当前活动设备: type=CUDA id=0
		OnDeviceCommit() || icicle_msm.Msm() 调用返回
		OnDeviceCommit() || MSM 返回时间戳: [16:49:53.868162]
		OnDeviceCommit() || MSM 返回成功状态
		OnDeviceCommit() || 调用 icicle_msm.Msm() 后，状态=EIcicleError.Success，耗时=5.989762 ms [16:49:53.868166]
		OnDeviceCommit() || MSM 运行成功
		OnDeviceCommit() || 开始转换 Projective -> Affine
		OnDeviceCommit() || blsProjectiveToGnarkAffine 成功
		OnDeviceCommit() || 完成，返回结果
		OnDeviceCommit() || 输入验证: nScalars=2
		OnDeviceCommit() || host 开始
		OnDeviceCommit() || host 拷贝到 device 开始 (len=2)
		OnDeviceCommit() || host 拷贝到 device 成功
		OnDeviceCommit() || MSM 配置成功 (AreScalarsMontgomeryForm=true, AreBasesMontgomeryForm=false)
		[ICICLE] active device: type=CUDA id=0
		[ICICLE] memory: used=3926 MiB / total=12227 MiB (32.1%)
		[SMI] raw="Field "cuda_version" is not a valid field to query."
		[SMI] util=3% mem=4330/12227 MiB
		OnDeviceCommit() || MSM 运行开始 (scalars=2, 期望 bases>=2)
		OnDeviceCommit() || 调用 icicle_msm.Msm() 前 [16:49:54.046754]
		OnDeviceCommit() || scalarsDev 已分配，G1Device 已就绪，outHost 已分配
		OnDeviceCommit() || 开始调用 icicle_msm.Msm()，规模=2
		OnDeviceCommit() || 检查：当前是否在 RunOnDevice 闭包内？
		OnDeviceCommit() || 当前活动设备: type=CUDA id=0
		OnDeviceCommit() || icicle_msm.Msm() 调用返回
		OnDeviceCommit() || MSM 返回时间戳: [16:49:54.053019]
		OnDeviceCommit() || MSM 返回成功状态
		OnDeviceCommit() || 调用 icicle_msm.Msm() 后，状态=EIcicleError.Success，耗时=6.269143 ms [16:49:54.053023]
		OnDeviceCommit() || MSM 运行成功
		OnDeviceCommit() || 开始转换 Projective -> Affine
		OnDeviceCommit() || blsProjectiveToGnarkAffine 成功
		OnDeviceCommit() || 完成，返回结果
			commitToPolyAndBlinding() -> commit to b 耗时: 373.175702ms
			commitToPolyAndBlinding() -> commit_p + commit_b 耗时: 0.004088ms
		commitToLRO() || commitToPolyAndBlinding(s.x[id_R], s.bp[id_Br]) LRO[1] 耗时: 705.309163ms
		commitOnGPUOrCPU() || GPU 开始
		commitOnGPUOrCPU() || GPU 开始 commitLagrange
		OnDeviceCommit() || 输入验证: nScalars=8388608
		OnDeviceCommit() || host 开始
		OnDeviceCommit() || host 拷贝到 device 开始 (len=8388608)
		OnDeviceCommit() || host 拷贝到 device 成功
		OnDeviceCommit() || MSM 配置成功 (AreScalarsMontgomeryForm=true, AreBasesMontgomeryForm=false)
		[ICICLE] active device: type=CUDA id=0
		[ICICLE] memory: used=4182 MiB / total=12227 MiB (34.2%)
		[SMI] raw="Field "cuda_version" is not a valid field to query."
		[SMI] util=9% mem=4586/12227 MiB
		OnDeviceCommit() || MSM 运行开始 (scalars=8388608, 期望 bases>=8388608)
		OnDeviceCommit() || 调用 icicle_msm.Msm() 前 [16:49:54.269293]
		OnDeviceCommit() || scalarsDev 已分配，G1Device 已就绪，outHost 已分配
		OnDeviceCommit() || 开始调用 icicle_msm.Msm()，规模=8388608
		OnDeviceCommit() || 检查：当前是否在 RunOnDevice 闭包内？
		OnDeviceCommit() || 当前活动设备: type=CUDA id=0
		OnDeviceCommit() || icicle_msm.Msm() 调用返回
		OnDeviceCommit() || MSM 返回时间戳: [16:49:54.369940]
		OnDeviceCommit() || MSM 返回成功状态
		OnDeviceCommit() || 调用 icicle_msm.Msm() 后，状态=EIcicleError.Success，耗时=100.653930 ms [16:49:54.369947]
		OnDeviceCommit() || MSM 运行成功
		OnDeviceCommit() || 开始转换 Projective -> Affine
		OnDeviceCommit() || blsProjectiveToGnarkAffine 成功
		OnDeviceCommit() || 完成，返回结果
		commitOnGPUOrCPU() || GPU 成功
			commitToPolyAndBlinding() -> commit to p 耗时: 318.356559ms
		OnDeviceCommit() || 输入验证: nScalars=2
		OnDeviceCommit() || host 开始
		OnDeviceCommit() || host 拷贝到 device 开始 (len=2)
		OnDeviceCommit() || host 拷贝到 device 成功
		OnDeviceCommit() || MSM 配置成功 (AreScalarsMontgomeryForm=true, AreBasesMontgomeryForm=false)
		[ICICLE] active device: type=CUDA id=0
		[ICICLE] memory: used=3926 MiB / total=12227 MiB (32.1%)
		[SMI] raw="Field "cuda_version" is not a valid field to query."
		[SMI] util=41% mem=4330/12227 MiB
		OnDeviceCommit() || MSM 运行开始 (scalars=2, 期望 bases>=2)
		OnDeviceCommit() || 调用 icicle_msm.Msm() 前 [16:49:54.542738]
		OnDeviceCommit() || scalarsDev 已分配，G1Device 已就绪，outHost 已分配
		OnDeviceCommit() || 开始调用 icicle_msm.Msm()，规模=2
		OnDeviceCommit() || 检查：当前是否在 RunOnDevice 闭包内？
		OnDeviceCommit() || 当前活动设备: type=CUDA id=0
		OnDeviceCommit() || icicle_msm.Msm() 调用返回
		OnDeviceCommit() || MSM 返回时间戳: [16:49:54.548529]
		OnDeviceCommit() || MSM 返回成功状态
		OnDeviceCommit() || 调用 icicle_msm.Msm() 后，状态=EIcicleError.Success，耗时=5.794950 ms [16:49:54.548533]
		OnDeviceCommit() || MSM 运行成功
		OnDeviceCommit() || 开始转换 Projective -> Affine
		OnDeviceCommit() || blsProjectiveToGnarkAffine 成功
		OnDeviceCommit() || 完成，返回结果
		OnDeviceCommit() || 输入验证: nScalars=2
		OnDeviceCommit() || host 开始
		OnDeviceCommit() || host 拷贝到 device 开始 (len=2)
		OnDeviceCommit() || host 拷贝到 device 成功
		OnDeviceCommit() || MSM 配置成功 (AreScalarsMontgomeryForm=true, AreBasesMontgomeryForm=false)
		[ICICLE] active device: type=CUDA id=0
		[ICICLE] memory: used=3926 MiB / total=12227 MiB (32.1%)
		[SMI] raw="Field "cuda_version" is not a valid field to query."
		[SMI] util=2% mem=4330/12227 MiB
		OnDeviceCommit() || MSM 运行开始 (scalars=2, 期望 bases>=2)
		OnDeviceCommit() || 调用 icicle_msm.Msm() 前 [16:49:54.726301]
		OnDeviceCommit() || scalarsDev 已分配，G1Device 已就绪，outHost 已分配
		OnDeviceCommit() || 开始调用 icicle_msm.Msm()，规模=2
		OnDeviceCommit() || 检查：当前是否在 RunOnDevice 闭包内？
		OnDeviceCommit() || 当前活动设备: type=CUDA id=0
		OnDeviceCommit() || icicle_msm.Msm() 调用返回
		OnDeviceCommit() || MSM 返回时间戳: [16:49:54.732165]
		OnDeviceCommit() || MSM 返回成功状态
		OnDeviceCommit() || 调用 icicle_msm.Msm() 后，状态=EIcicleError.Success，耗时=5.868805 ms [16:49:54.732169]
		OnDeviceCommit() || MSM 运行成功
		OnDeviceCommit() || 开始转换 Projective -> Affine
		OnDeviceCommit() || blsProjectiveToGnarkAffine 成功
		OnDeviceCommit() || 完成，返回结果
			commitToPolyAndBlinding() -> commit to b 耗时: 360.770346ms
			commitToPolyAndBlinding() -> commit_p + commit_b 耗时: 0.005349ms
		commitToLRO() || commitToPolyAndBlinding(s.x[id_O], s.bp[id_Bo]) LRO[2] 耗时: 679.146327ms
	solveConstraints() || commitToLRO() 耗时: 2102.859463 ms
prove() -> solveConstraints 耗时: 4326.473882ms
		completeQk() || wait for solver to be done 耗时: 4178.538892ms
		computeQuotient() || wait for solver to be done 耗时: 4204.725397ms
		deriveGammaAndBeta() || wait for LRO to be committed 耗时: 4323.419600ms
prove() -> completeQk 耗时: 4326.848825ms
prove() -> deriveGammaAndBeta 耗时: 4323.765524ms
		buildRatioCopyConstraint() || wait for gamma and beta to be derived 耗时: 4326.857197ms
		buildRatioCopyConstraint() || iop.BuildRatioCopyConstraint 耗时: 1721.444893ms
		commitOnGPUOrCPU() || GPU 开始
		commitOnGPUOrCPU() || GPU 开始 commitLagrange
		OnDeviceCommit() || 输入验证: nScalars=8388608
		OnDeviceCommit() || host 开始
		OnDeviceCommit() || host 拷贝到 device 开始 (len=8388608)
		OnDeviceCommit() || host 拷贝到 device 成功
		OnDeviceCommit() || MSM 配置成功 (AreScalarsMontgomeryForm=true, AreBasesMontgomeryForm=false)
		[ICICLE] active device: type=CUDA id=0
		[ICICLE] memory: used=4182 MiB / total=12227 MiB (34.2%)
		[SMI] raw="Field "cuda_version" is not a valid field to query."
		[SMI] util=8% mem=4586/12227 MiB
		OnDeviceCommit() || MSM 运行开始 (scalars=8388608, 期望 bases>=8388608)
		OnDeviceCommit() || 调用 icicle_msm.Msm() 前 [16:49:56.675205]
		OnDeviceCommit() || scalarsDev 已分配，G1Device 已就绪，outHost 已分配
		OnDeviceCommit() || 开始调用 icicle_msm.Msm()，规模=8388608
		OnDeviceCommit() || 检查：当前是否在 RunOnDevice 闭包内？
		OnDeviceCommit() || 当前活动设备: type=CUDA id=0
		OnDeviceCommit() || icicle_msm.Msm() 调用返回
		OnDeviceCommit() || MSM 返回时间戳: [16:49:56.852761]
		OnDeviceCommit() || MSM 返回成功状态
		OnDeviceCommit() || 调用 icicle_msm.Msm() 后，状态=EIcicleError.Success，耗时=177.562399 ms [16:49:56.852767]
		OnDeviceCommit() || MSM 运行成功
		OnDeviceCommit() || 开始转换 Projective -> Affine
		OnDeviceCommit() || blsProjectiveToGnarkAffine 成功
		OnDeviceCommit() || 完成，返回结果
		commitOnGPUOrCPU() || GPU 成功
			commitToPolyAndBlinding() -> commit to p 耗时: 399.998438ms
		OnDeviceCommit() || 输入验证: nScalars=3
		OnDeviceCommit() || host 开始
		OnDeviceCommit() || host 拷贝到 device 开始 (len=3)
		OnDeviceCommit() || host 拷贝到 device 成功
		OnDeviceCommit() || MSM 配置成功 (AreScalarsMontgomeryForm=true, AreBasesMontgomeryForm=false)
		[ICICLE] active device: type=CUDA id=0
		[ICICLE] memory: used=3926 MiB / total=12227 MiB (32.1%)
		[SMI] raw="Field "cuda_version" is not a valid field to query."
		[SMI] util=78% mem=4330/12227 MiB
		OnDeviceCommit() || MSM 运行开始 (scalars=3, 期望 bases>=3)
		OnDeviceCommit() || 调用 icicle_msm.Msm() 前 [16:49:57.036074]
		OnDeviceCommit() || scalarsDev 已分配，G1Device 已就绪，outHost 已分配
		OnDeviceCommit() || 开始调用 icicle_msm.Msm()，规模=3
		OnDeviceCommit() || 检查：当前是否在 RunOnDevice 闭包内？
		OnDeviceCommit() || 当前活动设备: type=CUDA id=0
		OnDeviceCommit() || icicle_msm.Msm() 调用返回
		OnDeviceCommit() || MSM 返回时间戳: [16:49:57.041925]
		OnDeviceCommit() || MSM 返回成功状态
		OnDeviceCommit() || 调用 icicle_msm.Msm() 后，状态=EIcicleError.Success，耗时=5.856118 ms [16:49:57.041930]
		OnDeviceCommit() || MSM 运行成功
		OnDeviceCommit() || 开始转换 Projective -> Affine
		OnDeviceCommit() || blsProjectiveToGnarkAffine 成功
		OnDeviceCommit() || 完成，返回结果
		OnDeviceCommit() || 输入验证: nScalars=3
		OnDeviceCommit() || host 开始
		OnDeviceCommit() || host 拷贝到 device 开始 (len=3)
		OnDeviceCommit() || host 拷贝到 device 成功
		OnDeviceCommit() || MSM 配置成功 (AreScalarsMontgomeryForm=true, AreBasesMontgomeryForm=false)
		[ICICLE] active device: type=CUDA id=0
		[ICICLE] memory: used=3926 MiB / total=12227 MiB (32.1%)
		[SMI] raw="Field "cuda_version" is not a valid field to query."
		[SMI] util=3% mem=4330/12227 MiB
		OnDeviceCommit() || MSM 运行开始 (scalars=3, 期望 bases>=3)
		OnDeviceCommit() || 调用 icicle_msm.Msm() 前 [16:49:57.220689]
		OnDeviceCommit() || scalarsDev 已分配，G1Device 已就绪，outHost 已分配
		OnDeviceCommit() || 开始调用 icicle_msm.Msm()，规模=3
		OnDeviceCommit() || 检查：当前是否在 RunOnDevice 闭包内？
		OnDeviceCommit() || 当前活动设备: type=CUDA id=0
		OnDeviceCommit() || icicle_msm.Msm() 调用返回
		OnDeviceCommit() || MSM 返回时间戳: [16:49:57.226619]
		OnDeviceCommit() || MSM 返回成功状态
		OnDeviceCommit() || 调用 icicle_msm.Msm() 后，状态=EIcicleError.Success，耗时=5.934172 ms [16:49:57.226623]
		OnDeviceCommit() || MSM 运行成功
		OnDeviceCommit() || 开始转换 Projective -> Affine
		OnDeviceCommit() || blsProjectiveToGnarkAffine 成功
		OnDeviceCommit() || 完成，返回结果
			commitToPolyAndBlinding() -> commit to b 耗时: 372.525731ms
			commitToPolyAndBlinding() -> commit_p + commit_b 耗时: 0.004090ms
		buildRatioCopyConstraint() || commitToPolyAndBlinding(s.x[id_Z], s.bp[id_Bz]) 耗时: 772.559432ms
prove() -> buildRatioCopyConstraint 耗时: 6820.939384ms
		computeQuotient() || wait for Z to be committed 耗时: 2494.365157ms
	computeQuotient() || prepare to compute & derive alpha): 6989.424834 ms
		[Memory] Before uploading polynomials to device:
		[Before Upload] GPU memory: used=3926 MiB / total=12227 MiB (32.1%)
		[Before Upload] CPU memory: allocated=11071 MiB, total_allocated=42152 MiB, sys=11780 MiB
		[Memory] Total polynomials to upload: 14 (out of 15)
		[Memory] Uploading poly[0]: 8388608 coefficients, 268435456 bytes (256.00 MiB), basis=2
		[Memory] After uploading poly[0]:
		[After poly[0]] GPU memory: used=4182 MiB / total=12227 MiB (34.2%)
		[After poly[0]] CPU memory: allocated=11071 MiB, total_allocated=42152 MiB, sys=11780 MiB
		[Memory] Uploading poly[1]: 8388608 coefficients, 268435456 bytes (256.00 MiB), basis=2
		[Memory] After uploading poly[1]:
		[After poly[1]] GPU memory: used=4438 MiB / total=12227 MiB (36.3%)
		[After poly[1]] CPU memory: allocated=11071 MiB, total_allocated=42152 MiB, sys=11780 MiB
		[Memory] Uploading poly[2]: 8388608 coefficients, 268435456 bytes (256.00 MiB), basis=2
		[Memory] After uploading poly[2]:
		[After poly[2]] GPU memory: used=4694 MiB / total=12227 MiB (38.4%)
		[After poly[2]] CPU memory: allocated=11071 MiB, total_allocated=42152 MiB, sys=11780 MiB
		[Memory] Uploading poly[3]: 8388608 coefficients, 268435456 bytes (256.00 MiB), basis=2
		[Memory] Uploading poly[5]: 8388608 coefficients, 268435456 bytes (256.00 MiB), basis=2
		[Memory] Uploading poly[6]: 8388608 coefficients, 268435456 bytes (256.00 MiB), basis=2
		[Memory] Uploading poly[7]: 8388608 coefficients, 268435456 bytes (256.00 MiB), basis=2
		[Memory] Uploading poly[8]: 8388608 coefficients, 268435456 bytes (256.00 MiB), basis=2
		[Memory] Uploading poly[9]: 8388608 coefficients, 268435456 bytes (256.00 MiB), basis=2
		[Memory] Uploading poly[10]: 8388608 coefficients, 268435456 bytes (256.00 MiB), basis=2
		[Memory] Uploading poly[11]: 8388608 coefficients, 268435456 bytes (256.00 MiB), basis=2
		[Memory] Uploading poly[12]: 8388608 coefficients, 268435456 bytes (256.00 MiB), basis=2
		[Memory] Uploading poly[13]: 8388608 coefficients, 268435456 bytes (256.00 MiB), basis=2
		[Memory] Uploading poly[14]: 8388608 coefficients, 268435456 bytes (256.00 MiB), basis=2
		[Memory] After uploading poly[14]:
		[After poly[14]] GPU memory: used=7510 MiB / total=12227 MiB (61.4%)
		[After poly[14]] CPU memory: allocated=11071 MiB, total_allocated=42152 MiB, sys=11780 MiB
		[Memory] After uploading all polynomials:
		[After All Uploads] GPU memory: used=7510 MiB / total=12227 MiB (61.4%)
		[After All Uploads] CPU memory: allocated=11071 MiB, total_allocated=42152 MiB, sys=11780 MiB
		[Memory] Summary: uploaded 14 polynomials, 117440512 total coefficients, 3758096384 bytes (3584.00 MiB)
		[Memory] Processing 14 polynomials in batchApply
		[Memory] Processing poly[0] (GPU): 8388608 coefficients, 268435456 bytes (256.00 MiB)
		[Memory] Processing poly[1] (GPU): 8388608 coefficients, 268435456 bytes (256.00 MiB)
		[Memory] Processing poly[2] (GPU): 8388608 coefficients, 268435456 bytes (256.00 MiB)
		[Memory] Processing poly[3] (GPU): 8388608 coefficients, 268435456 bytes (256.00 MiB)
		[Memory] Processing poly[5] (GPU): 8388608 coefficients, 268435456 bytes (256.00 MiB)
		[Memory] Processing poly[6] (GPU): 8388608 coefficients, 268435456 bytes (256.00 MiB)
		[Memory] Processing poly[7] (GPU): 8388608 coefficients, 268435456 bytes (256.00 MiB)
		[Memory] Processing poly[8] (GPU): 8388608 coefficients, 268435456 bytes (256.00 MiB)
		[Memory] Processing poly[9] (GPU): 8388608 coefficients, 268435456 bytes (256.00 MiB)
		[Memory] Processing poly[10] (GPU): 8388608 coefficients, 268435456 bytes (256.00 MiB)
		[Memory] Processing poly[11] (GPU): 8388608 coefficients, 268435456 bytes (256.00 MiB)
		[Memory] Processing poly[12] (GPU): 8388608 coefficients, 268435456 bytes (256.00 MiB)
		[Memory] Processing poly[13] (GPU): 8388608 coefficients, 268435456 bytes (256.00 MiB)
		[Memory] Processing poly[14] (GPU): 8388608 coefficients, 268435456 bytes (256.00 MiB)
		[Memory] Before batchApply (toCosetLagrange):
		[Before batchApply] GPU memory: <unavailable> (err=10)
		[Before batchApply] CPU memory: allocated=11583 MiB, total_allocated=42664 MiB, sys=12292 MiB
		[Timing] MontConv(dev->nonMont) 耗时: 2.723979 ms
		[Timing] VecMulOnDevice 耗时: 2.925068 ms
		[Timing] MontConv(dev->Mont) 耗时: 2.712577 ms
		[Timing] NttOnDevice 耗时: 166.610689 ms
		[Memory] Before CopyFromDevice (D2H): poly size=8388608 coefficients, 268435456 bytes (256.00 MiB)
		[Memory] Before CopyFromDevice (D2H):
		[Before D2H] GPU memory: used=7510 MiB / total=12227 MiB (61.4%)
		[Before D2H] CPU memory: allocated=11583 MiB, total_allocated=42664 MiB, sys=12292 MiB
		[Timing] CopyFromDevice (D2H) 耗时: 31.062042 ms
		[Memory] After CopyFromDevice (D2H):
		[After D2H] GPU memory: used=7510 MiB / total=12227 MiB (61.4%)
		[After D2H] CPU memory: allocated=11583 MiB, total_allocated=42664 MiB, sys=12292 MiB
		[Timing] INttOnDevice (restore canonical) 耗时: 163.679957 ms
		[Timing] toCosetLagrange 总耗时: 370.747964 ms (0.37 s)
		[Timing] MontConv(dev->nonMont) 耗时: 2.724652 ms
		[Timing] VecMulOnDevice 耗时: 3.155288 ms
		[Timing] MontConv(dev->Mont) 耗时: 2.331391 ms
		[Timing] NttOnDevice 耗时: 166.574183 ms
		[Memory] Before CopyFromDevice (D2H): poly size=8388608 coefficients, 268435456 bytes (256.00 MiB)
		[Memory] Before CopyFromDevice (D2H):
		[Before D2H] GPU memory: used=7510 MiB / total=12227 MiB (61.4%)
		[Before D2H] CPU memory: allocated=11583 MiB, total_allocated=42664 MiB, sys=12292 MiB
		[Timing] CopyFromDevice (D2H) 耗时: 28.201451 ms
		[Memory] After CopyFromDevice (D2H):
		[After D2H] GPU memory: used=7510 MiB / total=12227 MiB (61.4%)
		[After D2H] CPU memory: allocated=11583 MiB, total_allocated=42664 MiB, sys=12292 MiB
		[Timing] INttOnDevice (restore canonical) 耗时: 168.857179 ms
		[Timing] toCosetLagrange 总耗时: 372.877179 ms (0.37 s)
		[Timing] MontConv(dev->nonMont) 耗时: 2.477453 ms
		[Timing] VecMulOnDevice 耗时: 2.739402 ms
		[Timing] MontConv(dev->Mont) 耗时: 2.409348 ms
		[Timing] NttOnDevice 耗时: 169.907346 ms
		[Memory] Before CopyFromDevice (D2H): poly size=8388608 coefficients, 268435456 bytes (256.00 MiB)
		[Memory] Before CopyFromDevice (D2H):
		[Before D2H] GPU memory: used=7510 MiB / total=12227 MiB (61.4%)
		[Before D2H] CPU memory: allocated=11583 MiB, total_allocated=42664 MiB, sys=12292 MiB
		[Timing] CopyFromDevice (D2H) 耗时: 28.118680 ms
		[Memory] After CopyFromDevice (D2H):
		[After D2H] GPU memory: used=7510 MiB / total=12227 MiB (61.4%)
		[After D2H] CPU memory: allocated=11583 MiB, total_allocated=42664 MiB, sys=12292 MiB
		[Timing] INttOnDevice (restore canonical) 耗时: 168.482302 ms
		[Timing] toCosetLagrange 总耗时: 375.268794 ms (0.38 s)
		[Timing] MontConv(dev->nonMont) 耗时: 2.383811 ms
		[Timing] VecMulOnDevice 耗时: 2.797867 ms
		[Timing] MontConv(dev->Mont) 耗时: 2.374259 ms
		[Timing] NttOnDevice 耗时: 167.973030 ms
		[Memory] Before CopyFromDevice (D2H): poly size=8388608 coefficients, 268435456 bytes (256.00 MiB)
		[Memory] Before CopyFromDevice (D2H):
		[Before D2H] GPU memory: used=7510 MiB / total=12227 MiB (61.4%)
		[Before D2H] CPU memory: allocated=11583 MiB, total_allocated=42664 MiB, sys=12292 MiB
		[Timing] CopyFromDevice (D2H) 耗时: 27.811225 ms
		[Memory] After CopyFromDevice (D2H):
		[After D2H] GPU memory: used=7510 MiB / total=12227 MiB (61.4%)
		[After D2H] CPU memory: allocated=11583 MiB, total_allocated=42664 MiB, sys=12292 MiB
		[Timing] INttOnDevice (restore canonical) 耗时: 164.820042 ms
		[Timing] toCosetLagrange 总耗时: 369.240472 ms (0.37 s)
		[Timing] MontConv(dev->nonMont) 耗时: 2.396664 ms
		[Timing] VecMulOnDevice 耗时: 3.100447 ms
		[Timing] MontConv(dev->Mont) 耗时: 2.559532 ms
		[Timing] NttOnDevice 耗时: 168.336098 ms
		[Memory] Before CopyFromDevice (D2H): poly size=8388608 coefficients, 268435456 bytes (256.00 MiB)
		[Memory] Before CopyFromDevice (D2H):
		[Before D2H] GPU memory: used=7510 MiB / total=12227 MiB (61.4%)
		[Before D2H] CPU memory: allocated=11583 MiB, total_allocated=42664 MiB, sys=12292 MiB
		[Timing] CopyFromDevice (D2H) 耗时: 25.290677 ms
		[Memory] After CopyFromDevice (D2H):
		[After D2H] GPU memory: used=7510 MiB / total=12227 MiB (61.4%)
		[After D2H] CPU memory: allocated=11583 MiB, total_allocated=42664 MiB, sys=12292 MiB
		[Timing] INttOnDevice (restore canonical) 耗时: 164.307237 ms
		[Timing] toCosetLagrange 总耗时: 366.999699 ms (0.37 s)
		[Timing] MontConv(dev->nonMont) 耗时: 2.423770 ms
		[Timing] VecMulOnDevice 耗时: 2.774592 ms
		[Timing] MontConv(dev->Mont) 耗时: 2.524486 ms
		[Timing] NttOnDevice 耗时: 165.673320 ms
		[Memory] Before CopyFromDevice (D2H): poly size=8388608 coefficients, 268435456 bytes (256.00 MiB)
		[Memory] Before CopyFromDevice (D2H):
		[Before D2H] GPU memory: used=7510 MiB / total=12227 MiB (61.4%)
		[Before D2H] CPU memory: allocated=11583 MiB, total_allocated=42664 MiB, sys=12292 MiB
		[Timing] CopyFromDevice (D2H) 耗时: 33.904727 ms
		[Memory] After CopyFromDevice (D2H):
		[After D2H] GPU memory: used=7510 MiB / total=12227 MiB (61.4%)
		[After D2H] CPU memory: allocated=11583 MiB, total_allocated=42664 MiB, sys=12292 MiB
		[Timing] INttOnDevice (restore canonical) 耗时: 174.720447 ms
		[Timing] toCosetLagrange 总耗时: 382.790946 ms (0.38 s)
		[Timing] MontConv(dev->nonMont) 耗时: 2.477315 ms
		[Timing] VecMulOnDevice 耗时: 2.815584 ms
		[Timing] MontConv(dev->Mont) 耗时: 2.354027 ms
		[Timing] NttOnDevice 耗时: 185.160289 ms
		[Memory] Before CopyFromDevice (D2H): poly size=8388608 coefficients, 268435456 bytes (256.00 MiB)
		[Memory] Before CopyFromDevice (D2H):
		[Before D2H] GPU memory: used=7510 MiB / total=12227 MiB (61.4%)
		[Before D2H] CPU memory: allocated=11583 MiB, total_allocated=42664 MiB, sys=12292 MiB
		[Timing] CopyFromDevice (D2H) 耗时: 32.885269 ms
		[Memory] After CopyFromDevice (D2H):
		[After D2H] GPU memory: used=7510 MiB / total=12227 MiB (61.4%)
		[After D2H] CPU memory: allocated=11583 MiB, total_allocated=42664 MiB, sys=12292 MiB
		[Timing] INttOnDevice (restore canonical) 耗时: 183.485371 ms
		[Timing] toCosetLagrange 总耗时: 409.963091 ms (0.41 s)
		[Timing] MontConv(dev->nonMont) 耗时: 2.421242 ms
		[Timing] VecMulOnDevice 耗时: 2.884675 ms
		[Timing] MontConv(dev->Mont) 耗时: 2.414519 ms
		[Timing] NttOnDevice 耗时: 182.871483 ms
		[Memory] Before CopyFromDevice (D2H): poly size=8388608 coefficients, 268435456 bytes (256.00 MiB)
		[Memory] Before CopyFromDevice (D2H):
		[Before D2H] GPU memory: used=7510 MiB / total=12227 MiB (61.4%)
		[Before D2H] CPU memory: allocated=11583 MiB, total_allocated=42664 MiB, sys=12292 MiB
		[Timing] CopyFromDevice (D2H) 耗时: 34.859961 ms
		[Memory] After CopyFromDevice (D2H):
		[After D2H] GPU memory: used=7510 MiB / total=12227 MiB (61.4%)
		[After D2H] CPU memory: allocated=11583 MiB, total_allocated=42664 MiB, sys=12292 MiB
		[Timing] INttOnDevice (restore canonical) 耗时: 180.129584 ms
		[Timing] toCosetLagrange 总耗时: 406.636371 ms (0.41 s)
		[Timing] MontConv(dev->nonMont) 耗时: 2.427253 ms
		[Timing] VecMulOnDevice 耗时: 2.768484 ms
		[Timing] MontConv(dev->Mont) 耗时: 2.432820 ms
		[Timing] NttOnDevice 耗时: 174.177624 ms
		[Memory] Before CopyFromDevice (D2H): poly size=8388608 coefficients, 268435456 bytes (256.00 MiB)
		[Memory] Before CopyFromDevice (D2H):
		[Before D2H] GPU memory: used=7510 MiB / total=12227 MiB (61.4%)
		[Before D2H] CPU memory: allocated=11583 MiB, total_allocated=42664 MiB, sys=12292 MiB
		[Timing] CopyFromDevice (D2H) 耗时: 26.599296 ms
		[Memory] After CopyFromDevice (D2H):
		[After D2H] GPU memory: used=7510 MiB / total=12227 MiB (61.4%)
		[After D2H] CPU memory: allocated=11583 MiB, total_allocated=42664 MiB, sys=12292 MiB
		[Timing] INttOnDevice (restore canonical) 耗时: 172.157058 ms
		[Timing] toCosetLagrange 总耗时: 381.522440 ms (0.38 s)
		[Timing] MontConv(dev->nonMont) 耗时: 2.658460 ms
		[Timing] VecMulOnDevice 耗时: 3.017273 ms
		[Timing] MontConv(dev->Mont) 耗时: 2.516938 ms
		[Timing] NttOnDevice 耗时: 174.468624 ms
		[Memory] Before CopyFromDevice (D2H): poly size=8388608 coefficients, 268435456 bytes (256.00 MiB)
		[Memory] Before CopyFromDevice (D2H):
		[Before D2H] GPU memory: used=7510 MiB / total=12227 MiB (61.4%)
		[Before D2H] CPU memory: allocated=11583 MiB, total_allocated=42664 MiB, sys=12292 MiB
		[Timing] CopyFromDevice (D2H) 耗时: 27.023854 ms
		[Memory] After CopyFromDevice (D2H):
		[After D2H] GPU memory: used=7510 MiB / total=12227 MiB (61.4%)
		[After D2H] CPU memory: allocated=11583 MiB, total_allocated=42664 MiB, sys=12292 MiB
		[Timing] INttOnDevice (restore canonical) 耗时: 172.438383 ms
		[Timing] toCosetLagrange 总耗时: 382.877302 ms (0.38 s)
		[Timing] MontConv(dev->nonMont) 耗时: 2.674486 ms
		[Timing] VecMulOnDevice 耗时: 2.824329 ms
		[Timing] MontConv(dev->Mont) 耗时: 2.378446 ms
		[Timing] NttOnDevice 耗时: 174.934214 ms
		[Memory] Before CopyFromDevice (D2H): poly size=8388608 coefficients, 268435456 bytes (256.00 MiB)
		[Memory] Before CopyFromDevice (D2H):
		[Before D2H] GPU memory: used=7510 MiB / total=12227 MiB (61.4%)
		[Before D2H] CPU memory: allocated=11583 MiB, total_allocated=42664 MiB, sys=12292 MiB
		[Timing] CopyFromDevice (D2H) 耗时: 28.132566 ms
		[Memory] After CopyFromDevice (D2H):
		[After D2H] GPU memory: used=7510 MiB / total=12227 MiB (61.4%)
		[After D2H] CPU memory: allocated=11583 MiB, total_allocated=42664 MiB, sys=12292 MiB
		[Timing] INttOnDevice (restore canonical) 耗时: 175.010423 ms
		[Timing] toCosetLagrange 总耗时: 386.681404 ms (0.39 s)
		[Timing] MontConv(dev->nonMont) 耗时: 2.520269 ms
		[Timing] VecMulOnDevice 耗时: 2.908493 ms
		[Timing] MontConv(dev->Mont) 耗时: 2.410654 ms
		[Timing] NttOnDevice 耗时: 170.393509 ms
		[Memory] Before CopyFromDevice (D2H): poly size=8388608 coefficients, 268435456 bytes (256.00 MiB)
		[Memory] Before CopyFromDevice (D2H):
		[Before D2H] GPU memory: used=7510 MiB / total=12227 MiB (61.4%)
		[Before D2H] CPU memory: allocated=11583 MiB, total_allocated=42664 MiB, sys=12292 MiB
		[Timing] CopyFromDevice (D2H) 耗时: 25.006988 ms
		[Memory] After CopyFromDevice (D2H):
		[After D2H] GPU memory: used=7510 MiB / total=12227 MiB (61.4%)
		[After D2H] CPU memory: allocated=11583 MiB, total_allocated=42664 MiB, sys=12292 MiB
		[Timing] INttOnDevice (restore canonical) 耗时: 174.504832 ms
		[Timing] toCosetLagrange 总耗时: 378.561570 ms (0.38 s)
		[Timing] MontConv(dev->nonMont) 耗时: 2.489497 ms
		[Timing] VecMulOnDevice 耗时: 2.837753 ms
		[Timing] MontConv(dev->Mont) 耗时: 2.301223 ms
		[Timing] NttOnDevice 耗时: 170.909764 ms
		[Memory] Before CopyFromDevice (D2H): poly size=8388608 coefficients, 268435456 bytes (256.00 MiB)
		[Memory] Before CopyFromDevice (D2H):
		[Before D2H] GPU memory: used=7510 MiB / total=12227 MiB (61.4%)
		[Before D2H] CPU memory: allocated=11583 MiB, total_allocated=42664 MiB, sys=12292 MiB
		[Timing] CopyFromDevice (D2H) 耗时: 23.352020 ms
		[Memory] After CopyFromDevice (D2H):
		[After D2H] GPU memory: used=7510 MiB / total=12227 MiB (61.4%)
		[After D2H] CPU memory: allocated=11583 MiB, total_allocated=42664 MiB, sys=12292 MiB
		[Timing] INttOnDevice (restore canonical) 耗时: 165.220704 ms
		[Timing] toCosetLagrange 总耗时: 368.145158 ms (0.37 s)
		[Timing] MontConv(dev->nonMont) 耗时: 2.486897 ms
		[Timing] VecMulOnDevice 耗时: 2.803069 ms
		[Timing] MontConv(dev->Mont) 耗时: 2.334550 ms
		[Timing] NttOnDevice 耗时: 166.312428 ms
		[Memory] Before CopyFromDevice (D2H): poly size=8388608 coefficients, 268435456 bytes (256.00 MiB)
		[Memory] Before CopyFromDevice (D2H):
		[Before D2H] GPU memory: used=7510 MiB / total=12227 MiB (61.4%)
		[Before D2H] CPU memory: allocated=11583 MiB, total_allocated=42664 MiB, sys=12292 MiB
		[Timing] CopyFromDevice (D2H) 耗时: 29.062090 ms
		[Memory] After CopyFromDevice (D2H):
		[After D2H] GPU memory: used=7510 MiB / total=12227 MiB (61.4%)
		[After D2H] CPU memory: allocated=11583 MiB, total_allocated=42664 MiB, sys=12292 MiB
		[Timing] INttOnDevice (restore canonical) 耗时: 165.382680 ms
		[Timing] toCosetLagrange 总耗时: 369.107497 ms (0.37 s)
		computeNumerator() || batchApply 耗时: 5321.901476 ms
		[Memory] After batchApply (toCosetLagrange):
		[After batchApply] GPU memory: <unavailable> (err=10)
		[After batchApply] CPU memory: allocated=11583 MiB, total_allocated=42664 MiB, sys=12292 MiB
		[Memory] Processed 14 polynomials
		[Memory] Processing 14 polynomials in batchApply
		[Memory] Processing poly[0] (GPU): 8388608 coefficients, 268435456 bytes (256.00 MiB)
		[Memory] Processing poly[1] (GPU): 8388608 coefficients, 268435456 bytes (256.00 MiB)
		[Memory] Processing poly[2] (GPU): 8388608 coefficients, 268435456 bytes (256.00 MiB)
		[Memory] Processing poly[3] (GPU): 8388608 coefficients, 268435456 bytes (256.00 MiB)
		[Memory] Processing poly[5] (GPU): 8388608 coefficients, 268435456 bytes (256.00 MiB)
		[Memory] Processing poly[6] (GPU): 8388608 coefficients, 268435456 bytes (256.00 MiB)
		[Memory] Processing poly[7] (GPU): 8388608 coefficients, 268435456 bytes (256.00 MiB)
		[Memory] Processing poly[8] (GPU): 8388608 coefficients, 268435456 bytes (256.00 MiB)
		[Memory] Processing poly[9] (GPU): 8388608 coefficients, 268435456 bytes (256.00 MiB)
		[Memory] Processing poly[10] (GPU): 8388608 coefficients, 268435456 bytes (256.00 MiB)
		[Memory] Processing poly[11] (GPU): 8388608 coefficients, 268435456 bytes (256.00 MiB)
		[Memory] Processing poly[12] (GPU): 8388608 coefficients, 268435456 bytes (256.00 MiB)
		[Memory] Processing poly[13] (GPU): 8388608 coefficients, 268435456 bytes (256.00 MiB)
		[Memory] Processing poly[14] (GPU): 8388608 coefficients, 268435456 bytes (256.00 MiB)
		[Memory] Before batchApply (toCosetLagrange):
		[Before batchApply] GPU memory: <unavailable> (err=10)
		[Before batchApply] CPU memory: allocated=11583 MiB, total_allocated=42664 MiB, sys=12292 MiB
		[Timing] MontConv(dev->nonMont) 耗时: 2.590057 ms
		[Timing] VecMulOnDevice 耗时: 2.777687 ms
		[Timing] MontConv(dev->Mont) 耗时: 2.251141 ms
		[Timing] NttOnDevice 耗时: 175.494704 ms
		[Memory] Before CopyFromDevice (D2H): poly size=8388608 coefficients, 268435456 bytes (256.00 MiB)
		[Memory] Before CopyFromDevice (D2H):
		[Before D2H] GPU memory: used=7510 MiB / total=12227 MiB (61.4%)
		[Before D2H] CPU memory: allocated=11583 MiB, total_allocated=42664 MiB, sys=12292 MiB
		[Timing] CopyFromDevice (D2H) 耗时: 28.495922 ms
		[Memory] After CopyFromDevice (D2H):
		[After D2H] GPU memory: used=7510 MiB / total=12227 MiB (61.4%)
		[After D2H] CPU memory: allocated=11583 MiB, total_allocated=42664 MiB, sys=12292 MiB
		[Timing] INttOnDevice (restore canonical) 耗时: 173.191612 ms
		[Timing] toCosetLagrange 总耗时: 385.635227 ms (0.39 s)
		[Timing] MontConv(dev->nonMont) 耗时: 2.546529 ms
		[Timing] VecMulOnDevice 耗时: 2.973446 ms
		[Timing] MontConv(dev->Mont) 耗时: 2.365083 ms
		[Timing] NttOnDevice 耗时: 175.945529 ms
		[Memory] Before CopyFromDevice (D2H): poly size=8388608 coefficients, 268435456 bytes (256.00 MiB)
		[Memory] Before CopyFromDevice (D2H):
		[Before D2H] GPU memory: used=7510 MiB / total=12227 MiB (61.4%)
		[Before D2H] CPU memory: allocated=11583 MiB, total_allocated=42664 MiB, sys=12292 MiB
		[Timing] CopyFromDevice (D2H) 耗时: 26.898392 ms
		[Memory] After CopyFromDevice (D2H):
		[After D2H] GPU memory: used=7510 MiB / total=12227 MiB (61.4%)
		[After D2H] CPU memory: allocated=11583 MiB, total_allocated=42664 MiB, sys=12292 MiB
		[Timing] INttOnDevice (restore canonical) 耗时: 173.167723 ms
		[Timing] toCosetLagrange 总耗时: 384.751255 ms (0.38 s)
		[Timing] MontConv(dev->nonMont) 耗时: 2.516152 ms
		[Timing] VecMulOnDevice 耗时: 2.845512 ms
		[Timing] MontConv(dev->Mont) 耗时: 2.350417 ms
		[Timing] NttOnDevice 耗时: 168.101123 ms
		[Memory] Before CopyFromDevice (D2H): poly size=8388608 coefficients, 268435456 bytes (256.00 MiB)
		[Memory] Before CopyFromDevice (D2H):
		[Before D2H] GPU memory: used=7510 MiB / total=12227 MiB (61.4%)
		[Before D2H] CPU memory: allocated=11583 MiB, total_allocated=42664 MiB, sys=12292 MiB
		[Timing] CopyFromDevice (D2H) 耗时: 26.340763 ms
		[Memory] After CopyFromDevice (D2H):
		[After D2H] GPU memory: used=7510 MiB / total=12227 MiB (61.4%)
		[After D2H] CPU memory: allocated=11583 MiB, total_allocated=42664 MiB, sys=12292 MiB
		[Timing] INttOnDevice (restore canonical) 耗时: 164.755784 ms
		[Timing] toCosetLagrange 总耗时: 367.557915 ms (0.37 s)
		[Timing] MontConv(dev->nonMont) 耗时: 3.206158 ms
		[Timing] VecMulOnDevice 耗时: 3.304735 ms
		[Timing] MontConv(dev->Mont) 耗时: 2.906285 ms
		[Timing] NttOnDevice 耗时: 165.974973 ms
		[Memory] Before CopyFromDevice (D2H): poly size=8388608 coefficients, 268435456 bytes (256.00 MiB)
		[Memory] Before CopyFromDevice (D2H):
		[Before D2H] GPU memory: used=7510 MiB / total=12227 MiB (61.4%)
		[Before D2H] CPU memory: allocated=11583 MiB, total_allocated=42664 MiB, sys=12292 MiB
		[Timing] CopyFromDevice (D2H) 耗时: 30.531690 ms
		[Memory] After CopyFromDevice (D2H):
		[After D2H] GPU memory: used=7510 MiB / total=12227 MiB (61.4%)
		[After D2H] CPU memory: allocated=11583 MiB, total_allocated=42664 MiB, sys=12292 MiB
		[Timing] INttOnDevice (restore canonical) 耗时: 165.696999 ms
		[Timing] toCosetLagrange 总耗时: 372.428029 ms (0.37 s)
		[Timing] MontConv(dev->nonMont) 耗时: 2.392804 ms
		[Timing] VecMulOnDevice 耗时: 2.772068 ms
		[Timing] MontConv(dev->Mont) 耗时: 2.448916 ms
		[Timing] NttOnDevice 耗时: 166.747814 ms
		[Memory] Before CopyFromDevice (D2H): poly size=8388608 coefficients, 268435456 bytes (256.00 MiB)
		[Memory] Before CopyFromDevice (D2H):
		[Before D2H] GPU memory: used=7510 MiB / total=12227 MiB (61.4%)
		[Before D2H] CPU memory: allocated=11583 MiB, total_allocated=42664 MiB, sys=12292 MiB
		[Timing] CopyFromDevice (D2H) 耗时: 24.872869 ms
		[Memory] After CopyFromDevice (D2H):
		[After D2H] GPU memory: used=7510 MiB / total=12227 MiB (61.4%)
		[After D2H] CPU memory: allocated=11583 MiB, total_allocated=42664 MiB, sys=12292 MiB
		[Timing] INttOnDevice (restore canonical) 耗时: 166.674927 ms
		[Timing] toCosetLagrange 总耗时: 366.505332 ms (0.37 s)
		[Timing] MontConv(dev->nonMont) 耗时: 2.394164 ms
		[Timing] VecMulOnDevice 耗时: 2.760125 ms
		[Timing] MontConv(dev->Mont) 耗时: 2.318985 ms
		[Timing] NttOnDevice 耗时: 166.257429 ms
		[Memory] Before CopyFromDevice (D2H): poly size=8388608 coefficients, 268435456 bytes (256.00 MiB)
		[Memory] Before CopyFromDevice (D2H):
		[Before D2H] GPU memory: used=7510 MiB / total=12227 MiB (61.4%)
		[Before D2H] CPU memory: allocated=11583 MiB, total_allocated=42664 MiB, sys=12292 MiB
		[Timing] CopyFromDevice (D2H) 耗时: 24.097260 ms
		[Memory] After CopyFromDevice (D2H):
		[After D2H] GPU memory: used=7510 MiB / total=12227 MiB (61.4%)
		[After D2H] CPU memory: allocated=11583 MiB, total_allocated=42664 MiB, sys=12292 MiB
		[Timing] INttOnDevice (restore canonical) 耗时: 164.222426 ms
		[Timing] toCosetLagrange 总耗时: 363.031339 ms (0.36 s)
		[Timing] MontConv(dev->nonMont) 耗时: 2.307541 ms
		[Timing] VecMulOnDevice 耗时: 2.749385 ms
		[Timing] MontConv(dev->Mont) 耗时: 2.240858 ms
		[Timing] NttOnDevice 耗时: 166.375747 ms
		[Memory] Before CopyFromDevice (D2H): poly size=8388608 coefficients, 268435456 bytes (256.00 MiB)
		[Memory] Before CopyFromDevice (D2H):
		[Before D2H] GPU memory: used=7510 MiB / total=12227 MiB (61.4%)
		[Before D2H] CPU memory: allocated=11583 MiB, total_allocated=42664 MiB, sys=12292 MiB
		[Timing] CopyFromDevice (D2H) 耗时: 27.964998 ms
		[Memory] After CopyFromDevice (D2H):
		[After D2H] GPU memory: used=7510 MiB / total=12227 MiB (61.4%)
		[After D2H] CPU memory: allocated=11583 MiB, total_allocated=42664 MiB, sys=12292 MiB
		[Timing] INttOnDevice (restore canonical) 耗时: 164.701444 ms
		[Timing] toCosetLagrange 总耗时: 367.233921 ms (0.37 s)
		[Timing] MontConv(dev->nonMont) 耗时: 2.411059 ms
		[Timing] VecMulOnDevice 耗时: 2.720907 ms
		[Timing] MontConv(dev->Mont) 耗时: 2.392049 ms
		[Timing] NttOnDevice 耗时: 164.224749 ms
		[Memory] Before CopyFromDevice (D2H): poly size=8388608 coefficients, 268435456 bytes (256.00 MiB)
		[Memory] Before CopyFromDevice (D2H):
		[Before D2H] GPU memory: used=7510 MiB / total=12227 MiB (61.4%)
		[Before D2H] CPU memory: allocated=11583 MiB, total_allocated=42664 MiB, sys=12292 MiB
		[Timing] CopyFromDevice (D2H) 耗时: 32.674697 ms
		[Memory] After CopyFromDevice (D2H):
		[After D2H] GPU memory: used=7510 MiB / total=12227 MiB (61.4%)
		[After D2H] CPU memory: allocated=11583 MiB, total_allocated=42664 MiB, sys=12292 MiB
		[Timing] INttOnDevice (restore canonical) 耗时: 166.661252 ms
		[Timing] toCosetLagrange 总耗时: 371.906080 ms (0.37 s)
		[Timing] MontConv(dev->nonMont) 耗时: 2.308650 ms
		[Timing] VecMulOnDevice 耗时: 3.354510 ms
		[Timing] MontConv(dev->Mont) 耗时: 2.612760 ms
		[Timing] NttOnDevice 耗时: 169.463820 ms
		[Memory] Before CopyFromDevice (D2H): poly size=8388608 coefficients, 268435456 bytes (256.00 MiB)
		[Memory] Before CopyFromDevice (D2H):
		[Before D2H] GPU memory: used=7510 MiB / total=12227 MiB (61.4%)
		[Before D2H] CPU memory: allocated=11583 MiB, total_allocated=42664 MiB, sys=12292 MiB
		[Timing] CopyFromDevice (D2H) 耗时: 30.347594 ms
		[Memory] After CopyFromDevice (D2H):
		[After D2H] GPU memory: used=7510 MiB / total=12227 MiB (61.4%)
		[After D2H] CPU memory: allocated=11583 MiB, total_allocated=42664 MiB, sys=12292 MiB
		[Timing] INttOnDevice (restore canonical) 耗时: 164.304939 ms
		[Timing] toCosetLagrange 总耗时: 373.317188 ms (0.37 s)
		[Timing] MontConv(dev->nonMont) 耗时: 2.296167 ms
		[Timing] VecMulOnDevice 耗时: 2.679899 ms
		[Timing] MontConv(dev->Mont) 耗时: 2.293532 ms
		[Timing] NttOnDevice 耗时: 165.984177 ms
		[Memory] Before CopyFromDevice (D2H): poly size=8388608 coefficients, 268435456 bytes (256.00 MiB)
		[Memory] Before CopyFromDevice (D2H):
		[Before D2H] GPU memory: used=7510 MiB / total=12227 MiB (61.4%)
		[Before D2H] CPU memory: allocated=11583 MiB, total_allocated=42664 MiB, sys=12292 MiB
		[Timing] CopyFromDevice (D2H) 耗时: 29.627009 ms
		[Memory] After CopyFromDevice (D2H):
		[After D2H] GPU memory: used=7510 MiB / total=12227 MiB (61.4%)
		[After D2H] CPU memory: allocated=11583 MiB, total_allocated=42664 MiB, sys=12292 MiB
		[Timing] INttOnDevice (restore canonical) 耗时: 164.761085 ms
		[Timing] toCosetLagrange 总耗时: 368.884066 ms (0.37 s)
		[Timing] MontConv(dev->nonMont) 耗时: 2.416719 ms
		[Timing] VecMulOnDevice 耗时: 2.858343 ms
		[Timing] MontConv(dev->Mont) 耗时: 2.485044 ms
		[Timing] NttOnDevice 耗时: 166.153673 ms
		[Memory] Before CopyFromDevice (D2H): poly size=8388608 coefficients, 268435456 bytes (256.00 MiB)
		[Memory] Before CopyFromDevice (D2H):
		[Before D2H] GPU memory: used=7510 MiB / total=12227 MiB (61.4%)
		[Before D2H] CPU memory: allocated=11583 MiB, total_allocated=42664 MiB, sys=12292 MiB
		[Timing] CopyFromDevice (D2H) 耗时: 27.650983 ms
		[Memory] After CopyFromDevice (D2H):
		[After D2H] GPU memory: used=7510 MiB / total=12227 MiB (61.4%)
		[After D2H] CPU memory: allocated=11583 MiB, total_allocated=42664 MiB, sys=12292 MiB
		[Timing] INttOnDevice (restore canonical) 耗时: 165.419982 ms
		[Timing] toCosetLagrange 总耗时: 367.680901 ms (0.37 s)
		[Timing] MontConv(dev->nonMont) 耗时: 2.453640 ms
		[Timing] VecMulOnDevice 耗时: 2.739991 ms
		[Timing] MontConv(dev->Mont) 耗时: 2.814015 ms
		[Timing] NttOnDevice 耗时: 166.857955 ms
		[Memory] Before CopyFromDevice (D2H): poly size=8388608 coefficients, 268435456 bytes (256.00 MiB)
		[Memory] Before CopyFromDevice (D2H):
		[Before D2H] GPU memory: used=7510 MiB / total=12227 MiB (61.4%)
		[Before D2H] CPU memory: allocated=11583 MiB, total_allocated=42664 MiB, sys=12292 MiB
		[Timing] CopyFromDevice (D2H) 耗时: 26.684708 ms
		[Memory] After CopyFromDevice (D2H):
		[After D2H] GPU memory: used=7510 MiB / total=12227 MiB (61.4%)
		[After D2H] CPU memory: allocated=11583 MiB, total_allocated=42664 MiB, sys=12292 MiB
		[Timing] INttOnDevice (restore canonical) 耗时: 165.025006 ms
		[Timing] toCosetLagrange 总耗时: 367.324490 ms (0.37 s)
		[Timing] MontConv(dev->nonMont) 耗时: 2.438990 ms
		[Timing] VecMulOnDevice 耗时: 2.786344 ms
		[Timing] MontConv(dev->Mont) 耗时: 2.311014 ms
		[Timing] NttOnDevice 耗时: 167.244146 ms
		[Memory] Before CopyFromDevice (D2H): poly size=8388608 coefficients, 268435456 bytes (256.00 MiB)
		[Memory] Before CopyFromDevice (D2H):
		[Before D2H] GPU memory: used=7510 MiB / total=12227 MiB (61.4%)
		[Before D2H] CPU memory: allocated=11583 MiB, total_allocated=42664 MiB, sys=12292 MiB
		[Timing] CopyFromDevice (D2H) 耗时: 29.339841 ms
		[Memory] After CopyFromDevice (D2H):
		[After D2H] GPU memory: used=7510 MiB / total=12227 MiB (61.4%)
		[After D2H] CPU memory: allocated=11583 MiB, total_allocated=42664 MiB, sys=12292 MiB
		[Timing] INttOnDevice (restore canonical) 耗时: 166.538428 ms
		[Timing] toCosetLagrange 总耗时: 371.777807 ms (0.37 s)
		[Timing] MontConv(dev->nonMont) 耗时: 2.429794 ms
		[Timing] VecMulOnDevice 耗时: 2.657356 ms
		[Timing] MontConv(dev->Mont) 耗时: 2.366383 ms
		[Timing] NttOnDevice 耗时: 166.102462 ms
		[Memory] Before CopyFromDevice (D2H): poly size=8388608 coefficients, 268435456 bytes (256.00 MiB)
		[Memory] Before CopyFromDevice (D2H):
		[Before D2H] GPU memory: used=7510 MiB / total=12227 MiB (61.4%)
		[Before D2H] CPU memory: allocated=11583 MiB, total_allocated=42664 MiB, sys=12292 MiB
		[Timing] CopyFromDevice (D2H) 耗时: 29.525274 ms
		[Memory] After CopyFromDevice (D2H):
		[After D2H] GPU memory: used=7510 MiB / total=12227 MiB (61.4%)
		[After D2H] CPU memory: allocated=11583 MiB, total_allocated=42664 MiB, sys=12292 MiB
		[Timing] INttOnDevice (restore canonical) 耗时: 165.411090 ms
		[Timing] toCosetLagrange 总耗时: 369.903666 ms (0.37 s)
		computeNumerator() || batchApply 耗时: 5198.952034 ms
		[Memory] After batchApply (toCosetLagrange):
		[After batchApply] GPU memory: <unavailable> (err=10)
		[After batchApply] CPU memory: allocated=11583 MiB, total_allocated=42664 MiB, sys=12292 MiB
		[Memory] Processed 14 polynomials
		[Memory] Processing 14 polynomials in batchApply
		[Memory] Processing poly[0] (GPU): 8388608 coefficients, 268435456 bytes (256.00 MiB)
		[Memory] Processing poly[1] (GPU): 8388608 coefficients, 268435456 bytes (256.00 MiB)
		[Memory] Processing poly[2] (GPU): 8388608 coefficients, 268435456 bytes (256.00 MiB)
		[Memory] Processing poly[3] (GPU): 8388608 coefficients, 268435456 bytes (256.00 MiB)
		[Memory] Processing poly[5] (GPU): 8388608 coefficients, 268435456 bytes (256.00 MiB)
		[Memory] Processing poly[6] (GPU): 8388608 coefficients, 268435456 bytes (256.00 MiB)
		[Memory] Processing poly[7] (GPU): 8388608 coefficients, 268435456 bytes (256.00 MiB)
		[Memory] Processing poly[8] (GPU): 8388608 coefficients, 268435456 bytes (256.00 MiB)
		[Memory] Processing poly[9] (GPU): 8388608 coefficients, 268435456 bytes (256.00 MiB)
		[Memory] Processing poly[10] (GPU): 8388608 coefficients, 268435456 bytes (256.00 MiB)
		[Memory] Processing poly[11] (GPU): 8388608 coefficients, 268435456 bytes (256.00 MiB)
		[Memory] Processing poly[12] (GPU): 8388608 coefficients, 268435456 bytes (256.00 MiB)
		[Memory] Processing poly[13] (GPU): 8388608 coefficients, 268435456 bytes (256.00 MiB)
		[Memory] Processing poly[14] (GPU): 8388608 coefficients, 268435456 bytes (256.00 MiB)
		[Memory] Before batchApply (toCosetLagrange):
		[Before batchApply] GPU memory: <unavailable> (err=10)
		[Before batchApply] CPU memory: allocated=11583 MiB, total_allocated=42664 MiB, sys=12292 MiB
		[Timing] MontConv(dev->nonMont) 耗时: 2.669766 ms
		[Timing] VecMulOnDevice 耗时: 2.736261 ms
		[Timing] MontConv(dev->Mont) 耗时: 2.647582 ms
		[Timing] NttOnDevice 耗时: 170.065407 ms
		[Memory] Before CopyFromDevice (D2H): poly size=8388608 coefficients, 268435456 bytes (256.00 MiB)
		[Memory] Before CopyFromDevice (D2H):
		[Before D2H] GPU memory: used=7510 MiB / total=12227 MiB (61.4%)
		[Before D2H] CPU memory: allocated=11583 MiB, total_allocated=42664 MiB, sys=12292 MiB
		[Timing] CopyFromDevice (D2H) 耗时: 30.141376 ms
		[Memory] After CopyFromDevice (D2H):
		[After D2H] GPU memory: used=7510 MiB / total=12227 MiB (61.4%)
		[After D2H] CPU memory: allocated=11583 MiB, total_allocated=42664 MiB, sys=12292 MiB
		[Timing] INttOnDevice (restore canonical) 耗时: 164.536661 ms
		[Timing] toCosetLagrange 总耗时: 374.053098 ms (0.37 s)
		[Timing] MontConv(dev->nonMont) 耗时: 2.491047 ms
		[Timing] VecMulOnDevice 耗时: 2.704624 ms
		[Timing] MontConv(dev->Mont) 耗时: 2.286229 ms
		[Timing] NttOnDevice 耗时: 166.322224 ms
		[Memory] Before CopyFromDevice (D2H): poly size=8388608 coefficients, 268435456 bytes (256.00 MiB)
		[Memory] Before CopyFromDevice (D2H):
		[Before D2H] GPU memory: used=7510 MiB / total=12227 MiB (61.4%)
		[Before D2H] CPU memory: allocated=11583 MiB, total_allocated=42664 MiB, sys=12292 MiB
		[Timing] CopyFromDevice (D2H) 耗时: 29.723276 ms
		[Memory] After CopyFromDevice (D2H):
		[After D2H] GPU memory: used=7510 MiB / total=12227 MiB (61.4%)
		[After D2H] CPU memory: allocated=11583 MiB, total_allocated=42664 MiB, sys=12292 MiB
		[Timing] INttOnDevice (restore canonical) 耗时: 164.340164 ms
		[Timing] toCosetLagrange 总耗时: 368.710053 ms (0.37 s)
		[Timing] MontConv(dev->nonMont) 耗时: 2.304729 ms
		[Timing] VecMulOnDevice 耗时: 2.714286 ms
		[Timing] MontConv(dev->Mont) 耗时: 2.320112 ms
		[Timing] NttOnDevice 耗时: 165.709173 ms
		[Memory] Before CopyFromDevice (D2H): poly size=8388608 coefficients, 268435456 bytes (256.00 MiB)
		[Memory] Before CopyFromDevice (D2H):
		[Before D2H] GPU memory: used=7510 MiB / total=12227 MiB (61.4%)
		[Before D2H] CPU memory: allocated=11583 MiB, total_allocated=42664 MiB, sys=12292 MiB
		[Timing] CopyFromDevice (D2H) 耗时: 26.131292 ms
		[Memory] After CopyFromDevice (D2H):
		[After D2H] GPU memory: used=7510 MiB / total=12227 MiB (61.4%)
		[After D2H] CPU memory: allocated=11583 MiB, total_allocated=42664 MiB, sys=12292 MiB
		[Timing] INttOnDevice (restore canonical) 耗时: 168.982732 ms
		[Timing] toCosetLagrange 总耗时: 369.066067 ms (0.37 s)
		[Timing] MontConv(dev->nonMont) 耗时: 2.467641 ms
		[Timing] VecMulOnDevice 耗时: 2.860659 ms
		[Timing] MontConv(dev->Mont) 耗时: 2.514065 ms
		[Timing] NttOnDevice 耗时: 165.956450 ms
		[Memory] Before CopyFromDevice (D2H): poly size=8388608 coefficients, 268435456 bytes (256.00 MiB)
		[Memory] Before CopyFromDevice (D2H):
		[Before D2H] GPU memory: used=7510 MiB / total=12227 MiB (61.4%)
		[Before D2H] CPU memory: allocated=11583 MiB, total_allocated=42664 MiB, sys=12292 MiB
		[Timing] CopyFromDevice (D2H) 耗时: 26.352967 ms
		[Memory] After CopyFromDevice (D2H):
		[After D2H] GPU memory: used=7510 MiB / total=12227 MiB (61.4%)
		[After D2H] CPU memory: allocated=11583 MiB, total_allocated=42664 MiB, sys=12292 MiB
		[Timing] INttOnDevice (restore canonical) 耗时: 164.560132 ms
		[Timing] toCosetLagrange 总耗时: 365.639117 ms (0.37 s)
		[Timing] MontConv(dev->nonMont) 耗时: 2.451530 ms
		[Timing] VecMulOnDevice 耗时: 2.836368 ms
		[Timing] MontConv(dev->Mont) 耗时: 2.233107 ms
		[Timing] NttOnDevice 耗时: 165.947330 ms
		[Memory] Before CopyFromDevice (D2H): poly size=8388608 coefficients, 268435456 bytes (256.00 MiB)
		[Memory] Before CopyFromDevice (D2H):
		[Before D2H] GPU memory: used=7510 MiB / total=12227 MiB (61.4%)
		[Before D2H] CPU memory: allocated=11583 MiB, total_allocated=42664 MiB, sys=12292 MiB
		[Timing] CopyFromDevice (D2H) 耗时: 35.533538 ms
		[Memory] After CopyFromDevice (D2H):
		[After D2H] GPU memory: used=7510 MiB / total=12227 MiB (61.4%)
		[After D2H] CPU memory: allocated=11583 MiB, total_allocated=42664 MiB, sys=12292 MiB
		[Timing] INttOnDevice (restore canonical) 耗时: 164.081594 ms
		[Timing] toCosetLagrange 总耗时: 374.192141 ms (0.37 s)
		[Timing] MontConv(dev->nonMont) 耗时: 2.384511 ms
		[Timing] VecMulOnDevice 耗时: 2.824325 ms
		[Timing] MontConv(dev->Mont) 耗时: 2.374416 ms
		[Timing] NttOnDevice 耗时: 165.183696 ms
		[Memory] Before CopyFromDevice (D2H): poly size=8388608 coefficients, 268435456 bytes (256.00 MiB)
		[Memory] Before CopyFromDevice (D2H):
		[Before D2H] GPU memory: used=7510 MiB / total=12227 MiB (61.4%)
		[Before D2H] CPU memory: allocated=11583 MiB, total_allocated=42664 MiB, sys=12292 MiB
		[Timing] CopyFromDevice (D2H) 耗时: 25.519367 ms
		[Memory] After CopyFromDevice (D2H):
		[After D2H] GPU memory: used=7510 MiB / total=12227 MiB (61.4%)
		[After D2H] CPU memory: allocated=11583 MiB, total_allocated=42664 MiB, sys=12292 MiB
		[Timing] INttOnDevice (restore canonical) 耗时: 166.691347 ms
		[Timing] toCosetLagrange 总耗时: 365.682985 ms (0.37 s)
		[Timing] MontConv(dev->nonMont) 耗时: 2.416684 ms
		[Timing] VecMulOnDevice 耗时: 2.956031 ms
		[Timing] MontConv(dev->Mont) 耗时: 2.426412 ms
		[Timing] NttOnDevice 耗时: 165.261989 ms
		[Memory] Before CopyFromDevice (D2H): poly size=8388608 coefficients, 268435456 bytes (256.00 MiB)
		[Memory] Before CopyFromDevice (D2H):
		[Before D2H] GPU memory: used=7510 MiB / total=12227 MiB (61.4%)
		[Before D2H] CPU memory: allocated=11583 MiB, total_allocated=42664 MiB, sys=12292 MiB
		[Timing] CopyFromDevice (D2H) 耗时: 32.856033 ms
		[Memory] After CopyFromDevice (D2H):
		[After D2H] GPU memory: used=7510 MiB / total=12227 MiB (61.4%)
		[After D2H] CPU memory: allocated=11583 MiB, total_allocated=42664 MiB, sys=12292 MiB
		[Timing] INttOnDevice (restore canonical) 耗时: 164.023033 ms
		[Timing] toCosetLagrange 总耗时: 370.801915 ms (0.37 s)
		[Timing] MontConv(dev->nonMont) 耗时: 2.363060 ms
		[Timing] VecMulOnDevice 耗时: 2.737677 ms
		[Timing] MontConv(dev->Mont) 耗时: 2.591938 ms
		[Timing] NttOnDevice 耗时: 165.741589 ms
		[Memory] Before CopyFromDevice (D2H): poly size=8388608 coefficients, 268435456 bytes (256.00 MiB)
		[Memory] Before CopyFromDevice (D2H):
		[Before D2H] GPU memory: used=7510 MiB / total=12227 MiB (61.4%)
		[Before D2H] CPU memory: allocated=11583 MiB, total_allocated=42664 MiB, sys=12292 MiB
		[Timing] CopyFromDevice (D2H) 耗时: 31.116265 ms
		[Memory] After CopyFromDevice (D2H):
		[After D2H] GPU memory: used=7510 MiB / total=12227 MiB (61.4%)
		[After D2H] CPU memory: allocated=11583 MiB, total_allocated=42664 MiB, sys=12292 MiB
		[Timing] INttOnDevice (restore canonical) 耗时: 164.467596 ms
		[Timing] toCosetLagrange 总耗时: 369.974841 ms (0.37 s)
		[Timing] MontConv(dev->nonMont) 耗时: 2.398877 ms
		[Timing] VecMulOnDevice 耗时: 2.839133 ms
		[Timing] MontConv(dev->Mont) 耗时: 2.319221 ms
		[Timing] NttOnDevice 耗时: 167.899254 ms
		[Memory] Before CopyFromDevice (D2H): poly size=8388608 coefficients, 268435456 bytes (256.00 MiB)
		[Memory] Before CopyFromDevice (D2H):
		[Before D2H] GPU memory: used=7510 MiB / total=12227 MiB (61.4%)
		[Before D2H] CPU memory: allocated=11583 MiB, total_allocated=42664 MiB, sys=12292 MiB
		[Timing] CopyFromDevice (D2H) 耗时: 26.759494 ms
		[Memory] After CopyFromDevice (D2H):
		[After D2H] GPU memory: used=7510 MiB / total=12227 MiB (61.4%)
		[After D2H] CPU memory: allocated=11583 MiB, total_allocated=42664 MiB, sys=12292 MiB
		[Timing] INttOnDevice (restore canonical) 耗时: 163.980729 ms
		[Timing] toCosetLagrange 总耗时: 366.969586 ms (0.37 s)
		[Timing] MontConv(dev->nonMont) 耗时: 2.518749 ms
		[Timing] VecMulOnDevice 耗时: 2.881952 ms
		[Timing] MontConv(dev->Mont) 耗时: 2.280873 ms
		[Timing] NttOnDevice 耗时: 167.555828 ms
		[Memory] Before CopyFromDevice (D2H): poly size=8388608 coefficients, 268435456 bytes (256.00 MiB)
		[Memory] Before CopyFromDevice (D2H):
		[Before D2H] GPU memory: used=7510 MiB / total=12227 MiB (61.4%)
		[Before D2H] CPU memory: allocated=11583 MiB, total_allocated=42664 MiB, sys=12292 MiB
		[Timing] CopyFromDevice (D2H) 耗时: 29.763329 ms
		[Memory] After CopyFromDevice (D2H):
		[After D2H] GPU memory: used=7510 MiB / total=12227 MiB (61.4%)
		[After D2H] CPU memory: allocated=11583 MiB, total_allocated=42664 MiB, sys=12292 MiB
		[Timing] INttOnDevice (restore canonical) 耗时: 164.795270 ms
		[Timing] toCosetLagrange 总耗时: 370.681452 ms (0.37 s)
		[Timing] MontConv(dev->nonMont) 耗时: 2.435725 ms
		[Timing] VecMulOnDevice 耗时: 2.779187 ms
		[Timing] MontConv(dev->Mont) 耗时: 2.232531 ms
		[Timing] NttOnDevice 耗时: 165.028123 ms
		[Memory] Before CopyFromDevice (D2H): poly size=8388608 coefficients, 268435456 bytes (256.00 MiB)
		[Memory] Before CopyFromDevice (D2H):
		[Before D2H] GPU memory: used=7510 MiB / total=12227 MiB (61.4%)
		[Before D2H] CPU memory: allocated=11583 MiB, total_allocated=42664 MiB, sys=12292 MiB
		[Timing] CopyFromDevice (D2H) 耗时: 27.809043 ms
		[Memory] After CopyFromDevice (D2H):
		[After D2H] GPU memory: used=7510 MiB / total=12227 MiB (61.4%)
		[After D2H] CPU memory: allocated=11583 MiB, total_allocated=42664 MiB, sys=12292 MiB
		[Timing] INttOnDevice (restore canonical) 耗时: 163.946775 ms
		[Timing] toCosetLagrange 总耗时: 365.596517 ms (0.37 s)
		[Timing] MontConv(dev->nonMont) 耗时: 2.404322 ms
		[Timing] VecMulOnDevice 耗时: 2.707411 ms
		[Timing] MontConv(dev->Mont) 耗时: 2.347745 ms
		[Timing] NttOnDevice 耗时: 166.704345 ms
		[Memory] Before CopyFromDevice (D2H): poly size=8388608 coefficients, 268435456 bytes (256.00 MiB)
		[Memory] Before CopyFromDevice (D2H):
		[Before D2H] GPU memory: used=7510 MiB / total=12227 MiB (61.4%)
		[Before D2H] CPU memory: allocated=11583 MiB, total_allocated=42664 MiB, sys=12292 MiB
		[Timing] CopyFromDevice (D2H) 耗时: 29.433850 ms
		[Memory] After CopyFromDevice (D2H):
		[After D2H] GPU memory: used=7510 MiB / total=12227 MiB (61.4%)
		[After D2H] CPU memory: allocated=11583 MiB, total_allocated=42664 MiB, sys=12292 MiB
		[Timing] INttOnDevice (restore canonical) 耗时: 163.871416 ms
		[Timing] toCosetLagrange 总耗时: 370.127033 ms (0.37 s)
		[Timing] MontConv(dev->nonMont) 耗时: 2.455850 ms
		[Timing] VecMulOnDevice 耗时: 2.752223 ms
		[Timing] MontConv(dev->Mont) 耗时: 2.250383 ms
		[Timing] NttOnDevice 耗时: 166.795863 ms
		[Memory] Before CopyFromDevice (D2H): poly size=8388608 coefficients, 268435456 bytes (256.00 MiB)
		[Memory] Before CopyFromDevice (D2H):
		[Before D2H] GPU memory: used=7510 MiB / total=12227 MiB (61.4%)
		[Before D2H] CPU memory: allocated=11583 MiB, total_allocated=42664 MiB, sys=12292 MiB
		[Timing] CopyFromDevice (D2H) 耗时: 30.747977 ms
		[Memory] After CopyFromDevice (D2H):
		[After D2H] GPU memory: used=7510 MiB / total=12227 MiB (61.4%)
		[After D2H] CPU memory: allocated=11583 MiB, total_allocated=42664 MiB, sys=12292 MiB
		[Timing] INttOnDevice (restore canonical) 耗时: 165.109362 ms
		[Timing] toCosetLagrange 总耗时: 370.779923 ms (0.37 s)
		[Timing] MontConv(dev->nonMont) 耗时: 2.288254 ms
		[Timing] VecMulOnDevice 耗时: 2.805033 ms
		[Timing] MontConv(dev->Mont) 耗时: 2.467330 ms
		[Timing] NttOnDevice 耗时: 164.085881 ms
		[Memory] Before CopyFromDevice (D2H): poly size=8388608 coefficients, 268435456 bytes (256.00 MiB)
		[Memory] Before CopyFromDevice (D2H):
		[Before D2H] GPU memory: used=7510 MiB / total=12227 MiB (61.4%)
		[Before D2H] CPU memory: allocated=11583 MiB, total_allocated=42664 MiB, sys=12292 MiB
		[Timing] CopyFromDevice (D2H) 耗时: 24.148778 ms
		[Memory] After CopyFromDevice (D2H):
		[After D2H] GPU memory: used=7510 MiB / total=12227 MiB (61.4%)
		[After D2H] CPU memory: allocated=11583 MiB, total_allocated=42664 MiB, sys=12292 MiB
		[Timing] INttOnDevice (restore canonical) 耗时: 180.372323 ms
		[Timing] toCosetLagrange 总耗时: 377.212672 ms (0.38 s)
		computeNumerator() || batchApply 耗时: 5179.839687 ms
		[Memory] After batchApply (toCosetLagrange):
		[After batchApply] GPU memory: <unavailable> (err=10)
		[After batchApply] CPU memory: allocated=11583 MiB, total_allocated=42664 MiB, sys=12292 MiB
		[Memory] Processed 14 polynomials
		[Memory] Processing 14 polynomials in batchApply
		[Memory] Processing poly[0] (GPU): 8388608 coefficients, 268435456 bytes (256.00 MiB)
		[Memory] Processing poly[1] (GPU): 8388608 coefficients, 268435456 bytes (256.00 MiB)
		[Memory] Processing poly[2] (GPU): 8388608 coefficients, 268435456 bytes (256.00 MiB)
		[Memory] Processing poly[3] (GPU): 8388608 coefficients, 268435456 bytes (256.00 MiB)
		[Memory] Processing poly[5] (GPU): 8388608 coefficients, 268435456 bytes (256.00 MiB)
		[Memory] Processing poly[6] (GPU): 8388608 coefficients, 268435456 bytes (256.00 MiB)
		[Memory] Processing poly[7] (GPU): 8388608 coefficients, 268435456 bytes (256.00 MiB)
		[Memory] Processing poly[8] (GPU): 8388608 coefficients, 268435456 bytes (256.00 MiB)
		[Memory] Processing poly[9] (GPU): 8388608 coefficients, 268435456 bytes (256.00 MiB)
		[Memory] Processing poly[10] (GPU): 8388608 coefficients, 268435456 bytes (256.00 MiB)
		[Memory] Processing poly[11] (GPU): 8388608 coefficients, 268435456 bytes (256.00 MiB)
		[Memory] Processing poly[12] (GPU): 8388608 coefficients, 268435456 bytes (256.00 MiB)
		[Memory] Processing poly[13] (GPU): 8388608 coefficients, 268435456 bytes (256.00 MiB)
		[Memory] Processing poly[14] (GPU): 8388608 coefficients, 268435456 bytes (256.00 MiB)
		[Memory] Before batchApply (toCosetLagrange):
		[Before batchApply] GPU memory: <unavailable> (err=10)
		[Before batchApply] CPU memory: allocated=11583 MiB, total_allocated=42664 MiB, sys=12292 MiB
		[Timing] MontConv(dev->nonMont) 耗时: 2.423740 ms
		[Timing] VecMulOnDevice 耗时: 3.035608 ms
		[Timing] MontConv(dev->Mont) 耗时: 2.469423 ms
		[Timing] NttOnDevice 耗时: 165.656345 ms
		[Memory] Before CopyFromDevice (D2H): poly size=8388608 coefficients, 268435456 bytes (256.00 MiB)
		[Memory] Before CopyFromDevice (D2H):
		[Before D2H] GPU memory: used=7510 MiB / total=12227 MiB (61.4%)
		[Before D2H] CPU memory: allocated=11583 MiB, total_allocated=42664 MiB, sys=12292 MiB
		[Timing] CopyFromDevice (D2H) 耗时: 28.558184 ms
		[Memory] After CopyFromDevice (D2H):
		[After D2H] GPU memory: used=7510 MiB / total=12227 MiB (61.4%)
		[After D2H] CPU memory: allocated=11583 MiB, total_allocated=42664 MiB, sys=12292 MiB
		[Timing] INttOnDevice (restore canonical) 耗时: 164.190634 ms
		[Timing] toCosetLagrange 总耗时: 367.524879 ms (0.37 s)
		[Timing] MontConv(dev->nonMont) 耗时: 3.061450 ms
		[Timing] VecMulOnDevice 耗时: 2.913956 ms
		[Timing] MontConv(dev->Mont) 耗时: 2.953873 ms
		[Timing] NttOnDevice 耗时: 165.961062 ms
		[Memory] Before CopyFromDevice (D2H): poly size=8388608 coefficients, 268435456 bytes (256.00 MiB)
		[Memory] Before CopyFromDevice (D2H):
		[Before D2H] GPU memory: used=7510 MiB / total=12227 MiB (61.4%)
		[Before D2H] CPU memory: allocated=11583 MiB, total_allocated=42664 MiB, sys=12292 MiB
		[Timing] CopyFromDevice (D2H) 耗时: 26.210529 ms
		[Memory] After CopyFromDevice (D2H):
		[After D2H] GPU memory: used=7510 MiB / total=12227 MiB (61.4%)
		[After D2H] CPU memory: allocated=11583 MiB, total_allocated=42664 MiB, sys=12292 MiB
		[Timing] INttOnDevice (restore canonical) 耗时: 167.662628 ms
		[Timing] toCosetLagrange 总耗时: 369.561849 ms (0.37 s)
		[Timing] MontConv(dev->nonMont) 耗时: 2.453731 ms
		[Timing] VecMulOnDevice 耗时: 2.769981 ms
		[Timing] MontConv(dev->Mont) 耗时: 2.267911 ms
		[Timing] NttOnDevice 耗时: 166.268007 ms
		[Memory] Before CopyFromDevice (D2H): poly size=8388608 coefficients, 268435456 bytes (256.00 MiB)
		[Memory] Before CopyFromDevice (D2H):
		[Before D2H] GPU memory: used=7510 MiB / total=12227 MiB (61.4%)
		[Before D2H] CPU memory: allocated=11583 MiB, total_allocated=42664 MiB, sys=12292 MiB
		[Timing] CopyFromDevice (D2H) 耗时: 31.582216 ms
		[Memory] After CopyFromDevice (D2H):
		[After D2H] GPU memory: used=7510 MiB / total=12227 MiB (61.4%)
		[After D2H] CPU memory: allocated=11583 MiB, total_allocated=42664 MiB, sys=12292 MiB
		[Timing] INttOnDevice (restore canonical) 耗时: 164.272233 ms
		[Timing] toCosetLagrange 总耗时: 370.387157 ms (0.37 s)
		[Timing] MontConv(dev->nonMont) 耗时: 2.340672 ms
		[Timing] VecMulOnDevice 耗时: 2.715983 ms
		[Timing] MontConv(dev->Mont) 耗时: 2.735522 ms
		[Timing] NttOnDevice 耗时: 165.584657 ms
		[Memory] Before CopyFromDevice (D2H): poly size=8388608 coefficients, 268435456 bytes (256.00 MiB)
		[Memory] Before CopyFromDevice (D2H):
		[Before D2H] GPU memory: used=7510 MiB / total=12227 MiB (61.4%)
		[Before D2H] CPU memory: allocated=11583 MiB, total_allocated=42664 MiB, sys=12292 MiB
		[Timing] CopyFromDevice (D2H) 耗时: 26.266286 ms
		[Memory] After CopyFromDevice (D2H):
		[After D2H] GPU memory: used=7510 MiB / total=12227 MiB (61.4%)
		[After D2H] CPU memory: allocated=11583 MiB, total_allocated=42664 MiB, sys=12292 MiB
		[Timing] INttOnDevice (restore canonical) 耗时: 162.409175 ms
		[Timing] toCosetLagrange 总耗时: 363.265404 ms (0.36 s)
		[Timing] MontConv(dev->nonMont) 耗时: 2.399113 ms
		[Timing] VecMulOnDevice 耗时: 2.674090 ms
		[Timing] MontConv(dev->Mont) 耗时: 2.228398 ms
		[Timing] NttOnDevice 耗时: 164.715781 ms
		[Memory] Before CopyFromDevice (D2H): poly size=8388608 coefficients, 268435456 bytes (256.00 MiB)
		[Memory] Before CopyFromDevice (D2H):
		[Before D2H] GPU memory: used=7510 MiB / total=12227 MiB (61.4%)
		[Before D2H] CPU memory: allocated=11583 MiB, total_allocated=42664 MiB, sys=12292 MiB
		[Timing] CopyFromDevice (D2H) 耗时: 31.080004 ms
		[Memory] After CopyFromDevice (D2H):
		[After D2H] GPU memory: used=7510 MiB / total=12227 MiB (61.4%)
		[After D2H] CPU memory: allocated=11583 MiB, total_allocated=42664 MiB, sys=12292 MiB
		[Timing] INttOnDevice (restore canonical) 耗时: 163.853456 ms
		[Timing] toCosetLagrange 总耗时: 368.143819 ms (0.37 s)
		[Timing] MontConv(dev->nonMont) 耗时: 2.327199 ms
		[Timing] VecMulOnDevice 耗时: 2.674870 ms
		[Timing] MontConv(dev->Mont) 耗时: 2.209007 ms
		[Timing] NttOnDevice 耗时: 164.912021 ms
		[Memory] Before CopyFromDevice (D2H): poly size=8388608 coefficients, 268435456 bytes (256.00 MiB)
		[Memory] Before CopyFromDevice (D2H):
		[Before D2H] GPU memory: used=7510 MiB / total=12227 MiB (61.4%)
		[Before D2H] CPU memory: allocated=11583 MiB, total_allocated=42664 MiB, sys=12292 MiB
		[Timing] CopyFromDevice (D2H) 耗时: 31.236968 ms
		[Memory] After CopyFromDevice (D2H):
		[After D2H] GPU memory: used=7510 MiB / total=12227 MiB (61.4%)
		[After D2H] CPU memory: allocated=11583 MiB, total_allocated=42664 MiB, sys=12292 MiB
		[Timing] INttOnDevice (restore canonical) 耗时: 165.512632 ms
		[Timing] toCosetLagrange 总耗时: 369.580448 ms (0.37 s)
		[Timing] MontConv(dev->nonMont) 耗时: 2.387141 ms
		[Timing] VecMulOnDevice 耗时: 2.793776 ms
		[Timing] MontConv(dev->Mont) 耗时: 2.393434 ms
		[Timing] NttOnDevice 耗时: 163.841496 ms
		[Memory] Before CopyFromDevice (D2H): poly size=8388608 coefficients, 268435456 bytes (256.00 MiB)
		[Memory] Before CopyFromDevice (D2H):
		[Before D2H] GPU memory: used=7510 MiB / total=12227 MiB (61.4%)
		[Before D2H] CPU memory: allocated=11583 MiB, total_allocated=42664 MiB, sys=12292 MiB
		[Timing] CopyFromDevice (D2H) 耗时: 26.728947 ms
		[Memory] After CopyFromDevice (D2H):
		[After D2H] GPU memory: used=7510 MiB / total=12227 MiB (61.4%)
		[After D2H] CPU memory: allocated=11583 MiB, total_allocated=42664 MiB, sys=12292 MiB
		[Timing] INttOnDevice (restore canonical) 耗时: 163.230369 ms
		[Timing] toCosetLagrange 总耗时: 362.212556 ms (0.36 s)
		[Timing] MontConv(dev->nonMont) 耗时: 2.238017 ms
		[Timing] VecMulOnDevice 耗时: 2.694545 ms
		[Timing] MontConv(dev->Mont) 耗时: 2.239591 ms
		[Timing] NttOnDevice 耗时: 165.904334 ms
		[Memory] Before CopyFromDevice (D2H): poly size=8388608 coefficients, 268435456 bytes (256.00 MiB)
		[Memory] Before CopyFromDevice (D2H):
		[Before D2H] GPU memory: used=7510 MiB / total=12227 MiB (61.4%)
		[Before D2H] CPU memory: allocated=11583 MiB, total_allocated=42664 MiB, sys=12292 MiB
		[Timing] CopyFromDevice (D2H) 耗时: 26.135505 ms
		[Memory] After CopyFromDevice (D2H):
		[After D2H] GPU memory: used=7510 MiB / total=12227 MiB (61.4%)
		[After D2H] CPU memory: allocated=11583 MiB, total_allocated=42664 MiB, sys=12292 MiB
		[Timing] INttOnDevice (restore canonical) 耗时: 162.857584 ms
		[Timing] toCosetLagrange 总耗时: 363.189532 ms (0.36 s)
		[Timing] MontConv(dev->nonMont) 耗时: 2.427635 ms
		[Timing] VecMulOnDevice 耗时: 2.702391 ms
		[Timing] MontConv(dev->Mont) 耗时: 2.347481 ms
		[Timing] NttOnDevice 耗时: 164.995534 ms
		[Memory] Before CopyFromDevice (D2H): poly size=8388608 coefficients, 268435456 bytes (256.00 MiB)
		[Memory] Before CopyFromDevice (D2H):
		[Before D2H] GPU memory: used=7510 MiB / total=12227 MiB (61.4%)
		[Before D2H] CPU memory: allocated=11583 MiB, total_allocated=42664 MiB, sys=12292 MiB
		[Timing] CopyFromDevice (D2H) 耗时: 23.204109 ms
		[Memory] After CopyFromDevice (D2H):
		[After D2H] GPU memory: used=7510 MiB / total=12227 MiB (61.4%)
		[After D2H] CPU memory: allocated=11583 MiB, total_allocated=42664 MiB, sys=12292 MiB
		[Timing] INttOnDevice (restore canonical) 耗时: 164.357470 ms
		[Timing] toCosetLagrange 总耗时: 360.715933 ms (0.36 s)
		[Timing] MontConv(dev->nonMont) 耗时: 2.312481 ms
		[Timing] VecMulOnDevice 耗时: 2.740151 ms
		[Timing] MontConv(dev->Mont) 耗时: 2.251065 ms
		[Timing] NttOnDevice 耗时: 164.042228 ms
		[Memory] Before CopyFromDevice (D2H): poly size=8388608 coefficients, 268435456 bytes (256.00 MiB)
		[Memory] Before CopyFromDevice (D2H):
		[Before D2H] GPU memory: used=7510 MiB / total=12227 MiB (61.4%)
		[Before D2H] CPU memory: allocated=11583 MiB, total_allocated=42664 MiB, sys=12292 MiB
		[Timing] CopyFromDevice (D2H) 耗时: 27.607135 ms
		[Memory] After CopyFromDevice (D2H):
		[After D2H] GPU memory: used=7510 MiB / total=12227 MiB (61.4%)
		[After D2H] CPU memory: allocated=11583 MiB, total_allocated=42664 MiB, sys=12292 MiB
		[Timing] INttOnDevice (restore canonical) 耗时: 163.960412 ms
		[Timing] toCosetLagrange 总耗时: 364.061880 ms (0.36 s)
		[Timing] MontConv(dev->nonMont) 耗时: 2.426348 ms
		[Timing] VecMulOnDevice 耗时: 2.789158 ms
		[Timing] MontConv(dev->Mont) 耗时: 2.292880 ms
		[Timing] NttOnDevice 耗时: 165.224238 ms
		[Memory] Before CopyFromDevice (D2H): poly size=8388608 coefficients, 268435456 bytes (256.00 MiB)
		[Memory] Before CopyFromDevice (D2H):
		[Before D2H] GPU memory: used=7510 MiB / total=12227 MiB (61.4%)
		[Before D2H] CPU memory: allocated=11583 MiB, total_allocated=42664 MiB, sys=12292 MiB
		[Timing] CopyFromDevice (D2H) 耗时: 24.700556 ms
		[Memory] After CopyFromDevice (D2H):
		[After D2H] GPU memory: used=7510 MiB / total=12227 MiB (61.4%)
		[After D2H] CPU memory: allocated=11583 MiB, total_allocated=42664 MiB, sys=12292 MiB
		[Timing] INttOnDevice (restore canonical) 耗时: 162.402734 ms
		[Timing] toCosetLagrange 总耗时: 360.705459 ms (0.36 s)
		[Timing] MontConv(dev->nonMont) 耗时: 2.560589 ms
		[Timing] VecMulOnDevice 耗时: 2.683875 ms
		[Timing] MontConv(dev->Mont) 耗时: 2.249216 ms
		[Timing] NttOnDevice 耗时: 165.880158 ms
		[Memory] Before CopyFromDevice (D2H): poly size=8388608 coefficients, 268435456 bytes (256.00 MiB)
		[Memory] Before CopyFromDevice (D2H):
		[Before D2H] GPU memory: used=7510 MiB / total=12227 MiB (61.4%)
		[Before D2H] CPU memory: allocated=11583 MiB, total_allocated=42664 MiB, sys=12292 MiB
		[Timing] CopyFromDevice (D2H) 耗时: 30.204198 ms
		[Memory] After CopyFromDevice (D2H):
		[After D2H] GPU memory: used=7510 MiB / total=12227 MiB (61.4%)
		[After D2H] CPU memory: allocated=11583 MiB, total_allocated=42664 MiB, sys=12292 MiB
		[Timing] INttOnDevice (restore canonical) 耗时: 162.767047 ms
		[Timing] toCosetLagrange 总耗时: 367.124964 ms (0.37 s)
		[Timing] MontConv(dev->nonMont) 耗时: 2.360518 ms
		[Timing] VecMulOnDevice 耗时: 2.746342 ms
		[Timing] MontConv(dev->Mont) 耗时: 2.308599 ms
		[Timing] NttOnDevice 耗时: 164.231264 ms
		[Memory] Before CopyFromDevice (D2H): poly size=8388608 coefficients, 268435456 bytes (256.00 MiB)
		[Memory] Before CopyFromDevice (D2H):
		[Before D2H] GPU memory: used=7510 MiB / total=12227 MiB (61.4%)
		[Before D2H] CPU memory: allocated=11583 MiB, total_allocated=42664 MiB, sys=12292 MiB
		[Timing] CopyFromDevice (D2H) 耗时: 25.853601 ms
		[Memory] After CopyFromDevice (D2H):
		[After D2H] GPU memory: used=7510 MiB / total=12227 MiB (61.4%)
		[After D2H] CPU memory: allocated=11583 MiB, total_allocated=42664 MiB, sys=12292 MiB
		[Timing] INttOnDevice (restore canonical) 耗时: 165.478737 ms
		[Timing] toCosetLagrange 总耗时: 363.698401 ms (0.36 s)
		[Timing] MontConv(dev->nonMont) 耗时: 2.352256 ms
		[Timing] VecMulOnDevice 耗时: 2.724248 ms
		[Timing] MontConv(dev->Mont) 耗时: 2.256982 ms
		[Timing] NttOnDevice 耗时: 164.235672 ms
		[Memory] Before CopyFromDevice (D2H): poly size=8388608 coefficients, 268435456 bytes (256.00 MiB)
		[Memory] Before CopyFromDevice (D2H):
		[Before D2H] GPU memory: used=7510 MiB / total=12227 MiB (61.4%)
		[Before D2H] CPU memory: allocated=11583 MiB, total_allocated=42664 MiB, sys=12292 MiB
		[Timing] CopyFromDevice (D2H) 耗时: 26.494561 ms
		[Memory] After CopyFromDevice (D2H):
		[After D2H] GPU memory: used=7510 MiB / total=12227 MiB (61.4%)
		[After D2H] CPU memory: allocated=11583 MiB, total_allocated=42664 MiB, sys=12292 MiB
		[Timing] INttOnDevice (restore canonical) 耗时: 162.391550 ms
		[Timing] toCosetLagrange 总耗时: 361.264139 ms (0.36 s)
		computeNumerator() || batchApply 耗时: 5112.135992 ms
		[Memory] After batchApply (toCosetLagrange):
		[After batchApply] GPU memory: <unavailable> (err=10)
		[After batchApply] CPU memory: allocated=11583 MiB, total_allocated=42664 MiB, sys=12292 MiB
		[Memory] Processed 14 polynomials
	computeQuotient() || computeNumerator() 耗时: 29970.375363 ms
		divideByZH() || parallelize divide 耗时: 109.419341 ms
		divideByZH() || ToCanonical 耗时: 1492.715022 ms
	computeQuotient() || divideByZH() 耗时: 1602.229988 ms
		commitToQuotient() || commit h1 开始
		commitOnGPUOrCPU() || GPU 开始
		commitOnGPUOrCPU() || GPU 开始 commitMonomial
		OnDeviceCommit() || 输入验证: nScalars=8388610
		OnDeviceCommit() || host 开始
		OnDeviceCommit() || host 拷贝到 device 开始 (len=8388610)
		OnDeviceCommit() || host 拷贝到 device 成功
		OnDeviceCommit() || MSM 配置成功 (AreScalarsMontgomeryForm=true, AreBasesMontgomeryForm=false)
		[ICICLE] active device: type=CUDA id=0
		[ICICLE] memory: used=8280 MiB / total=12227 MiB (67.7%)
		[SMI] raw="Field "cuda_version" is not a valid field to query."
		[SMI] util=82% mem=8623/12227 MiB
		OnDeviceCommit() || MSM 运行开始 (scalars=8388610, 期望 bases>=8388610)
		OnDeviceCommit() || 调用 icicle_msm.Msm() 前 [16:50:28.588488]
		OnDeviceCommit() || scalarsDev 已分配，G1Device 已就绪，outHost 已分配
		OnDeviceCommit() || 开始调用 icicle_msm.Msm()，规模=8388610
		OnDeviceCommit() || 检查：当前是否在 RunOnDevice 闭包内？
		OnDeviceCommit() || 当前活动设备: type=CUDA id=0
		OnDeviceCommit() || icicle_msm.Msm() 调用返回
		OnDeviceCommit() || MSM 返回时间戳: [16:50:29.832278]
		OnDeviceCommit() || MSM 返回成功状态
		OnDeviceCommit() || 调用 icicle_msm.Msm() 后，状态=EIcicleError.Success，耗时=1243.802682 ms [16:50:29.832290]
		OnDeviceCommit() || ⚠️  MSM 耗时较长: 1.24 秒 (规模=8388610)
		OnDeviceCommit() || MSM 运行成功
		OnDeviceCommit() || 开始转换 Projective -> Affine
		OnDeviceCommit() || blsProjectiveToGnarkAffine 成功
		OnDeviceCommit() || 完成，返回结果
		commitOnGPUOrCPU() || GPU 成功
		commitToQuotient() || commit h1 耗时: 1529.150760 ms
		commitOnGPUOrCPU() || GPU 开始
		commitOnGPUOrCPU() || GPU 开始 commitMonomial
		OnDeviceCommit() || 输入验证: nScalars=8388610
		OnDeviceCommit() || host 开始
		OnDeviceCommit() || host 拷贝到 device 开始 (len=8388610)
		OnDeviceCommit() || host 拷贝到 device 成功
		OnDeviceCommit() || MSM 配置成功 (AreScalarsMontgomeryForm=true, AreBasesMontgomeryForm=false)
		[ICICLE] active device: type=CUDA id=0
		[ICICLE] memory: used=8280 MiB / total=12227 MiB (67.7%)
		[SMI] raw="Field "cuda_version" is not a valid field to query."
		[SMI] util=58% mem=8620/12227 MiB
		OnDeviceCommit() || MSM 运行开始 (scalars=8388610, 期望 bases>=8388610)
		OnDeviceCommit() || 调用 icicle_msm.Msm() 前 [16:50:30.072587]
		OnDeviceCommit() || scalarsDev 已分配，G1Device 已就绪，outHost 已分配
		OnDeviceCommit() || 开始调用 icicle_msm.Msm()，规模=8388610
		OnDeviceCommit() || 检查：当前是否在 RunOnDevice 闭包内？
		OnDeviceCommit() || 当前活动设备: type=CUDA id=0
		OnDeviceCommit() || icicle_msm.Msm() 调用返回
		OnDeviceCommit() || MSM 返回时间戳: [16:50:31.271644]
		OnDeviceCommit() || MSM 返回成功状态
		OnDeviceCommit() || 调用 icicle_msm.Msm() 后，状态=EIcicleError.Success，耗时=1199.061821 ms [16:50:31.271649]
		OnDeviceCommit() || ⚠️  MSM 耗时较长: 1.20 秒 (规模=8388610)
		OnDeviceCommit() || MSM 运行成功
		OnDeviceCommit() || 开始转换 Projective -> Affine
		OnDeviceCommit() || blsProjectiveToGnarkAffine 成功
		OnDeviceCommit() || 完成，返回结果
		commitOnGPUOrCPU() || GPU 成功
		commitToQuotient() || commit h2 耗时: 1438.843383 ms
		commitOnGPUOrCPU() || GPU 开始
		commitOnGPUOrCPU() || GPU 开始 commitMonomial
		OnDeviceCommit() || 输入验证: nScalars=8388610
		OnDeviceCommit() || host 开始
		OnDeviceCommit() || host 拷贝到 device 开始 (len=8388610)
		OnDeviceCommit() || host 拷贝到 device 成功
		OnDeviceCommit() || MSM 配置成功 (AreScalarsMontgomeryForm=true, AreBasesMontgomeryForm=false)
		[ICICLE] active device: type=CUDA id=0
		[ICICLE] memory: used=8280 MiB / total=12227 MiB (67.7%)
		[SMI] raw="Field "cuda_version" is not a valid field to query."
		[SMI] util=17% mem=8108/12227 MiB
		OnDeviceCommit() || MSM 运行开始 (scalars=8388610, 期望 bases>=8388610)
		OnDeviceCommit() || 调用 icicle_msm.Msm() 前 [16:50:31.488117]
		OnDeviceCommit() || scalarsDev 已分配，G1Device 已就绪，outHost 已分配
		OnDeviceCommit() || 开始调用 icicle_msm.Msm()，规模=8388610
		OnDeviceCommit() || 检查：当前是否在 RunOnDevice 闭包内？
		OnDeviceCommit() || 当前活动设备: type=CUDA id=0
		OnDeviceCommit() || icicle_msm.Msm() 调用返回
		OnDeviceCommit() || MSM 返回时间戳: [16:50:31.652786]
		OnDeviceCommit() || MSM 返回成功状态
		OnDeviceCommit() || 调用 icicle_msm.Msm() 后，状态=EIcicleError.Success，耗时=164.675243 ms [16:50:31.652793]
		OnDeviceCommit() || MSM 运行成功
		OnDeviceCommit() || 开始转换 Projective -> Affine
		OnDeviceCommit() || blsProjectiveToGnarkAffine 成功
		OnDeviceCommit() || 完成，返回结果
		commitOnGPUOrCPU() || GPU 成功
		commitToQuotient() || commit h3 耗时: 380.489445 ms
	computeQuotient() || commitToQuotient() 耗时: 3348.494164 ms
	computeQuotient() || deriveZeta() & clean up 耗时: 0.239256 ms
prove() -> computeQuotient 耗时: 41910.825255ms
		openZ() || wait for H to be committed and zeta to be derived 耗时: 41910.636027ms
		computeLinearizedPolynomial() || wait for H to be committed and zeta to be derived 耗时: 41910.634208ms
		openZ() || getBlindedCoefficients 耗时: 215.050031ms
		OnDeviceCommit() || 输入验证: nScalars=8388610
		OnDeviceCommit() || host 开始
		OnDeviceCommit() || host 拷贝到 device 开始 (len=8388610)
		OnDeviceCommit() || host 拷贝到 device 成功
		OnDeviceCommit() || MSM 配置成功 (AreScalarsMontgomeryForm=true, AreBasesMontgomeryForm=false)
		[ICICLE] active device: type=CUDA id=0
		[ICICLE] memory: used=7768 MiB / total=12227 MiB (63.5%)
		[SMI] raw="Field "cuda_version" is not a valid field to query."
		[SMI] util=7% mem=8108/12227 MiB
		OnDeviceCommit() || MSM 运行开始 (scalars=8388610, 期望 bases>=8388610)
		OnDeviceCommit() || 调用 icicle_msm.Msm() 前 [16:50:32.598984]
		OnDeviceCommit() || scalarsDev 已分配，G1Device 已就绪，outHost 已分配
		OnDeviceCommit() || 开始调用 icicle_msm.Msm()，规模=8388610
		OnDeviceCommit() || 检查：当前是否在 RunOnDevice 闭包内？
		OnDeviceCommit() || 当前活动设备: type=CUDA id=0
		OnDeviceCommit() || icicle_msm.Msm() 调用返回
		OnDeviceCommit() || MSM 返回时间戳: [16:50:32.769000]
		OnDeviceCommit() || MSM 返回成功状态
		OnDeviceCommit() || 调用 icicle_msm.Msm() 后，状态=EIcicleError.Success，耗时=170.155226 ms [16:50:32.769139]
		OnDeviceCommit() || MSM 运行成功
		OnDeviceCommit() || 开始转换 Projective -> Affine
		OnDeviceCommit() || blsProjectiveToGnarkAffine 成功
		OnDeviceCommit() || 完成，返回结果
		openZ() || Open 耗时: 901.417340ms
prove() -> openZ 耗时: 43027.157322ms
		computeLinearizedPolynomial() || innerComputeLinearizedPoly 耗时: 1953.497067ms
		commitOnGPUOrCPU() || GPU 开始
		commitOnGPUOrCPU() || GPU 开始 commitMonomial
		OnDeviceCommit() || 输入验证: nScalars=8388611
		OnDeviceCommit() || host 开始
		OnDeviceCommit() || host 拷贝到 device 开始 (len=8388611)
		OnDeviceCommit() || host 拷贝到 device 成功
		OnDeviceCommit() || MSM 配置成功 (AreScalarsMontgomeryForm=true, AreBasesMontgomeryForm=false)
		[ICICLE] active device: type=CUDA id=0
		[ICICLE] memory: used=7768 MiB / total=12227 MiB (63.5%)
		[SMI] raw="Field "cuda_version" is not a valid field to query."
		[SMI] util=7% mem=8108/12227 MiB
		OnDeviceCommit() || MSM 运行开始 (scalars=8388611, 期望 bases>=8388611)
		OnDeviceCommit() || 调用 icicle_msm.Msm() 前 [16:50:33.816879]
		OnDeviceCommit() || scalarsDev 已分配，G1Device 已就绪，outHost 已分配
		OnDeviceCommit() || 开始调用 icicle_msm.Msm()，规模=8388611
		OnDeviceCommit() || 检查：当前是否在 RunOnDevice 闭包内？
		OnDeviceCommit() || 当前活动设备: type=CUDA id=0
		OnDeviceCommit() || icicle_msm.Msm() 调用返回
		OnDeviceCommit() || MSM 返回时间戳: [16:50:33.982411]
		OnDeviceCommit() || MSM 返回成功状态
		OnDeviceCommit() || 调用 icicle_msm.Msm() 后，状态=EIcicleError.Success，耗时=165.538104 ms [16:50:33.982417]
		OnDeviceCommit() || MSM 运行成功
		OnDeviceCommit() || 开始转换 Projective -> Affine
		OnDeviceCommit() || blsProjectiveToGnarkAffine 成功
		OnDeviceCommit() || 完成，返回结果
		commitOnGPUOrCPU() || GPU 成功
		computeLinearizedPolynomial() || kzg.Commit 耗时: 375.710030 ms
prove() -> computeLinearizedPolynomial 耗时: 44239.900817ms
		batchOpening() || wait for linearizedPolynomial 耗时: 44237.099783ms
		batchOpening() || prepare polysToOpen and digestsToOpen 耗时: 0.064786ms
		commitOnGPUOrCPU() || GPU 开始
		commitOnGPUOrCPU() || GPU 开始 commitMonomial
		OnDeviceCommit() || 输入验证: nScalars=8388610
		OnDeviceCommit() || host 开始
		OnDeviceCommit() || host 拷贝到 device 开始 (len=8388610)
		OnDeviceCommit() || host 拷贝到 device 成功
		OnDeviceCommit() || MSM 配置成功 (AreScalarsMontgomeryForm=true, AreBasesMontgomeryForm=false)
		[ICICLE] active device: type=CUDA id=0
		[ICICLE] memory: used=7768 MiB / total=12227 MiB (63.5%)
		[SMI] raw="Field "cuda_version" is not a valid field to query."
		[SMI] util=7% mem=8108/12227 MiB
		OnDeviceCommit() || MSM 运行开始 (scalars=8388610, 期望 bases>=8388610)
		OnDeviceCommit() || 调用 icicle_msm.Msm() 前 [16:50:34.795264]
		OnDeviceCommit() || scalarsDev 已分配，G1Device 已就绪，outHost 已分配
		OnDeviceCommit() || 开始调用 icicle_msm.Msm()，规模=8388610
		OnDeviceCommit() || 检查：当前是否在 RunOnDevice 闭包内？
		OnDeviceCommit() || 当前活动设备: type=CUDA id=0
		OnDeviceCommit() || icicle_msm.Msm() 调用返回
		OnDeviceCommit() || MSM 返回时间戳: [16:50:34.961805]
		OnDeviceCommit() || MSM 返回成功状态
		OnDeviceCommit() || 调用 icicle_msm.Msm() 后，状态=EIcicleError.Success，耗时=166.547388 ms [16:50:34.961812]
		OnDeviceCommit() || MSM 运行成功
		OnDeviceCommit() || 开始转换 Projective -> Affine
		OnDeviceCommit() || blsProjectiveToGnarkAffine 成功
		OnDeviceCommit() || 完成，返回结果
		commitOnGPUOrCPU() || GPU 成功
		batchOpening() || BatchOpenSinglePoint 耗时: 979.117115ms
prove() -> batchOpening 耗时: 45216.304266ms
prove() -> prove() 总耗时: 46633.876213ms
prove outer 耗时: 51701.239240 ms
verify outer 耗时: 2.884619 ms
outer circuit verified
GPU 0: General Metrics for NVIDIA GB20x (any frequency)
Collecting data...
Generating '/tmp/nsys-report-3876.qdstrm'
[1/8] [0%                          ] mimchasher_20251118_164858.nsys-rep[1/8] [0%                          ] mimchasher_20251118_164858.nsys-rep[1/8] [0%                          ] mimchasher_20251118_164858.nsys-rep[1/8] [7%                          ] mimchasher_20251118_164858.nsys-rep[1/8] [6%                          ] mimchasher_20251118_164858.nsys-rep[1/8] [7%                          ] mimchasher_20251118_164858.nsys-rep[1/8] [6%                          ] mimchasher_20251118_164858.nsys-rep[1/8] [10%                         ] mimchasher_20251118_164858.nsys-rep[1/8] [14%                         ] mimchasher_20251118_164858.nsys-rep[1/8] [=15%                        ] mimchasher_20251118_164858.nsys-rep[1/8] [=17%                        ] mimchasher_20251118_164858.nsys-rep[1/8] [==18%                       ] mimchasher_20251118_164858.nsys-rep[1/8] [==19%                       ] mimchasher_20251118_164858.nsys-rep[1/8] [==20%                       ] mimchasher_20251118_164858.nsys-rep[1/8] [==21%                       ] mimchasher_20251118_164858.nsys-rep[1/8] [===22%                      ] mimchasher_20251118_164858.nsys-rep[1/8] [===23%                      ] mimchasher_20251118_164858.nsys-rep[1/8] [===24%                      ] mimchasher_20251118_164858.nsys-rep[1/8] [====25%                     ] mimchasher_20251118_164858.nsys-rep[1/8] [====26%                     ] mimchasher_20251118_164858.nsys-rep[1/8] [====27%                     ] mimchasher_20251118_164858.nsys-rep[1/8] [====28%                     ] mimchasher_20251118_164858.nsys-rep[1/8] [=====29%                    ] mimchasher_20251118_164858.nsys-rep[1/8] [=====30%                    ] mimchasher_20251118_164858.nsys-rep[1/8] [=====31%                    ] mimchasher_20251118_164858.nsys-rep[1/8] [=====32%                    ] mimchasher_20251118_164858.nsys-rep[1/8] [======33%                   ] mimchasher_20251118_164858.nsys-rep[1/8] [======34%                   ] mimchasher_20251118_164858.nsys-rep[1/8] [======35%                   ] mimchasher_20251118_164858.nsys-rep[1/8] [=======36%                  ] mimchasher_20251118_164858.nsys-rep[1/8] [=======37%                  ] mimchasher_20251118_164858.nsys-rep[1/8] [=======38%                  ] mimchasher_20251118_164858.nsys-rep[1/8] [=======39%                  ] mimchasher_20251118_164858.nsys-rep[1/8] [========40%                 ] mimchasher_20251118_164858.nsys-rep[1/8] [========41%                 ] mimchasher_20251118_164858.nsys-rep[1/8] [========42%                 ] mimchasher_20251118_164858.nsys-rep[1/8] [=========43%                ] mimchasher_20251118_164858.nsys-rep[1/8] [=========44%                ] mimchasher_20251118_164858.nsys-rep[1/8] [=========45%                ] mimchasher_20251118_164858.nsys-rep[1/8] [=========46%                ] mimchasher_20251118_164858.nsys-rep[1/8] [==========47%               ] mimchasher_20251118_164858.nsys-rep[1/8] [==========48%               ] mimchasher_20251118_164858.nsys-rep[1/8] [==========49%               ] mimchasher_20251118_164858.nsys-rep[1/8] [===========50%              ] mimchasher_20251118_164858.nsys-rep[1/8] [===========51%              ] mimchasher_20251118_164858.nsys-rep[1/8] [===========52%              ] mimchasher_20251118_164858.nsys-rep[1/8] [===========53%              ] mimchasher_20251118_164858.nsys-rep[1/8] [============54%             ] mimchasher_20251118_164858.nsys-rep[1/8] [============55%             ] mimchasher_20251118_164858.nsys-rep[1/8] [============56%             ] mimchasher_20251118_164858.nsys-rep[1/8] [============57%             ] mimchasher_20251118_164858.nsys-rep[1/8] [=============58%            ] mimchasher_20251118_164858.nsys-rep[1/8] [=============59%            ] mimchasher_20251118_164858.nsys-rep[1/8] [=============60%            ] mimchasher_20251118_164858.nsys-rep[1/8] [==============61%           ] mimchasher_20251118_164858.nsys-rep[1/8] [==============62%           ] mimchasher_20251118_164858.nsys-rep[1/8] [==============63%           ] mimchasher_20251118_164858.nsys-rep[1/8] [==============64%           ] mimchasher_20251118_164858.nsys-rep[1/8] [===============65%          ] mimchasher_20251118_164858.nsys-rep[1/8] [===============66%          ] mimchasher_20251118_164858.nsys-rep[1/8] [===============67%          ] mimchasher_20251118_164858.nsys-rep[1/8] [================68%         ] mimchasher_20251118_164858.nsys-rep[1/8] [========================100%] mimchasher_20251118_164858.nsys-rep[1/8] [========================100%] mimchasher_20251118_164858.nsys-rep
[2/8] [0%                          ] mimchasher_20251118_164858.sqlite[2/8] [1%                          ] mimchasher_20251118_164858.sqlite[2/8] [2%                          ] mimchasher_20251118_164858.sqlite[2/8] [3%                          ] mimchasher_20251118_164858.sqlite[2/8] [4%                          ] mimchasher_20251118_164858.sqlite[2/8] [5%                          ] mimchasher_20251118_164858.sqlite[2/8] [6%                          ] mimchasher_20251118_164858.sqlite[2/8] [7%                          ] mimchasher_20251118_164858.sqlite[2/8] [8%                          ] mimchasher_20251118_164858.sqlite[2/8] [9%                          ] mimchasher_20251118_164858.sqlite[2/8] [10%                         ] mimchasher_20251118_164858.sqlite[2/8] [11%                         ] mimchasher_20251118_164858.sqlite[2/8] [12%                         ] mimchasher_20251118_164858.sqlite[2/8] [13%                         ] mimchasher_20251118_164858.sqlite[2/8] [14%                         ] mimchasher_20251118_164858.sqlite[2/8] [=15%                        ] mimchasher_20251118_164858.sqlite[2/8] [=16%                        ] mimchasher_20251118_164858.sqlite[2/8] [=17%                        ] mimchasher_20251118_164858.sqlite[2/8] [==18%                       ] mimchasher_20251118_164858.sqlite[2/8] [==19%                       ] mimchasher_20251118_164858.sqlite[2/8] [==20%                       ] mimchasher_20251118_164858.sqlite[2/8] [==21%                       ] mimchasher_20251118_164858.sqlite[2/8] [===22%                      ] mimchasher_20251118_164858.sqlite[2/8] [===23%                      ] mimchasher_20251118_164858.sqlite[2/8] [===24%                      ] mimchasher_20251118_164858.sqlite[2/8] [====25%                     ] mimchasher_20251118_164858.sqlite[2/8] [====26%                     ] mimchasher_20251118_164858.sqlite[2/8] [====27%                     ] mimchasher_20251118_164858.sqlite[2/8] [====28%                     ] mimchasher_20251118_164858.sqlite[2/8] [=====29%                    ] mimchasher_20251118_164858.sqlite[2/8] [=====30%                    ] mimchasher_20251118_164858.sqlite[2/8] [=====31%                    ] mimchasher_20251118_164858.sqlite[2/8] [=====32%                    ] mimchasher_20251118_164858.sqlite[2/8] [======33%                   ] mimchasher_20251118_164858.sqlite[2/8] [======34%                   ] mimchasher_20251118_164858.sqlite[2/8] [======35%                   ] mimchasher_20251118_164858.sqlite[2/8] [=======36%                  ] mimchasher_20251118_164858.sqlite[2/8] [=======37%                  ] mimchasher_20251118_164858.sqlite[2/8] [=======38%                  ] mimchasher_20251118_164858.sqlite[2/8] [=======39%                  ] mimchasher_20251118_164858.sqlite[2/8] [========40%                 ] mimchasher_20251118_164858.sqlite[2/8] [========41%                 ] mimchasher_20251118_164858.sqlite[2/8] [========42%                 ] mimchasher_20251118_164858.sqlite[2/8] [=========43%                ] mimchasher_20251118_164858.sqlite[2/8] [=========44%                ] mimchasher_20251118_164858.sqlite[2/8] [=========45%                ] mimchasher_20251118_164858.sqlite[2/8] [=========46%                ] mimchasher_20251118_164858.sqlite[2/8] [==========47%               ] mimchasher_20251118_164858.sqlite[2/8] [==========48%               ] mimchasher_20251118_164858.sqlite[2/8] [==========49%               ] mimchasher_20251118_164858.sqlite[2/8] [===========50%              ] mimchasher_20251118_164858.sqlite[2/8] [===========51%              ] mimchasher_20251118_164858.sqlite[2/8] [===========52%              ] mimchasher_20251118_164858.sqlite[2/8] [===========53%              ] mimchasher_20251118_164858.sqlite[2/8] [============54%             ] mimchasher_20251118_164858.sqlite[2/8] [============55%             ] mimchasher_20251118_164858.sqlite[2/8] [============56%             ] mimchasher_20251118_164858.sqlite[2/8] [============57%             ] mimchasher_20251118_164858.sqlite[2/8] [=============58%            ] mimchasher_20251118_164858.sqlite[2/8] [=============59%            ] mimchasher_20251118_164858.sqlite[2/8] [=============60%            ] mimchasher_20251118_164858.sqlite[2/8] [==============61%           ] mimchasher_20251118_164858.sqlite[2/8] [==============62%           ] mimchasher_20251118_164858.sqlite[2/8] [==============63%           ] mimchasher_20251118_164858.sqlite[2/8] [==============64%           ] mimchasher_20251118_164858.sqlite[2/8] [===============65%          ] mimchasher_20251118_164858.sqlite[2/8] [===============66%          ] mimchasher_20251118_164858.sqlite[2/8] [===============67%          ] mimchasher_20251118_164858.sqlite[2/8] [================68%         ] mimchasher_20251118_164858.sqlite[2/8] [================69%         ] mimchasher_20251118_164858.sqlite[2/8] [================70%         ] mimchasher_20251118_164858.sqlite[2/8] [================71%         ] mimchasher_20251118_164858.sqlite[2/8] [=================72%        ] mimchasher_20251118_164858.sqlite[2/8] [=================73%        ] mimchasher_20251118_164858.sqlite[2/8] [=================74%        ] mimchasher_20251118_164858.sqlite[2/8] [==================75%       ] mimchasher_20251118_164858.sqlite[2/8] [==================76%       ] mimchasher_20251118_164858.sqlite[2/8] [==================77%       ] mimchasher_20251118_164858.sqlite[2/8] [==================78%       ] mimchasher_20251118_164858.sqlite[2/8] [===================79%      ] mimchasher_20251118_164858.sqlite[2/8] [===================80%      ] mimchasher_20251118_164858.sqlite[2/8] [===================81%      ] mimchasher_20251118_164858.sqlite[2/8] [===================82%      ] mimchasher_20251118_164858.sqlite[2/8] [====================83%     ] mimchasher_20251118_164858.sqlite[2/8] [====================84%     ] mimchasher_20251118_164858.sqlite[2/8] [====================85%     ] mimchasher_20251118_164858.sqlite[2/8] [=====================86%    ] mimchasher_20251118_164858.sqlite[2/8] [=====================87%    ] mimchasher_20251118_164858.sqlite[2/8] [=====================88%    ] mimchasher_20251118_164858.sqlite[2/8] [=====================89%    ] mimchasher_20251118_164858.sqlite[2/8] [======================90%   ] mimchasher_20251118_164858.sqlite[2/8] [======================91%   ] mimchasher_20251118_164858.sqlite[2/8] [======================92%   ] mimchasher_20251118_164858.sqlite[2/8] [=======================93%  ] mimchasher_20251118_164858.sqlite[2/8] [=======================94%  ] mimchasher_20251118_164858.sqlite[2/8] [=======================95%  ] mimchasher_20251118_164858.sqlite[2/8] [=======================96%  ] mimchasher_20251118_164858.sqlite[2/8] [========================97% ] mimchasher_20251118_164858.sqlite[2/8] [========================98% ] mimchasher_20251118_164858.sqlite[2/8] [========================99% ] mimchasher_20251118_164858.sqlite[2/8] [========================100%] mimchasher_20251118_164858.sqlite[2/8] [========================100%] mimchasher_20251118_164858.sqlite
[3/8] Executing 'nvtx_sum' stats report

 Time (%)  Total Time (ns)  Instances    Avg (ns)       Med (ns)      Min (ns)     Max (ns)     StdDev (ns)    Style                                     Range                                  
 --------  ---------------  ---------  -------------  -------------  -----------  -----------  -------------  --------  ------------------------------------------------------------------------
      7.0     261008821057          4  65252205264.3  86987547805.5     20580866  87013144580  43487752261.6  PushPop   :batchApply: toCosetLagrangeOnGPUorCPU_DEV (poly idx=7, 512 coeffs)     
      7.0     261008238495          4  65252059623.8  86987555477.0     20006577  87013120964  43488038020.8  PushPop   :batchApply: toCosetLagrangeOnGPUorCPU_DEV (poly idx=0, 512 coeffs)     
      7.0     261007673615          4  65251918403.8  86987542804.5     19468197  87013119809  43488302802.4  PushPop   :batchApply: toCosetLagrangeOnGPUorCPU_DEV (poly idx=1, 512 coeffs)     
      7.0     261006986345          4  65251746586.3  86987533789.5     18799837  87013118929  43488633830.5  PushPop   :batchApply: toCosetLagrangeOnGPUorCPU_DEV (poly idx=2, 512 coeffs)     
      4.7     174037503443          4  43509375860.8  43504200365.0     16009688  87013093025  50212449187.1  PushPop   :batchApply: toCosetLagrangeOnGPUorCPU_DEV (poly idx=10, 512 coeffs)    
      4.7     174018116562          4  43504529140.5  43500519983.0     18168114  86998908482  50209848540.6  PushPop   :batchApply: toCosetLagrangeOnGPUorCPU_DEV (poly idx=3, 512 coeffs)     
      4.7     174016650933          4  43504162733.3  43500091295.0     17560550  86998907793  50210270567.6  PushPop   :batchApply: toCosetLagrangeOnGPUorCPU_DEV (poly idx=5, 512 coeffs)     
      4.7     174015154051          4  43503788512.8  43499740008.5     16767579  86998906455  50210701301.1  PushPop   :batchApply: toCosetLagrangeOnGPUorCPU_DEV (poly idx=6, 512 coeffs)     
      4.7     174010711183          4  43502677795.8  43498310075.5     15180389  86998910643  50211985838.6  PushPop   :batchApply: toCosetLagrangeOnGPUorCPU_DEV (poly idx=8, 512 coeffs)     
      4.7     174010202217          4  43502550554.3  43498684904.0     13947249  86998885160  50212114801.5  PushPop   :batchApply: toCosetLagrangeOnGPUorCPU_DEV (poly idx=13, 512 coeffs)    
      3.1     116606867787          2  58303433893.5  58303433893.5  27170858580  89436009207  44028110240.0  PushPop   :prove: openZ                                                           
      3.1     114389639498          2  57194819749.0  57194819749.0  24953608843  89436030655  45595957730.6  PushPop   :prove: batchOpening                                                    
      2.8     104154179868          4  26038544967.0  24042629585.0      4751539  56064169159  30227926602.7  PushPop   :batchApply: toCosetLagrangeOnGPUorCPU_DEV (poly idx=12, 512 coeffs)    
      2.7      99324726994          4  24831181748.5  24787104858.5  15014505010  34736012267   8476464920.1  PushPop   :batchApply: toCosetLagrangeOnGPUorCPU_DEV (poly idx=0, 8388608 coeffs) 
      2.7      99324711938          4  24831177984.5  24787103076.5  15014503422  34736002363   8476461600.5  PushPop   :batchApply: toCosetLagrangeOnGPUorCPU_DEV (poly idx=1, 8388608 coeffs) 
      2.7      99324693555          4  24831173388.8  24787100504.0  15014501165  34735991382   8476458235.4  PushPop   :batchApply: toCosetLagrangeOnGPUorCPU_DEV (poly idx=3, 8388608 coeffs) 
      2.7      99324692995          4  24831173248.8  24787099376.0  15014500157  34735994086   8476459729.9  PushPop   :batchApply: toCosetLagrangeOnGPUorCPU_DEV (poly idx=5, 8388608 coeffs) 
      2.7      99324564299          4  24831141074.8  24787097912.5  15014492901  34735875573   8476416388.1  PushPop   :batchApply: toCosetLagrangeOnGPUorCPU_DEV (poly idx=6, 8388608 coeffs) 
      2.5      93773207915          2  46886603957.5  46886603957.5   4337202704  89436005211  60173940323.6  PushPop   :prove: deriveGammaAndBeta                                              
      2.4      88355044068          4  22088761017.0  24787091910.5   4044738912  34736121335  13180530012.6  PushPop   :batchApply: toCosetLagrangeOnGPUorCPU_DEV (poly idx=10, 8388608 coeffs)
      1.8      67637895513          4  16909473878.3  18277738828.0   3049189763  28033228094  10659692125.9  PushPop   :batchApply: toCosetLagrangeOnGPUorCPU_DEV (poly idx=2, 8388608 coeffs) 
      1.7      64958947424          4  16239736856.0  18277761545.5    370167102  28033257231  11839693082.3  PushPop   :batchApply: toCosetLagrangeOnGPUorCPU_DEV (poly idx=7, 8388608 coeffs) 
      1.7      62187924911          4  15546981227.8  12610973585.5   2229836153  34736141587  15516654939.3  PushPop   :batchApply: toCosetLagrangeOnGPUorCPU_DEV (poly idx=8, 8388608 coeffs) 
      1.6      61459181372          4  15364795343.0  12427354651.0   1868333838  34736138232  15713857225.4  PushPop   :batchApply: toCosetLagrangeOnGPUorCPU_DEV (poly idx=9, 8388608 coeffs) 
      1.6      61458793502          4  15364698375.5  12977928074.5    766826462  34736110891  14236544096.8  PushPop   :batchApply: toCosetLagrangeOnGPUorCPU_DEV (poly idx=13, 8388608 coeffs)
      1.4      50862085942          4  12715521485.5   7311247651.5   1503476765  34736113874  15352197710.5  PushPop   :batchApply: toCosetLagrangeOnGPUorCPU_DEV (poly idx=12, 8388608 coeffs)
      1.3      49760776752          4  12440194188.0   6945963572.5   1132731122  34736118485  15528449087.4  PushPop   :batchApply: toCosetLagrangeOnGPUorCPU_DEV (poly idx=11, 8388608 coeffs)
      1.1      40653981508          4  10163495377.0   2774784830.5    368064584  34736347263  16537683664.0  PushPop   :batchApply: toCosetLagrangeOnGPUorCPU_DEV (poly idx=14, 8388608 coeffs)
      0.8      29957996513          2  14978998256.5  14978998256.5   2419816609  27538179904  17761365018.2  PushPop   :prove: buildRatioCopyConstraint                                        
      0.8      28672949511          2  14336474755.5  14336474755.5   1872445626  26800503885  17626799036.8  PushPop   :prove: computeLinearizedPolynomial                                     
      0.8      28301556449          2  14150778224.5  14150778224.5   1872217918  26429338531  17364506511.9  PushPop   :prove: solveConstraints                                                
      0.6      20808621645         56    371582529.4    369895315.0    361125562    409192687      8917763.5  PushPop   :toCosetLagrange: poly[8388608] (GPU)                                   
      0.4      16317527385          2   8158763692.5   8158763692.5   1872242018  14445285367   8890484212.2  PushPop   :prove: completeQk                                                      
      0.3       9395058148         56    167768895.5    166272122.0    163437274    184821933      4099589.2  PushPop   :NttOnDevice: poly[8388608 coeffs]                                      
      0.2       9343170352         56    166842327.7    164674939.0    163379044    183142873      4583033.6  PushPop   :INttOnDevice: poly[8388608 coeffs] (restore canonical)                 
      0.2       8202210332         20    410110516.6    252233094.0    180047877   1541949603    405213509.0  StartEnd  :kzg.Commit GPU                                                         
      0.2       8197842806         20    409892140.3    252067724.5    179997394   1541463527    405046245.8  StartEnd  :kzg.Commit::OnDevice                                                   
      0.2       6763141348          2   3381570674.0   3381570674.0   2425757623   4337383725   1351723779.8  PushPop   :prove: computeQuotient                                                 
      0.1       3846602537         38    101226382.6      6056278.0      4616229   1254285094    274278497.6  PushPop   :BLS12-381: OnDeviceCommit.MSM                                          
      0.0       1726314614          4    431578653.5    292193050.0     13315198   1128613316    530919915.1  PushPop   :batchApply: toCosetLagrangeOnGPUorCPU_DEV (poly idx=11, 512 coeffs)    
      0.0       1717503994          4    429375998.5    379893939.5     14568088    943148027    483155538.8  PushPop   :batchApply: toCosetLagrangeOnGPUorCPU_DEV (poly idx=9, 512 coeffs)     
      0.0       1587396768         56     28346370.9     27930431.0     23303917     35541409      2842491.5  PushPop   :CopyFromDevice: D2H (poly, 8388608 coeffs)                             
      0.0       1154366592          2    577183296.0    577183296.0     15219021   1139147571    794737499.3  PushPop   :NTT: InitDomain                                                        
      0.0        224874237        183      1228821.0        77092.0         7158     46816118      6455617.4  PushPop   CCCL:cub::DeviceRadixSort                                               
      0.0        185982756          2     92991378.0     92991378.0      2445538    183537218    128051154.9  PushPop   :CopyToDevice: G1                                                       
      0.0        170908222          2     85454111.0     85454111.0       125358    170782864    120673079.8  PushPop   :INttOnDevice: poly[5]                                                  
      0.0        170591213          2     85295606.5     85295606.5       103934    170487279    120479218.7  PushPop   :INttOnDevice: poly[3]                                                  
      0.0        167071032          2     83535516.0     83535516.0       401973    166669059    117568584.0  PushPop   :INttOnDevice: poly[0]                                                  
      0.0        166800288          2     83400144.0     83400144.0        85002    166715286    117825403.8  PushPop   :INttOnDevice: poly[11]                                                 
      0.0        166097534          2     83048767.0     83048767.0        84092    166013442    117329768.6  PushPop   :INttOnDevice: poly[12]                                                 
      0.0        165675880          2     82837940.0     82837940.0        82668    165593212    117033628.0  PushPop   :INttOnDevice: poly[13]                                                 
      0.0        165009921          2     82504960.5     82504960.5       140318    164869603    116481194.5  PushPop   :INttOnDevice: poly[14]                                                 
      0.0        164712704          2     82356352.0     82356352.0       123373    164589331    116294994.2  PushPop   :INttOnDevice: poly[1]                                                  
      0.0        163587912          2     81793956.0     81793956.0        85882    163502030    115552666.4  PushPop   :INttOnDevice: poly[6]                                                  
      0.0        163544937          2     81772468.5     81772468.5       101456    163443481    115500253.5  PushPop   :INttOnDevice: poly[2]                                                  
      0.0        162985764          2     81492882.0     81492882.0        77704    162908060    115138448.9  PushPop   :INttOnDevice: poly[8]                                                  
      0.0        162709143          2     81354571.5     81354571.5        60931    162648212    114966568.9  PushPop   :INttOnDevice: poly[7]                                                  
      0.0        162329791          2     81164895.5     81164895.5        70542    162259249    114684734.6  PushPop   :INttOnDevice: poly[10]                                                 
      0.0        162037947          2     81018973.5     81018973.5        71895    161966052    114476456.2  PushPop   :INttOnDevice: poly[9]                                                  
      0.0        157884298         56      2819362.5      2770672.5      2641882      3336627       140364.7  PushPop   :VecMulOnDevice: poly[8388608 coeffs]                                   
      0.0        137960272         56      2463576.3      2422449.0      2255444      3189512       165897.6  PushPop   :MontConv: dev->nonMont (poly[8388608 coeffs])                          
      0.0        134531569         56      2402349.4      2350101.5      2225579      2952139       166924.0  PushPop   :MontConv: dev->Mont (poly[8388608 coeffs])                             
      0.0         73745380          2     36872690.0     36872690.0        17852     73727528     52120611.7  PushPop   :CopyToDevice: poly[6]                                                  
      0.0         64695133          2     32347566.5     32347566.5        14036     64681097     45726517.4  PushPop   :CopyToDevice: poly[12]                                                 
      0.0         60963498          2     30481749.0     30481749.0        14555     60948943     43087119.0  PushPop   :CopyToDevice: poly[9]                                                  
      0.0         59503718          2     29751859.0     29751859.0        31686     59472032     42030671.7  PushPop   :CopyToDevice: poly[5]                                                  
      0.0         55860271          2     27930135.5     27930135.5        18267     55842004     39473343.0  PushPop   :CopyToDevice: poly[10]                                                 
      0.0         53808631          2     26904315.5     26904315.5        14854     53793777     38027441.1  PushPop   :CopyToDevice: poly[11]                                                 
      0.0         43819012          2     21909506.0     21909506.0        21101     43797911     30954879.2  PushPop   :CopyToDevice: poly[7]                                                  
      0.0         42940169         56       766788.7       696858.0       507969      2173217       287063.0  PushPop   :toCosetLagrange: poly[512] (GPU)                                       
      0.0         40475682          2     20237841.0     20237841.0        14312     40461370     28600389.0  PushPop   :CopyToDevice: poly[8]                                                  
      0.0         38004528          2     19002264.0     19002264.0        15401     37989127     26851479.2  PushPop   :CopyToDevice: poly[14]                                                 
      0.0         35511051          2     17755525.5     17755525.5        43062     35467989     25049206.1  PushPop   :CopyToDevice: cosetTable                                               
      0.0         34354522          2     17177261.0     17177261.0        18038     34336484     24266805.9  PushPop   :CopyToDevice: poly[13]                                                 
      0.0         33373820          2     16686910.0     16686910.0        27466     33346354     23560011.6  PushPop   :CopyToDevice: poly[3]                                                  
      0.0         32588047          2     16294023.5     16294023.5        22267     32565780     23011738.7  PushPop   :CopyToDevice: BigTwiddlesN                                             
      0.0         31939262          2     15969631.0     15969631.0        38662     31900600     22529792.4  PushPop   :CopyToDevice: poly[0]                                                  
      0.0         30501023          2     15250511.5     15250511.5        24933     30476090     21532219.6  PushPop   :CopyToDevice: poly[2]                                                  
      0.0         29626099          2     14813049.5     14813049.5        43172     29582927     20887761.1  PushPop   :CopyToDevice: BigTwiddlesNRev                                          
      0.0         28952000          2     14476000.0     14476000.0        39760     28912240     20415926.4  PushPop   :CopyToDevice: cosetTableRev                                            
      0.0         27276062          2     13638031.0     13638031.0        23474     27252588     19253891.2  PushPop   :CopyToDevice: poly[1]                                                  
      0.0          6703049         56       119697.3       100008.5        77298       426959        53048.6  PushPop   :INttOnDevice: poly[512 coeffs] (restore canonical)                     
      0.0          4563116          4      1140779.0       892721.0       813911      1963763       549913.2  PushPop   :batchApply: toCosetLagrangeOnGPUorCPU_DEV (poly idx=14, 512 coeffs)    
      0.0          4353390         56        77739.1        52035.0        38991       370554        67337.8  PushPop   :MontConv: dev->nonMont (poly[512 coeffs])                              
      0.0          4253706         56        75959.0        64081.5        48149       164716        28348.7  PushPop   :CopyFromDevice: D2H (poly, 512 coeffs)                                 
      0.0          4064627         56        72582.6        64463.0        52126       191404        22006.7  PushPop   :NttOnDevice: poly[512 coeffs]                                          
      0.0          4058356         56        72470.6        52844.5        37067       497372        67018.2  PushPop   :VecMulOnDevice: poly[512 coeffs]                                       
      0.0          3627911         56        64784.1        44252.5        33695       661562        83983.2  PushPop   :MontConv: dev->Mont (poly[512 coeffs])                                 
      0.0          3291559          2      1645779.5      1645779.5       543571      2747988      1558758.2  PushPop   :MontConv: cosetTable                                                   
      0.0          2445088          2      1222544.0      1222544.0        63481      2381607      1639162.6  PushPop   :MontConv: BigTwiddlesN                                                 
      0.0          2431056          2      1215528.0      1215528.0        32305      2398751      1673330.0  PushPop   :MontConv: cosetTableRev                                                
      0.0          2324678          2      1162339.0      1162339.0        46499      2278179      1578036.1  PushPop   :MontConv: BigTwiddlesNRev                                              
      0.0          1998456         61        32761.6        22233.0        13846       254747        34194.2  PushPop   CCCL:cub::DeviceScan::ExclusiveSum                                      
      0.0          1957621         61        32092.1        24038.0        13952        89344        16949.4  PushPop   CCCL:cub::DeviceRunLengthEncode::Encode                                 
      0.0           927915          2       463957.5       463957.5        64763       863152       564546.3  PushPop   :NTT: ReleaseDomain                                                     
      0.0           570665         13        43897.3        30984.0        18652       112162        29485.0  PushPop   CCCL:cub::DeviceScan::InclusiveSum                                      
      0.0            76182          2        38091.0        38091.0        25804        50378        17376.4  PushPop   :prove: initBlindingPolynomials                                         

[4/8] Executing 'osrt_sum' stats report

 Time (%)  Total Time (ns)  Num Calls    Avg (ns)     Med (ns)    Min (ns)   Max (ns)     StdDev (ns)            Name         
 --------  ---------------  ---------  ------------  -----------  --------  -----------  -------------  ----------------------
     82.1      44775222816         13  3444247908.9  185830134.0    200872  41404326943  11407577871.0  sem_wait              
      9.8       5353442938        106    50504178.7   56243734.5      1003    102046218     47404864.6  poll                  
      4.1       2236654365        108    20709762.6   26145246.0      1023     43107848     14073349.7  read                  
      1.7        953116772         95    10032808.1    1072096.0    829568    162390112     25202401.4  waitpid               
      1.1        610311639       5638      108249.7      35735.5      1000     13420200       657011.9  ioctl                 
      0.7        393383577         76     5176099.7    5173787.5   5035859      5337359        55339.1  nanosleep             
      0.2         89693792        553      162194.9       2099.0      1001      1367159       307301.4  stat                  
      0.1         58040189        236      245933.0       2415.0      1018     40019420      2620989.7  fread                 
      0.0         11SKIPPED: /home/jinjin/jinjin/code/eonark-gpu/scripts/../logs/gpu-5070/profiles//mimchasher_20251118_164858.sqlite does not contain CUDA kernel data.
SKIPPED: /home/jinjin/jinjin/code/eonark-gpu/scripts/../logs/gpu-5070/profiles//mimchasher_20251118_164858.sqlite does not contain GPU memory data.
SKIPPED: /home/jinjin/jinjin/code/eonark-gpu/scripts/../logs/gpu-5070/profiles//mimchasher_20251118_164858.sqlite does not contain GPU memory data.
514600         62      185719.4       1368.5      1004     11406663      1448423.3  open                  
      0.0         11125742         77      144490.2     123117.0    108569       513435        65703.7  posix_spawn           
      0.0          7916753         75      105556.7     106377.0     23464       280105        39938.6  pthread_cond_wait     
      0.0          7612028         89       85528.4       1240.0       990      3883638       479539.9  fwrite                
      0.0          7303217         97       75290.9      70646.0     39699       162288        21028.9  pthread_create        
      0.0          6027557        935        6446.6       2953.0       996      1292911        44645.6  fopen                 
      0.0          4013565        744        5394.6       3495.5      1427       627173        23352.2  mprotect              
      0.0          2680852        248       10809.9       1585.0       994       598201        40908.2  fclose                
      0.0          1891284         76       24885.3      23156.5     22255        74925         7780.4  fgets                 
      0.0          1467168        231        6351.4       5316.0      1001        32468         4906.6  mmap                  
      0.0          1418245        115       12332.6      11780.0      2353        34329         3047.5  fflush                
      0.0          1025454         80       12818.2      13251.5      1128        20348         3469.9  pthread_cond_broadcast
      0.0           833074        172        4843.5       3950.0      1062        57657         5940.7  pipe2                 
      0.0           558730          1      558730.0     558730.0    558730       558730            0.0  pthread_join          
      0.0           489203        255        1918.4       1315.0      1000        15303         2205.5  fopen64               
      0.0           284863         33        8632.2       8981.0      1006        15864         4755.8  write                 
      0.0           273229         76        3595.1       3410.5      2695        13893         1313.1  fwrite_unlocked       
      0.0           241064          2      120532.0     120532.0     74398       166666        65243.3  pthread_mutex_lock    
      0.0           172956          3       57652.0      62222.0     43278        67456        12720.4  sem_timedwait         
      0.0           148163          6       24693.8      24906.0     19720        29453         4194.2  munmap                
      0.0            30843         26        1186.3       1112.5      1001         1668          214.3  fstat                 
      0.0            29454         23        1280.6       1219.0      1001         1818          237.0  fcntl                 
      0.0            19039          7        2719.9       2694.0      1064         4355         1310.0  lstat                 
      0.0            16836          4        4209.0       3726.5      3584         5799         1062.5  getc                  
      0.0            14153          1       14153.0      14153.0     14153        14153            0.0  fputs                 
      0.0            13202          2        6601.0       6601.0      1283        11919         7520.8  putc                  
      0.0            11906          1       11906.0      11906.0     11906        11906            0.0  pthread_rwlock_wrlock 
      0.0             1657          1        1657.0       1657.0      1657         1657            0.0  signal                

[5/8] Executing 'cuda_api_sum' stats report

 Time (%)  Total Time (ns)  Num Calls  Avg (ns)  Med (ns)  Min (ns)  Max (ns)  StdDev (ns)           Name         
 --------  ---------------  ---------  --------  --------  --------  --------  -----------  ----------------------
    100.0             1568          1    1568.0    1568.0      1568      1568          0.0  cuModuleGetLoadingMode

[6/8] Executing 'cuda_gpu_kern_sum' stats report
[7/8] Executing 'cuda_gpu_mem_time_sum' stats report
[8/8] Executing 'cuda_gpu_mem_size_sum' stats report
Generated:
    /home/jinjin/jinjin/code/eonark-gpu/scripts/../logs/gpu-5070/profiles//mimchasher_20251118_164858.nsys-rep
    /home/jinjin/jinjin/code/eonark-gpu/scripts/../logs/gpu-5070/profiles//mimchasher_20251118_164858.sqlite
